{
  "DataflowDataCacheGenerator": {
    "IsEnable": false,
    "StartTime": "00:00:00",
    "Days": [ 0, 1, 2, 3, 4, 5, 6 ], //(0 = Sunday, 1=Monday, 2=Tuesday, 3=Wednesday, 4= Thursday, 5=Friday and 6 = Saturday)
    "EnableMultiGenerator": true,
    "DataflowsRefresh": [
	  {
		"Id": "Agency+Id+Version",
		"Dimensions": [ "DimensionId" ],
		"NodeCode": "NodeId",
		"GruopByNumber": {
			"GroupSize": 20
		}
	  },
      {
		"Id": "Agency+Id+Version",
		"Dimensions": [ "DimensionId" ],
		"NodeCode": "NodeId",
		"GruopByNumber": {
			"GroupSize": 20
		}
	  }
    ]
  }
}