{
  "DataflowDataCacheGenerator": {
    "IsEnable": false,
    "StartTime": "13:22:00",
    "Days": [ 0, 1, 2, 3, 4, 5, 6 ],
    "EnableMultiGenerator": true,
    "DataflowsRefresh": [
      {
        "Id": "IT1+DF_RESPOP_CENS+1.0",
        "Dimensions": [ "COMUNE" ],
        "NodeCode": "JOBCONTAINER",
        "GruopByNumber": {
          "GroupSize": 20,
          "ExceptionValues": [ "MILANO", "ROMA", "TORINO" ]
        },
        "ObservationMax": 0
      },
      {
        "Id": "IT1+145_361+1.3",
        "Dimensions": [ "ITTER107" ],
        "NodeCode": "ISTAT_REST",
        "GruopByNumber": {
          "GroupSize": 19
        },
        "ObservationMax": 0
      }
    ]
  },

  "NodeDataflowDataCacheGenerator": {
    "IsEnable": false,
    "StartTime": "13:40:00",
    "Days": [ 0, 1, 2, 3, 4, 5, 6 ],
    "NodeIds": [ "ASC" ]
  }
}
