﻿<SettingRoot xmlns:xsi="http://www.w3.org/2001/XMLSchema-instance" xmlns:xsd="http://www.w3.org/2001/XMLSchema" Version="1.0">
    <CodeList>
        <SourceFile><![CDATA[C:\TRAINING_Excel2Csv_20220203\Codelist_ID_embedded_with_NAME\Consumer prices index (base 2015=100) - monthly data.xlsx]]></SourceFile>
        <DestinationFile><![CDATA[C:\TRAINING_Excel2Csv_20220203\Codelist_ID_embedded_with_NAME\CL_COICOP[en].csv]]></DestinationFile>
        <FirstColumn>B</FirstColumn>
        <FirstRow>6</FirstRow>
        <LastColumn>AC</LastColumn>
        <LastRow>6</LastRow>
        <SheetNumber>0</SheetNumber>
        <OutputEncoding>Unicode (UTF-8)</OutputEncoding>
        <WriteHeader>True</WriteHeader>
        <FieldSeparator><![CDATA[;]]></FieldSeparator>
        <DimensionsAsCodeDescription>True</DimensionsAsCodeDescription>
        <Direction>0</Direction>
        <DimensionExpressionIndex>0</DimensionExpressionIndex>
        <DimensionExpressions>
            <DimensionExpression>
                <ExpressionString><![CDATA[[code]description]]></ExpressionString>
                <Code>
                    <Start>1</Start>
                    <End>5</End>
                </Code>
                <Description>
                    <Start>6</Start>
                    <End>17</End>
                </Description>
                <TrimParts>False</TrimParts>
            </DimensionExpression>
        </DimensionExpressions>
        <Field>
            <Priority>1</Priority>
            <Type>Row</Type>
            <Label>6</Label>
            <Dimension>ID</Dimension>
            <Sample></Sample>
            <IsCodeList>True</IsCodeList>
            <IsTimeSeries>False</IsTimeSeries>
            <Hidden>False</Hidden>
        </Field>
        <Field>
            <Priority></Priority>
            <Type>Embedded</Type>
            <Label></Label>
            <Dimension>NAME</Dimension>
            <Sample></Sample>
            <IsCodeList>False</IsCodeList>
            <IsTimeSeries>False</IsTimeSeries>
            <Hidden>False</Hidden>
        </Field>
        <Field>
            <Priority></Priority>
            <Type>Value</Type>
            <Label></Label>
            <Dimension></Dimension>
            <Sample></Sample>
            <IsCodeList>False</IsCodeList>
            <IsTimeSeries>False</IsTimeSeries>
            <Hidden>False</Hidden>
        </Field>
    </CodeList>
</SettingRoot>