﻿{
  "datastructure": {
    "allowSdmx21CrossSectional": "true"
  },
  "categorisation": {
    "createStubCategory": "true"
  },
  "enableReleaseManagement": "false",
  "applyContentConstraintsOnDataQueries": "false",
  "autoDeleteMappingSets": "false",
  "disseminationDbConnection": {
    "dbType": "SqlServer",
    "connectionString": ""
  },
  "enableResponseCompression": "false",
  "defaultCultureInfo": "",
  "useCultureSpecificColumnAndDecimalSeparators": "false",
  "useIntentionallyMissingMeasures": "false",
  "useHierarchicalCodelists": "false" 
}
