﻿{
  "Serilog": {
    "Using": [
      "Serilog.Sinks.Async",
      "Serilog.Sinks.File",
      "Serilog.Expressions"
    ],
    "MinimumLevel": {
      "Default": "Error",
      "Override": {
        "Microsoft": "Error",
        "System": "Error",
        "Microsoft.EntityFrameworkCore.Database": "Error",
        "Microsoft.AspNetCore": "Error"
      }
    },
    "WriteTo": [
      {
        "Name": "File",
        "Args": {
          "restrictedToMinimumLevel": "Error",
          "path": "DataBrowser.Error.log",
          "formatter": "Serilog.Formatting.Compact.CompactJsonFormatter, Serilog.Formatting.Compact",
          "outputTemplate": "[{Timestamp:HH:mm:ss.fff} {Application} {Level:u3}][{RequestId}]: {Message:lj}  {SourceContext} {NewLine}{Exception}",
          "fileSizeLimitBytes": 4000000,
          "buffered": false,
          "rollingInterval": "Day",
          "shared": false,
          "retainedFileCountLimit": 31,
          "rollOnFileSizeLimit": true
        }
      },
      {
        "Name": "Logger",
        "Args": {
          "configureLogger": {
            "Filter": [
              {
                "Name": "ByIncludingOnly",
                "Args": {
                  "expression": "RequestId is not null and Length(RequestId) > 0"
                }
              }
            ],
            "WriteTo": [
              {
                "Name": "File",
                "Args": {
                  "path": "DataBrowser.log",
                  "formatter": "Serilog.Formatting.Compact.CompactJsonFormatter, Serilog.Formatting.Compact",
                  "outputTemplate": "[{Timestamp:HH:mm:ss.fff} {Application} {Level:u3}][{RequestId}]: {Message:lj}  {SourceContext} {NewLine}{Exception}",
                  "fileSizeLimitBytes": 4000000,
                  "buffered": false,
                  "rollingInterval": "Day",
                  "shared": false,
                  "retainedFileCountLimit": 31,
                  "rollOnFileSizeLimit": true
                }
              }
            ]
          }
        }
      },
      {
        "Name": "Logger",
        "Args": {
          "configureLogger": {
            "Filter": [
              {
                "Name": "ByIncludingOnly",
                "Args": {
                  "expression": "RequestId is null or Length(RequestId) <= 0"
                }
              }
            ],
            "WriteTo": [
              {
                "Name": "File",
                "Args": {
                  "path": "DataBrowser.Worker.log",
                  "formatter": "Serilog.Formatting.Compact.CompactJsonFormatter, Serilog.Formatting.Compact",
                  "outputTemplate": "[{Timestamp:HH:mm:ss.fff} {Application} {Level:u3}][{RequestId}]: {Message:lj}  {SourceContext} {NewLine}{Exception}",
                  "fileSizeLimitBytes": 4000000,
                  "buffered": false,
                  "rollingInterval": "Day",
                  "shared": false,
                  "retainedFileCountLimit": 31,
                  "rollOnFileSizeLimit": true
                }
              }
            ]
          }
        }
      },
      {
        "Name": "Console",
        "Args": {
          "theme": "Serilog.Sinks.SystemConsole.Themes.AnsiConsoleTheme::Code, Serilog.Sinks.Console",
          "outputTemplate": "[{Timestamp:HH:mm:ss.fff} {Application} {Level:u3}][{RequestId}]: {Message:lj}  {SourceContext} {NewLine}{Exception}",
          "restrictedToMinimumLevel": "Debug" //Information
        }
      }
    ],
    "Enrich": [ "FromLogContext", "WithMachineName" ],
    "Destructure": [
      {
        "Name": "ToMaximumDepth",
        "Args": { "maximumDestructuringDepth": 4 }
      },
      {
        "Name": "ToMaximumStringLength",
        "Args": { "maximumStringLength": 100 }
      },
      {
        "Name": "ToMaximumCollectionCount",
        "Args": { "maximumCollectionCount": 10 }
      }
    ]
  }
}