<?xml version="1.0"?>
<MappingDialogPreferences xmlns:xsd="http://www.w3.org/2001/XMLSchema" xmlns:xsi="http://www.w3.org/2001/XMLSchema-instance">
  <FieldSeparator>59</FieldSeparator>
  <FieldDelimiter xsi:nil="true" />
  <DecimalSeparator>46</DecimalSeparator>
  <HasHeader>true</HasHeader>
  <CsvFilename>C:\TRAINING_Excel2Csv_20220203\Time-in_columns_with_attributes\IND_TURN_E_SHEET1.csv</CsvFilename>
  <DsdFilename>C:\TRAINING_Excel2Csv_20220203\Time-in_columns_with_attributes\DSD_STS+IT1+1.0.xml</DsdFilename>
  <SdmxFilename>C:\TRAINING_Excel2Csv_20220203\Time-in_columns_with_attributes\IND_TURN_E_SHEET1(sdmx).xml</SdmxFilename>
  <Mapping>
    <ArrayOfString>
      <string>FREQ</string>
      <string>FREQ</string>
    </ArrayOfString>
    <ArrayOfString>
      <string>REF_AREA</string>
      <string>REF_AREA</string>
    </ArrayOfString>
    <ArrayOfString>
      <string>INDICATOR</string>
      <string>INDICATOR</string>
    </ArrayOfString>
    <ArrayOfString>
      <string>MARKET</string>
      <string>MARKET</string>
    </ArrayOfString>
    <ArrayOfString>
      <string>ACTIVITY</string>
      <string>ACTIVITY</string>
    </ArrayOfString>
    <ArrayOfString>
      <string>ADJUSTMENT</string>
      <string>ADJUSTMENT</string>
    </ArrayOfString>
    <ArrayOfString>
      <string>TIME_PERIOD</string>
      <string>TIME_PERIOD</string>
    </ArrayOfString>
    <ArrayOfString>
      <string>OBS_STATUS</string>
      <string>OBS_STATUS</string>
    </ArrayOfString>
    <ArrayOfString>
      <string>OBS_VALUE</string>
      <string>OBS_VALUE</string>
    </ArrayOfString>
  </Mapping>
  <DataEnumType>Compact21</DataEnumType>
  <SenderOrgId>IT1</SenderOrgId>
  <SenderOrgName>Istat</SenderOrgName>
  <SenderName>Francesco</SenderName>
  <SenderEmail>Rizzo</SenderEmail>
  <SenderDepartment>DCIT</SenderDepartment>
  <SenderRole />
  <ReceiverOrgId>ESTAT</ReceiverOrgId>
  <ReceiverOrgName>Eurostat</ReceiverOrgName>
  <ReceiverName />
  <ReceiverEmail />
  <ReceiverDepartment />
  <ReceiverRole />
  <Transmission />
  <AgencyId />
  <Source />
  <IsTest>false</IsTest>
</MappingDialogPreferences>