﻿FREQ;REF_AREA;BASE_PER;INDICATOR;MARKET;ATECO;ADJ;SOURCE;TIME_PERIOD;VALUE
M;IT;2015;TURN;E;MIG.0040;Neither seasonally or working day adjusted;ISTAT;2018-03;120.3
M;IT;2015;TURN;E;MIG.0050;Neither seasonally or working day adjusted;ISTAT;2018-03;119.8
M;IT;2015;TURN;E;MIG.0080;Neither seasonally or working day adjusted;ISTAT;2018-03;115.4
M;IT;2015;TURN;E;MIG.0090;Neither seasonally or working day adjusted;ISTAT;2018-03;97.5
M;IT;2015;TURN;E;B;Neither seasonally or working day adjusted;ISTAT;2018-03;47.1
M;IT;2015;TURN;E;C;Neither seasonally or working day adjusted;ISTAT;2018-03;118.3
M;IT;2015;TURN;E;MIG.0040;Working day adjusted, not seasonally adjusted;ISTAT;2018-03;120.5
M;IT;2015;TURN;E;MIG.0050;Working day adjusted, not seasonally adjusted;ISTAT;2018-03;120.2
M;IT;2015;TURN;E;MIG.0080;Working day adjusted, not seasonally adjusted;ISTAT;2018-03;115.7
M;IT;2015;TURN;E;MIG.0090;Working day adjusted, not seasonally adjusted;ISTAT;2018-03;97.6
M;IT;2015;TURN;E;MIG.0040;Working day and seasonally adjusted;ISTAT;2018-03;109.7
M;IT;2015;TURN;E;MIG.0050;Working day and seasonally adjusted;ISTAT;2018-03;108.0
M;IT;2015;TURN;E;MIG.0080;Working day and seasonally adjusted;ISTAT;2018-03;110.6
M;IT;2015;TURN;E;MIG.0090;Working day and seasonally adjusted;ISTAT;2018-03;97.2
M;IT;2015;TURN;E;MIG.0040;Neither seasonally or working day adjusted;ISTAT;2018-04;109.9
M;IT;2015;TURN;E;MIG.0050;Neither seasonally or working day adjusted;ISTAT;2018-04;104.0
M;IT;2015;TURN;E;MIG.0080;Neither seasonally or working day adjusted;ISTAT;2018-04;99.3
M;IT;2015;TURN;E;MIG.0090;Neither seasonally or working day adjusted;ISTAT;2018-04;113.7
M;IT;2015;TURN;E;B;Neither seasonally or working day adjusted;ISTAT;2018-04;36.6
M;IT;2015;TURN;E;C;Neither seasonally or working day adjusted;ISTAT;2018-04;104.9
M;IT;2015;TURN;E;MIG.0040;Working day adjusted, not seasonally adjusted;ISTAT;2018-04;114.1
M;IT;2015;TURN;E;MIG.0050;Working day adjusted, not seasonally adjusted;ISTAT;2018-04;108.1
M;IT;2015;TURN;E;MIG.0080;Working day adjusted, not seasonally adjusted;ISTAT;2018-04;103.2
M;IT;2015;TURN;E;MIG.0090;Working day adjusted, not seasonally adjusted;ISTAT;2018-04;115.4
M;IT;2015;TURN;E;MIG.0040;Working day and seasonally adjusted;ISTAT;2018-04;112.2
M;IT;2015;TURN;E;MIG.0050;Working day and seasonally adjusted;ISTAT;2018-04;111.6
M;IT;2015;TURN;E;MIG.0080;Working day and seasonally adjusted;ISTAT;2018-04;110.7
M;IT;2015;TURN;E;MIG.0090;Working day and seasonally adjusted;ISTAT;2018-04;120.0
M;IT;2015;TURN;E;MIG.0040;Neither seasonally or working day adjusted;ISTAT;2018-05;123.1
M;IT;2015;TURN;E;MIG.0050;Neither seasonally or working day adjusted;ISTAT;2018-05;122.7
M;IT;2015;TURN;E;MIG.0080;Neither seasonally or working day adjusted;ISTAT;2018-05;117.2
M;IT;2015;TURN;E;MIG.0090;Neither seasonally or working day adjusted;ISTAT;2018-05;126.5
M;IT;2015;TURN;E;B;Neither seasonally or working day adjusted;ISTAT;2018-05;40.3
M;IT;2015;TURN;E;C;Neither seasonally or working day adjusted;ISTAT;2018-05;121.5
M;IT;2015;TURN;E;MIG.0040;Working day adjusted, not seasonally adjusted;ISTAT;2018-05;121.1
M;IT;2015;TURN;E;MIG.0050;Working day adjusted, not seasonally adjusted;ISTAT;2018-05;120.9
M;IT;2015;TURN;E;MIG.0080;Working day adjusted, not seasonally adjusted;ISTAT;2018-05;115.4
M;IT;2015;TURN;E;MIG.0090;Working day adjusted, not seasonally adjusted;ISTAT;2018-05;125.7
M;IT;2015;TURN;E;MIG.0040;Working day and seasonally adjusted;ISTAT;2018-05;111.7
M;IT;2015;TURN;E;MIG.0050;Working day and seasonally adjusted;ISTAT;2018-05;113.8
M;IT;2015;TURN;E;MIG.0080;Working day and seasonally adjusted;ISTAT;2018-05;111.5
M;IT;2015;TURN;E;MIG.0090;Working day and seasonally adjusted;ISTAT;2018-05;124.6
M;IT;2015;TURN;E;MIG.0040;Neither seasonally or working day adjusted;ISTAT;2018-06;120.4
M;IT;2015;TURN;E;MIG.0050;Neither seasonally or working day adjusted;ISTAT;2018-06;124.8
M;IT;2015;TURN;E;MIG.0080;Neither seasonally or working day adjusted;ISTAT;2018-06;119.4
M;IT;2015;TURN;E;MIG.0090;Neither seasonally or working day adjusted;ISTAT;2018-06;125.3
M;IT;2015;TURN;E;B;Neither seasonally or working day adjusted;ISTAT;2018-06;100.1
M;IT;2015;TURN;E;C;Neither seasonally or working day adjusted;ISTAT;2018-06;121.8
M;IT;2015;TURN;E;MIG.0040;Working day adjusted, not seasonally adjusted;ISTAT;2018-06;119.7
M;IT;2015;TURN;E;MIG.0050;Working day adjusted, not seasonally adjusted;ISTAT;2018-06;124.3
M;IT;2015;TURN;E;MIG.0080;Working day adjusted, not seasonally adjusted;ISTAT;2018-06;118.7
M;IT;2015;TURN;E;MIG.0090;Working day adjusted, not seasonally adjusted;ISTAT;2018-06;125.0
M;IT;2015;TURN;E;MIG.0040;Working day and seasonally adjusted;ISTAT;2018-06;112.1
M;IT;2015;TURN;E;MIG.0050;Working day and seasonally adjusted;ISTAT;2018-06;111.1
M;IT;2015;TURN;E;MIG.0080;Working day and seasonally adjusted;ISTAT;2018-06;111.8
M;IT;2015;TURN;E;MIG.0090;Working day and seasonally adjusted;ISTAT;2018-06;118.1
M;IT;2015;TURN;E;MIG.0040;Neither seasonally or working day adjusted;ISTAT;2018-07;125.2
M;IT;2015;TURN;E;MIG.0050;Neither seasonally or working day adjusted;ISTAT;2018-07;118.4
M;IT;2015;TURN;E;MIG.0080;Neither seasonally or working day adjusted;ISTAT;2018-07;129.7
M;IT;2015;TURN;E;MIG.0090;Neither seasonally or working day adjusted;ISTAT;2018-07;122.0
M;IT;2015;TURN;E;B;Neither seasonally or working day adjusted;ISTAT;2018-07;55.3
M;IT;2015;TURN;E;C;Neither seasonally or working day adjusted;ISTAT;2018-07;124.2
M;IT;2015;TURN;E;MIG.0040;Working day adjusted, not seasonally adjusted;ISTAT;2018-07;126.4
M;IT;2015;TURN;E;MIG.0050;Working day adjusted, not seasonally adjusted;ISTAT;2018-07;119.7
M;IT;2015;TURN;E;MIG.0080;Working day adjusted, not seasonally adjusted;ISTAT;2018-07;131.0
M;IT;2015;TURN;E;MIG.0090;Working day adjusted, not seasonally adjusted;ISTAT;2018-07;122.5
M;IT;2015;TURN;E;MIG.0040;Working day and seasonally adjusted;ISTAT;2018-07;112.5
M;IT;2015;TURN;E;MIG.0050;Working day and seasonally adjusted;ISTAT;2018-07;109.9
M;IT;2015;TURN;E;MIG.0080;Working day and seasonally adjusted;ISTAT;2018-07;110.7
M;IT;2015;TURN;E;MIG.0090;Working day and seasonally adjusted;ISTAT;2018-07;117.4
M;IT;2015;TURN;E;MIG.0040;Neither seasonally or working day adjusted;ISTAT;2018-08;82.0
M;IT;2015;TURN;E;MIG.0050;Neither seasonally or working day adjusted;ISTAT;2018-08;78.7
M;IT;2015;TURN;E;MIG.0080;Neither seasonally or working day adjusted;ISTAT;2018-08;88.6
M;IT;2015;TURN;E;MIG.0090;Neither seasonally or working day adjusted;ISTAT;2018-08;128.8
M;IT;2015;TURN;E;B;Neither seasonally or working day adjusted;ISTAT;2018-08;67.7
M;IT;2015;TURN;E;C;Neither seasonally or working day adjusted;ISTAT;2018-08;84.0
M;IT;2015;TURN;E;MIG.0040;Working day adjusted, not seasonally adjusted;ISTAT;2018-08;80.7
M;IT;2015;TURN;E;MIG.0050;Working day adjusted, not seasonally adjusted;ISTAT;2018-08;77.6
M;IT;2015;TURN;E;MIG.0080;Working day adjusted, not seasonally adjusted;ISTAT;2018-08;87.1
M;IT;2015;TURN;E;MIG.0090;Working day adjusted, not seasonally adjusted;ISTAT;2018-08;128.0
M;IT;2015;TURN;E;MIG.0040;Working day and seasonally adjusted;ISTAT;2018-08;113.6
M;IT;2015;TURN;E;MIG.0050;Working day and seasonally adjusted;ISTAT;2018-08;117.3
M;IT;2015;TURN;E;MIG.0080;Working day and seasonally adjusted;ISTAT;2018-08;111.8
M;IT;2015;TURN;E;MIG.0090;Working day and seasonally adjusted;ISTAT;2018-08;122.6
M;IT;2015;TURN;E;MIG.0040;Neither seasonally or working day adjusted;ISTAT;2018-09;110.8
M;IT;2015;TURN;E;MIG.0050;Neither seasonally or working day adjusted;ISTAT;2018-09;113.3
M;IT;2015;TURN;E;MIG.0080;Neither seasonally or working day adjusted;ISTAT;2018-09;107.5
M;IT;2015;TURN;E;MIG.0090;Neither seasonally or working day adjusted;ISTAT;2018-09;139.2
M;IT;2015;TURN;E;B;Neither seasonally or working day adjusted;ISTAT;2018-09;32.9
M;IT;2015;TURN;E;C;Neither seasonally or working day adjusted;ISTAT;2018-09;111.6
M;IT;2015;TURN;E;MIG.0040;Working day adjusted, not seasonally adjusted;ISTAT;2018-09;117.1
M;IT;2015;TURN;E;MIG.0050;Working day adjusted, not seasonally adjusted;ISTAT;2018-09;119.9
M;IT;2015;TURN;E;MIG.0080;Working day adjusted, not seasonally adjusted;ISTAT;2018-09;113.7
M;IT;2015;TURN;E;MIG.0090;Working day adjusted, not seasonally adjusted;ISTAT;2018-09;142.2
M;IT;2015;TURN;E;MIG.0040;Working day and seasonally adjusted;ISTAT;2018-09;112.7
M;IT;2015;TURN;E;MIG.0050;Working day and seasonally adjusted;ISTAT;2018-09;114.3
M;IT;2015;TURN;E;MIG.0080;Working day and seasonally adjusted;ISTAT;2018-09;110.2
M;IT;2015;TURN;E;MIG.0090;Working day and seasonally adjusted;ISTAT;2018-09;133.4
M;IT;2015;TURN;E;MIG.0040;Neither seasonally or working day adjusted;ISTAT;2018-10;124.1
M;IT;2015;TURN;E;MIG.0050;Neither seasonally or working day adjusted;ISTAT;2018-10;120.9
M;IT;2015;TURN;E;MIG.0080;Neither seasonally or working day adjusted;ISTAT;2018-10;120.4
M;IT;2015;TURN;E;MIG.0090;Neither seasonally or working day adjusted;ISTAT;2018-10;133.7
M;IT;2015;TURN;E;B;Neither seasonally or working day adjusted;ISTAT;2018-10;42.5
M;IT;2015;TURN;E;C;Neither seasonally or working day adjusted;ISTAT;2018-10;122.4
M;IT;2015;TURN;E;MIG.0040;Working day adjusted, not seasonally adjusted;ISTAT;2018-10;120.8
M;IT;2015;TURN;E;MIG.0050;Working day adjusted, not seasonally adjusted;ISTAT;2018-10;118.0
M;IT;2015;TURN;E;MIG.0080;Working day adjusted, not seasonally adjusted;ISTAT;2018-10;117.3
M;IT;2015;TURN;E;MIG.0090;Working day adjusted, not seasonally adjusted;ISTAT;2018-10;132.4
M;IT;2015;TURN;E;MIG.0040;Working day and seasonally adjusted;ISTAT;2018-10;112.9
M;IT;2015;TURN;E;MIG.0050;Working day and seasonally adjusted;ISTAT;2018-10;112.9
M;IT;2015;TURN;E;MIG.0080;Working day and seasonally adjusted;ISTAT;2018-10;111.6
M;IT;2015;TURN;E;MIG.0090;Working day and seasonally adjusted;ISTAT;2018-10;127.5
M;IT;2015;TURN;E;MIG.0040;Neither seasonally or working day adjusted;ISTAT;2018-11;114.5
M;IT;2015;TURN;E;MIG.0050;Neither seasonally or working day adjusted;ISTAT;2018-11;122.7
M;IT;2015;TURN;E;MIG.0080;Neither seasonally or working day adjusted;ISTAT;2018-11;118.7
M;IT;2015;TURN;E;MIG.0090;Neither seasonally or working day adjusted;ISTAT;2018-11;106.8
M;IT;2015;TURN;E;B;Neither seasonally or working day adjusted;ISTAT;2018-11;32.2
M;IT;2015;TURN;E;C;Neither seasonally or working day adjusted;ISTAT;2018-11;118.7
M;IT;2015;TURN;E;MIG.0040;Working day adjusted, not seasonally adjusted;ISTAT;2018-11;113.8
M;IT;2015;TURN;E;MIG.0050;Working day adjusted, not seasonally adjusted;ISTAT;2018-11;122.2
M;IT;2015;TURN;E;MIG.0080;Working day adjusted, not seasonally adjusted;ISTAT;2018-11;118.0
M;IT;2015;TURN;E;MIG.0090;Working day adjusted, not seasonally adjusted;ISTAT;2018-11;106.6
M;IT;2015;TURN;E;MIG.0040;Working day and seasonally adjusted;ISTAT;2018-11;111.2
M;IT;2015;TURN;E;MIG.0050;Working day and seasonally adjusted;ISTAT;2018-11;116.0
M;IT;2015;TURN;E;MIG.0080;Working day and seasonally adjusted;ISTAT;2018-11;110.5
M;IT;2015;TURN;E;MIG.0090;Working day and seasonally adjusted;ISTAT;2018-11;112.0
M;IT;2015;TURN;E;MIG.0040;Neither seasonally or working day adjusted;ISTAT;2018-12;90.5
M;IT;2015;TURN;E;MIG.0050;Neither seasonally or working day adjusted;ISTAT;2018-12;120.2
M;IT;2015;TURN;E;MIG.0080;Neither seasonally or working day adjusted;ISTAT;2018-12;100.5
M;IT;2015;TURN;E;MIG.0090;Neither seasonally or working day adjusted;ISTAT;2018-12;110.4
M;IT;2015;TURN;E;B;Neither seasonally or working day adjusted;ISTAT;2018-12;30.6
M;IT;2015;TURN;E;C;Neither seasonally or working day adjusted;ISTAT;2018-12;104.8
M;IT;2015;TURN;E;MIG.0040;Working day adjusted, not seasonally adjusted;ISTAT;2018-12;94.2
M;IT;2015;TURN;E;MIG.0050;Working day adjusted, not seasonally adjusted;ISTAT;2018-12;125.2
M;IT;2015;TURN;E;MIG.0080;Working day adjusted, not seasonally adjusted;ISTAT;2018-12;104.6
M;IT;2015;TURN;E;MIG.0090;Working day adjusted, not seasonally adjusted;ISTAT;2018-12;112.1
M;IT;2015;TURN;E;MIG.0040;Working day and seasonally adjusted;ISTAT;2018-12;108.8
M;IT;2015;TURN;E;MIG.0050;Working day and seasonally adjusted;ISTAT;2018-12;105.5
M;IT;2015;TURN;E;MIG.0080;Working day and seasonally adjusted;ISTAT;2018-12;108.0
M;IT;2015;TURN;E;MIG.0090;Working day and seasonally adjusted;ISTAT;2018-12;106.4
M;IT;2015;TURN;E;MIG.0040;Neither seasonally or working day adjusted;ISTAT;2019-01;108.9
M;IT;2015;TURN;E;MIG.0050;Neither seasonally or working day adjusted;ISTAT;2019-01;93.2
M;IT;2015;TURN;E;MIG.0080;Neither seasonally or working day adjusted;ISTAT;2019-01;104.4
M;IT;2015;TURN;E;MIG.0090;Neither seasonally or working day adjusted;ISTAT;2019-01;94.4
M;IT;2015;TURN;E;B;Neither seasonally or working day adjusted;ISTAT;2019-01;34.4
M;IT;2015;TURN;E;C;Neither seasonally or working day adjusted;ISTAT;2019-01;101.7
M;IT;2015;TURN;E;MIG.0040;Working day adjusted, not seasonally adjusted;ISTAT;2019-01;104.4
M;IT;2015;TURN;E;MIG.0050;Working day adjusted, not seasonally adjusted;ISTAT;2019-01;89.6
M;IT;2015;TURN;E;MIG.0080;Working day adjusted, not seasonally adjusted;ISTAT;2019-01;100.0
M;IT;2015;TURN;E;MIG.0090;Working day adjusted, not seasonally adjusted;ISTAT;2019-01;92.9
M;IT;2015;TURN;E;MIG.0040;Working day and seasonally adjusted;ISTAT;2019-01;111.7
M;IT;2015;TURN;E;MIG.0050;Working day and seasonally adjusted;ISTAT;2019-01;115.6
M;IT;2015;TURN;E;MIG.0080;Working day and seasonally adjusted;ISTAT;2019-01;109.3
M;IT;2015;TURN;E;MIG.0090;Working day and seasonally adjusted;ISTAT;2019-01;102.6
M;IT;2015;TURN;E;MIG.0040;Neither seasonally or working day adjusted;ISTAT;2019-02;110.0
M;IT;2015;TURN;E;MIG.0050;Neither seasonally or working day adjusted;ISTAT;2019-02;100.7
M;IT;2015;TURN;E;MIG.0080;Neither seasonally or working day adjusted;ISTAT;2019-02;102.2
M;IT;2015;TURN;E;MIG.0090;Neither seasonally or working day adjusted;ISTAT;2019-02;76.0
M;IT;2015;TURN;E;B;Neither seasonally or working day adjusted;ISTAT;2019-02;35.7
M;IT;2015;TURN;E;C;Neither seasonally or working day adjusted;ISTAT;2019-02;103.6
M;IT;2015;TURN;E;MIG.0040;Working day adjusted, not seasonally adjusted;ISTAT;2019-02;111.1
M;IT;2015;TURN;E;MIG.0050;Working day adjusted, not seasonally adjusted;ISTAT;2019-02;101.3
M;IT;2015;TURN;E;MIG.0080;Working day adjusted, not seasonally adjusted;ISTAT;2019-02;103.6
M;IT;2015;TURN;E;MIG.0090;Working day adjusted, not seasonally adjusted;ISTAT;2019-02;76.1
M;IT;2015;TURN;E;MIG.0040;Working day and seasonally adjusted;ISTAT;2019-02;112.0
M;IT;2015;TURN;E;MIG.0050;Working day and seasonally adjusted;ISTAT;2019-02;112.2
M;IT;2015;TURN;E;MIG.0080;Working day and seasonally adjusted;ISTAT;2019-02;110.4
M;IT;2015;TURN;E;MIG.0090;Working day and seasonally adjusted;ISTAT;2019-02;85.9
M;IT;2015;TURN;E;MIG.0040;Neither seasonally or working day adjusted;ISTAT;2019-03;118.9
M;IT;2015;TURN;E;MIG.0050;Neither seasonally or working day adjusted;ISTAT;2019-03;121.9
M;IT;2015;TURN;E;MIG.0080;Neither seasonally or working day adjusted;ISTAT;2019-03;112.3
M;IT;2015;TURN;E;MIG.0090;Neither seasonally or working day adjusted;ISTAT;2019-03;110.7
M;IT;2015;TURN;E;B;Neither seasonally or working day adjusted;ISTAT;2019-03;37.2
M;IT;2015;TURN;E;C;Neither seasonally or working day adjusted;ISTAT;2019-03;118.0
M;IT;2015;TURN;E;MIG.0040;Working day adjusted, not seasonally adjusted;ISTAT;2019-03;123.5
M;IT;2015;TURN;E;MIG.0050;Working day adjusted, not seasonally adjusted;ISTAT;2019-03;126.7
M;IT;2015;TURN;E;MIG.0080;Working day adjusted, not seasonally adjusted;ISTAT;2019-03;116.7
M;IT;2015;TURN;E;MIG.0090;Working day adjusted, not seasonally adjusted;ISTAT;2019-03;112.3
M;IT;2015;TURN;E;MIG.0040;Working day and seasonally adjusted;ISTAT;2019-03;112.1
M;IT;2015;TURN;E;MIG.0050;Working day and seasonally adjusted;ISTAT;2019-03;113.8
M;IT;2015;TURN;E;MIG.0080;Working day and seasonally adjusted;ISTAT;2019-03;110.9
M;IT;2015;TURN;E;MIG.0090;Working day and seasonally adjusted;ISTAT;2019-03;111.8
M;IT;2015;TURN;E;MIG.0040;Neither seasonally or working day adjusted;ISTAT;2019-04;(P)109.9
M;IT;2015;TURN;E;MIG.0050;Neither seasonally or working day adjusted;ISTAT;2019-04;(P)106.3
M;IT;2015;TURN;E;MIG.0080;Neither seasonally or working day adjusted;ISTAT;2019-04;(P)101
M;IT;2015;TURN;E;MIG.0090;Neither seasonally or working day adjusted;ISTAT;2019-04;(P)92.9
M;IT;2015;TURN;E;B;Neither seasonally or working day adjusted;ISTAT;2019-04;(P)44.5
M;IT;2015;TURN;E;C;Neither seasonally or working day adjusted;ISTAT;2019-04;(P)105.7
M;IT;2015;TURN;E;MIG.0040;Working day adjusted, not seasonally adjusted;ISTAT;2019-04;(P)110.1
M;IT;2015;TURN;E;MIG.0050;Working day adjusted, not seasonally adjusted;ISTAT;2019-04;(P)106.7
M;IT;2015;TURN;E;MIG.0080;Working day adjusted, not seasonally adjusted;ISTAT;2019-04;(P)101.2
M;IT;2015;TURN;E;MIG.0090;Working day adjusted, not seasonally adjusted;ISTAT;2019-04;(P)93
M;IT;2015;TURN;E;MIG.0040;Working day and seasonally adjusted;ISTAT;2019-04;(P)108.6
M;IT;2015;TURN;E;MIG.0050;Working day and seasonally adjusted;ISTAT;2019-04;(P)110.3
M;IT;2015;TURN;E;MIG.0080;Working day and seasonally adjusted;ISTAT;2019-04;(P)108.9
M;IT;2015;TURN;E;MIG.0090;Working day and seasonally adjusted;ISTAT;2019-04;(P)96.7
