﻿FREQ;MARKET;REF_AREA;ADJUSTMENT;INDICATOR;ACTIVITY;BASE_PER;UNIT_MEASURE;SOURCE;TIME_PERIOD;OBS_VALUE
M;T;IT;N;TURN;0040;2015;IX;ISTAT;2018-03;118,6
M;D;IT;N;TURN;0040;2015;IX;ISTAT;2018-03;117,9
M;E;IT;N;TURN;0040;2015;IX;ISTAT;2018-03;120,3
M;T;IT;N;TURN;0050;2015;IX;ISTAT;2018-03;120,0
M;D;IT;N;TURN;0050;2015;IX;ISTAT;2018-03;120,1
M;E;IT;N;TURN;0050;2015;IX;ISTAT;2018-03;119,8
M;T;IT;N;TURN;0080;2015;IX;ISTAT;2018-03;114,4
M;D;IT;N;TURN;0080;2015;IX;ISTAT;2018-03;113,9
M;E;IT;N;TURN;0080;2015;IX;ISTAT;2018-03;115,4
M;T;IT;N;TURN;0090;2015;IX;ISTAT;2018-03;101,5
M;D;IT;N;TURN;0090;2015;IX;ISTAT;2018-03;102,1
M;E;IT;N;TURN;0090;2015;IX;ISTAT;2018-03;97,5
M;T;IT;N;TURN;B;2015;IX;ISTAT;2018-03;80,7
M;D;IT;N;TURN;B;2015;IX;ISTAT;2018-03;84,2
M;E;IT;N;TURN;B;2015;IX;ISTAT;2018-03;47,1
M;T;IT;N;TURN;C;2015;IX;ISTAT;2018-03;116,9
M;D;IT;N;TURN;C;2015;IX;ISTAT;2018-03;116,2
M;E;IT;N;TURN;C;2015;IX;ISTAT;2018-03;118,3
M;T;IT;W;TURN;0040;2015;IX;ISTAT;2018-03;118,9
M;D;IT;W;TURN;0040;2015;IX;ISTAT;2018-03;118,2
M;E;IT;W;TURN;0040;2015;IX;ISTAT;2018-03;120,5
M;T;IT;W;TURN;0050;2015;IX;ISTAT;2018-03;120,4
M;D;IT;W;TURN;0050;2015;IX;ISTAT;2018-03;120,5
M;E;IT;W;TURN;0050;2015;IX;ISTAT;2018-03;120,2
M;T;IT;W;TURN;0080;2015;IX;ISTAT;2018-03;114,7
M;D;IT;W;TURN;0080;2015;IX;ISTAT;2018-03;114,2
M;E;IT;W;TURN;0080;2015;IX;ISTAT;2018-03;115,7
M;T;IT;W;TURN;0090;2015;IX;ISTAT;2018-03;101,6
M;D;IT;W;TURN;0090;2015;IX;ISTAT;2018-03;102,2
M;E;IT;W;TURN;0090;2015;IX;ISTAT;2018-03;97,6
M;T;IT;W;TURN;B;2015;IX;ISTAT;2018-03;80,8
M;T;IT;W;TURN;C;2015;IX;ISTAT;2018-03;117,1
M;T;IT;Y;TURN;0040;2015;IX;ISTAT;2018-03;108,2
M;D;IT;Y;TURN;0040;2015;IX;ISTAT;2018-03;107,5
M;E;IT;Y;TURN;0040;2015;IX;ISTAT;2018-03;109,7
M;T;IT;Y;TURN;0050;2015;IX;ISTAT;2018-03;109,1
M;D;IT;Y;TURN;0050;2015;IX;ISTAT;2018-03;109,9
M;E;IT;Y;TURN;0050;2015;IX;ISTAT;2018-03;108,0
M;T;IT;Y;TURN;0080;2015;IX;ISTAT;2018-03;107,2
M;D;IT;Y;TURN;0080;2015;IX;ISTAT;2018-03;105,4
M;E;IT;Y;TURN;0080;2015;IX;ISTAT;2018-03;110,6
M;T;IT;Y;TURN;0090;2015;IX;ISTAT;2018-03;101,4
M;D;IT;Y;TURN;0090;2015;IX;ISTAT;2018-03;102,0
M;E;IT;Y;TURN;0090;2015;IX;ISTAT;2018-03;97,2
M;T;IT;N;TURN;0040;2015;IX;ISTAT;2018-04;106,5
M;D;IT;N;TURN;0040;2015;IX;ISTAT;2018-04;105,0
M;E;IT;N;TURN;0040;2015;IX;ISTAT;2018-04;109,9
M;T;IT;N;TURN;0050;2015;IX;ISTAT;2018-04;100,0
M;D;IT;N;TURN;0050;2015;IX;ISTAT;2018-04;97,0
M;E;IT;N;TURN;0050;2015;IX;ISTAT;2018-04;104,0
M;T;IT;N;TURN;0080;2015;IX;ISTAT;2018-04;96,4
M;D;IT;N;TURN;0080;2015;IX;ISTAT;2018-04;94,9
M;E;IT;N;TURN;0080;2015;IX;ISTAT;2018-04;99,3
M;T;IT;N;TURN;0090;2015;IX;ISTAT;2018-04;102,5
M;D;IT;N;TURN;0090;2015;IX;ISTAT;2018-04;101,0
M;E;IT;N;TURN;0090;2015;IX;ISTAT;2018-04;113,7
M;T;IT;N;TURN;B;2015;IX;ISTAT;2018-04;85,0
M;D;IT;N;TURN;B;2015;IX;ISTAT;2018-04;90,1
M;E;IT;N;TURN;B;2015;IX;ISTAT;2018-04;36,6
M;T;IT;N;TURN;C;2015;IX;ISTAT;2018-04;101,5
M;D;IT;N;TURN;C;2015;IX;ISTAT;2018-04;99,8
M;E;IT;N;TURN;C;2015;IX;ISTAT;2018-04;104,9
M;T;IT;W;TURN;0040;2015;IX;ISTAT;2018-04;110,6
M;D;IT;W;TURN;0040;2015;IX;ISTAT;2018-04;109,1
M;E;IT;W;TURN;0040;2015;IX;ISTAT;2018-04;114,1
M;T;IT;W;TURN;0050;2015;IX;ISTAT;2018-04;103,4
M;D;IT;W;TURN;0050;2015;IX;ISTAT;2018-04;100,0
M;E;IT;W;TURN;0050;2015;IX;ISTAT;2018-04;108,1
M;T;IT;W;TURN;0080;2015;IX;ISTAT;2018-04;99,8
M;D;IT;W;TURN;0080;2015;IX;ISTAT;2018-04;98,0
M;E;IT;W;TURN;0080;2015;IX;ISTAT;2018-04;103,2
M;T;IT;W;TURN;0090;2015;IX;ISTAT;2018-04;104,4
M;D;IT;W;TURN;0090;2015;IX;ISTAT;2018-04;102,8
M;E;IT;W;TURN;0090;2015;IX;ISTAT;2018-04;115,4
M;T;IT;W;TURN;B;2015;IX;ISTAT;2018-04;89,0
M;T;IT;W;TURN;C;2015;IX;ISTAT;2018-04;104,8
M;T;IT;Y;TURN;0040;2015;IX;ISTAT;2018-04;110,3
M;D;IT;Y;TURN;0040;2015;IX;ISTAT;2018-04;109,5
M;E;IT;Y;TURN;0040;2015;IX;ISTAT;2018-04;112,2
M;T;IT;Y;TURN;0050;2015;IX;ISTAT;2018-04;109,8
M;D;IT;Y;TURN;0050;2015;IX;ISTAT;2018-04;108,5
M;E;IT;Y;TURN;0050;2015;IX;ISTAT;2018-04;111,6
M;T;IT;Y;TURN;0080;2015;IX;ISTAT;2018-04;105,8
M;D;IT;Y;TURN;0080;2015;IX;ISTAT;2018-04;103,3
M;E;IT;Y;TURN;0080;2015;IX;ISTAT;2018-04;110,7
M;T;IT;Y;TURN;0090;2015;IX;ISTAT;2018-04;105,2
M;D;IT;Y;TURN;0090;2015;IX;ISTAT;2018-04;103,1
M;E;IT;Y;TURN;0090;2015;IX;ISTAT;2018-04;120,0
M;T;IT;N;TURN;0040;2015;IX;ISTAT;2018-05;123,3
M;D;IT;N;TURN;0040;2015;IX;ISTAT;2018-05;123,4
M;E;IT;N;TURN;0040;2015;IX;ISTAT;2018-05;123,1
M;T;IT;N;TURN;0050;2015;IX;ISTAT;2018-05;119,8
M;D;IT;N;TURN;0050;2015;IX;ISTAT;2018-05;117,7
M;E;IT;N;TURN;0050;2015;IX;ISTAT;2018-05;122,7
M;T;IT;N;TURN;0080;2015;IX;ISTAT;2018-05;111,7
M;D;IT;N;TURN;0080;2015;IX;ISTAT;2018-05;108,9
M;E;IT;N;TURN;0080;2015;IX;ISTAT;2018-05;117,2
M;T;IT;N;TURN;0090;2015;IX;ISTAT;2018-05;110,4
M;D;IT;N;TURN;0090;2015;IX;ISTAT;2018-05;108,2
M;E;IT;N;TURN;0090;2015;IX;ISTAT;2018-05;126,5
M;T;IT;N;TURN;B;2015;IX;ISTAT;2018-05;72,4
M;D;IT;N;TURN;B;2015;IX;ISTAT;2018-05;75,7
M;E;IT;N;TURN;B;2015;IX;ISTAT;2018-05;40,3
M;T;IT;N;TURN;C;2015;IX;ISTAT;2018-05;118,4
M;D;IT;N;TURN;C;2015;IX;ISTAT;2018-05;116,8
M;E;IT;N;TURN;C;2015;IX;ISTAT;2018-05;121,5
M;T;IT;W;TURN;0040;2015;IX;ISTAT;2018-05;121,4
M;D;IT;W;TURN;0040;2015;IX;ISTAT;2018-05;121,5
M;E;IT;W;TURN;0040;2015;IX;ISTAT;2018-05;121,1
M;T;IT;W;TURN;0050;2015;IX;ISTAT;2018-05;118,4
M;D;IT;W;TURN;0050;2015;IX;ISTAT;2018-05;116,4
M;E;IT;W;TURN;0050;2015;IX;ISTAT;2018-05;120,9
M;T;IT;W;TURN;0080;2015;IX;ISTAT;2018-05;110,1
M;D;IT;W;TURN;0080;2015;IX;ISTAT;2018-05;107,4
M;E;IT;W;TURN;0080;2015;IX;ISTAT;2018-05;115,4
M;T;IT;W;TURN;0090;2015;IX;ISTAT;2018-05;109,6
M;D;IT;W;TURN;0090;2015;IX;ISTAT;2018-05;107,4
M;E;IT;W;TURN;0090;2015;IX;ISTAT;2018-05;125,7
M;T;IT;W;TURN;B;2015;IX;ISTAT;2018-05;70,5
M;T;IT;W;TURN;C;2015;IX;ISTAT;2018-05;116,8
M;T;IT;Y;TURN;0040;2015;IX;ISTAT;2018-05;110,7
M;D;IT;Y;TURN;0040;2015;IX;ISTAT;2018-05;110,2
M;E;IT;Y;TURN;0040;2015;IX;ISTAT;2018-05;111,7
M;T;IT;Y;TURN;0050;2015;IX;ISTAT;2018-05;110,9
M;D;IT;Y;TURN;0050;2015;IX;ISTAT;2018-05;108,7
M;E;IT;Y;TURN;0050;2015;IX;ISTAT;2018-05;113,8
M;T;IT;Y;TURN;0080;2015;IX;ISTAT;2018-05;107,7
M;D;IT;Y;TURN;0080;2015;IX;ISTAT;2018-05;105,7
M;E;IT;Y;TURN;0080;2015;IX;ISTAT;2018-05;111,5
M;T;IT;Y;TURN;0090;2015;IX;ISTAT;2018-05;110,9
M;D;IT;Y;TURN;0090;2015;IX;ISTAT;2018-05;109,0
M;E;IT;Y;TURN;0090;2015;IX;ISTAT;2018-05;124,6
M;T;IT;N;TURN;0040;2015;IX;ISTAT;2018-06;119,2
M;D;IT;N;TURN;0040;2015;IX;ISTAT;2018-06;118,6
M;E;IT;N;TURN;0040;2015;IX;ISTAT;2018-06;120,4
M;T;IT;N;TURN;0050;2015;IX;ISTAT;2018-06;128,3
M;D;IT;N;TURN;0050;2015;IX;ISTAT;2018-06;130,9
M;E;IT;N;TURN;0050;2015;IX;ISTAT;2018-06;124,8
M;T;IT;N;TURN;0080;2015;IX;ISTAT;2018-06;111,9
M;D;IT;N;TURN;0080;2015;IX;ISTAT;2018-06;108,0
M;E;IT;N;TURN;0080;2015;IX;ISTAT;2018-06;119,4
M;T;IT;N;TURN;0090;2015;IX;ISTAT;2018-06;112,3
M;D;IT;N;TURN;0090;2015;IX;ISTAT;2018-06;110,5
M;E;IT;N;TURN;0090;2015;IX;ISTAT;2018-06;125,3
M;T;IT;N;TURN;B;2015;IX;ISTAT;2018-06;92,9
M;D;IT;N;TURN;B;2015;IX;ISTAT;2018-06;92,2
M;E;IT;N;TURN;B;2015;IX;ISTAT;2018-06;100,1
M;T;IT;N;TURN;C;2015;IX;ISTAT;2018-06;119,4
M;D;IT;N;TURN;C;2015;IX;ISTAT;2018-06;118,1
M;E;IT;N;TURN;C;2015;IX;ISTAT;2018-06;121,8
M;T;IT;W;TURN;0040;2015;IX;ISTAT;2018-06;118,5
M;D;IT;W;TURN;0040;2015;IX;ISTAT;2018-06;118,0
M;E;IT;W;TURN;0040;2015;IX;ISTAT;2018-06;119,7
M;T;IT;W;TURN;0050;2015;IX;ISTAT;2018-06;127,9
M;D;IT;W;TURN;0050;2015;IX;ISTAT;2018-06;130,5
M;E;IT;W;TURN;0050;2015;IX;ISTAT;2018-06;124,3
M;T;IT;W;TURN;0080;2015;IX;ISTAT;2018-06;111,3
M;D;IT;W;TURN;0080;2015;IX;ISTAT;2018-06;107,5
M;E;IT;W;TURN;0080;2015;IX;ISTAT;2018-06;118,7
M;T;IT;W;TURN;0090;2015;IX;ISTAT;2018-06;112,0
M;D;IT;W;TURN;0090;2015;IX;ISTAT;2018-06;110,2
M;E;IT;W;TURN;0090;2015;IX;ISTAT;2018-06;125,0
M;T;IT;W;TURN;B;2015;IX;ISTAT;2018-06;92,2
M;T;IT;W;TURN;C;2015;IX;ISTAT;2018-06;118,8
M;T;IT;Y;TURN;0040;2015;IX;ISTAT;2018-06;110,9
M;D;IT;Y;TURN;0040;2015;IX;ISTAT;2018-06;110,4
M;E;IT;Y;TURN;0040;2015;IX;ISTAT;2018-06;112,1
M;T;IT;Y;TURN;0050;2015;IX;ISTAT;2018-06;110,9
M;D;IT;Y;TURN;0050;2015;IX;ISTAT;2018-06;110,7
M;E;IT;Y;TURN;0050;2015;IX;ISTAT;2018-06;111,1
M;T;IT;Y;TURN;0080;2015;IX;ISTAT;2018-06;107,1
M;D;IT;Y;TURN;0080;2015;IX;ISTAT;2018-06;104,7
M;E;IT;Y;TURN;0080;2015;IX;ISTAT;2018-06;111,8
M;T;IT;Y;TURN;0090;2015;IX;ISTAT;2018-06;108,0
M;D;IT;Y;TURN;0090;2015;IX;ISTAT;2018-06;106,6
M;E;IT;Y;TURN;0090;2015;IX;ISTAT;2018-06;118,1
M;T;IT;N;TURN;0040;2015;IX;ISTAT;2018-07;123,7
M;D;IT;N;TURN;0040;2015;IX;ISTAT;2018-07;123,1
M;E;IT;N;TURN;0040;2015;IX;ISTAT;2018-07;125,2
M;T;IT;N;TURN;0050;2015;IX;ISTAT;2018-07;114,6
M;D;IT;N;TURN;0050;2015;IX;ISTAT;2018-07;111,7
M;E;IT;N;TURN;0050;2015;IX;ISTAT;2018-07;118,4
M;T;IT;N;TURN;0080;2015;IX;ISTAT;2018-07;119,2
M;D;IT;N;TURN;0080;2015;IX;ISTAT;2018-07;113,7
M;E;IT;N;TURN;0080;2015;IX;ISTAT;2018-07;129,7
M;T;IT;N;TURN;0090;2015;IX;ISTAT;2018-07;111,6
M;D;IT;N;TURN;0090;2015;IX;ISTAT;2018-07;110,2
M;E;IT;N;TURN;0090;2015;IX;ISTAT;2018-07;122,0
M;T;IT;N;TURN;B;2015;IX;ISTAT;2018-07;92,6
M;D;IT;N;TURN;B;2015;IX;ISTAT;2018-07;96,5
M;E;IT;N;TURN;B;2015;IX;ISTAT;2018-07;55,3
M;T;IT;N;TURN;C;2015;IX;ISTAT;2018-07;119,2
M;D;IT;N;TURN;C;2015;IX;ISTAT;2018-07;116,6
M;E;IT;N;TURN;C;2015;IX;ISTAT;2018-07;124,2
M;T;IT;W;TURN;0040;2015;IX;ISTAT;2018-07;125,0
M;D;IT;W;TURN;0040;2015;IX;ISTAT;2018-07;124,3
M;E;IT;W;TURN;0040;2015;IX;ISTAT;2018-07;126,4
M;T;IT;W;TURN;0050;2015;IX;ISTAT;2018-07;115,7
M;D;IT;W;TURN;0050;2015;IX;ISTAT;2018-07;112,7
M;E;IT;W;TURN;0050;2015;IX;ISTAT;2018-07;119,7
M;T;IT;W;TURN;0080;2015;IX;ISTAT;2018-07;120,2
M;D;IT;W;TURN;0080;2015;IX;ISTAT;2018-07;114,6
M;E;IT;W;TURN;0080;2015;IX;ISTAT;2018-07;131,0
M;T;IT;W;TURN;0090;2015;IX;ISTAT;2018-07;112,1
M;D;IT;W;TURN;0090;2015;IX;ISTAT;2018-07;110,7
M;E;IT;W;TURN;0090;2015;IX;ISTAT;2018-07;122,5
M;T;IT;W;TURN;B;2015;IX;ISTAT;2018-07;93,6
M;T;IT;W;TURN;C;2015;IX;ISTAT;2018-07;120,2
M;T;IT;Y;TURN;0040;2015;IX;ISTAT;2018-07;110,3
M;D;IT;Y;TURN;0040;2015;IX;ISTAT;2018-07;109,3
M;E;IT;Y;TURN;0040;2015;IX;ISTAT;2018-07;112,5
M;T;IT;Y;TURN;0050;2015;IX;ISTAT;2018-07;108,8
M;D;IT;Y;TURN;0050;2015;IX;ISTAT;2018-07;108,0
M;E;IT;Y;TURN;0050;2015;IX;ISTAT;2018-07;109,9
M;T;IT;Y;TURN;0080;2015;IX;ISTAT;2018-07;106,4
M;D;IT;Y;TURN;0080;2015;IX;ISTAT;2018-07;104,2
M;E;IT;Y;TURN;0080;2015;IX;ISTAT;2018-07;110,7
M;T;IT;Y;TURN;0090;2015;IX;ISTAT;2018-07;105,7
M;D;IT;Y;TURN;0090;2015;IX;ISTAT;2018-07;104,1
M;E;IT;Y;TURN;0090;2015;IX;ISTAT;2018-07;117,4
M;T;IT;N;TURN;0040;2015;IX;ISTAT;2018-08;70,9
M;D;IT;N;TURN;0040;2015;IX;ISTAT;2018-08;66,0
M;E;IT;N;TURN;0040;2015;IX;ISTAT;2018-08;82,0
M;T;IT;N;TURN;0050;2015;IX;ISTAT;2018-08;69,6
M;D;IT;N;TURN;0050;2015;IX;ISTAT;2018-08;62,9
M;E;IT;N;TURN;0050;2015;IX;ISTAT;2018-08;78,7
M;T;IT;N;TURN;0080;2015;IX;ISTAT;2018-08;87,6
M;D;IT;N;TURN;0080;2015;IX;ISTAT;2018-08;87,1
M;E;IT;N;TURN;0080;2015;IX;ISTAT;2018-08;88,6
M;T;IT;N;TURN;0090;2015;IX;ISTAT;2018-08;108,0
M;D;IT;N;TURN;0090;2015;IX;ISTAT;2018-08;105,1
M;E;IT;N;TURN;0090;2015;IX;ISTAT;2018-08;128,8
M;T;IT;N;TURN;B;2015;IX;ISTAT;2018-08;76,0
M;D;IT;N;TURN;B;2015;IX;ISTAT;2018-08;76,9
M;E;IT;N;TURN;B;2015;IX;ISTAT;2018-08;67,7
M;T;IT;N;TURN;C;2015;IX;ISTAT;2018-08;78,2
M;D;IT;N;TURN;C;2015;IX;ISTAT;2018-08;75,2
M;E;IT;N;TURN;C;2015;IX;ISTAT;2018-08;84,0
M;T;IT;W;TURN;0040;2015;IX;ISTAT;2018-08;69,8
M;D;IT;W;TURN;0040;2015;IX;ISTAT;2018-08;65,0
M;E;IT;W;TURN;0040;2015;IX;ISTAT;2018-08;80,7
M;T;IT;W;TURN;0050;2015;IX;ISTAT;2018-08;68,8
M;D;IT;W;TURN;0050;2015;IX;ISTAT;2018-08;62,2
M;E;IT;W;TURN;0050;2015;IX;ISTAT;2018-08;77,6
M;T;IT;W;TURN;0080;2015;IX;ISTAT;2018-08;86,3
M;D;IT;W;TURN;0080;2015;IX;ISTAT;2018-08;85,9
M;E;IT;W;TURN;0080;2015;IX;ISTAT;2018-08;87,1
M;T;IT;W;TURN;0090;2015;IX;ISTAT;2018-08;107,2
M;D;IT;W;TURN;0090;2015;IX;ISTAT;2018-08;104,3
M;E;IT;W;TURN;0090;2015;IX;ISTAT;2018-08;128,0
M;T;IT;W;TURN;B;2015;IX;ISTAT;2018-08;74,1
M;T;IT;W;TURN;C;2015;IX;ISTAT;2018-08;77,2
M;T;IT;Y;TURN;0040;2015;IX;ISTAT;2018-08;111,2
M;D;IT;Y;TURN;0040;2015;IX;ISTAT;2018-08;110,1
M;E;IT;Y;TURN;0040;2015;IX;ISTAT;2018-08;113,6
M;T;IT;Y;TURN;0050;2015;IX;ISTAT;2018-08;111,1
M;D;IT;Y;TURN;0050;2015;IX;ISTAT;2018-08;106,5
M;E;IT;Y;TURN;0050;2015;IX;ISTAT;2018-08;117,3
M;T;IT;Y;TURN;0080;2015;IX;ISTAT;2018-08;107,3
M;D;IT;Y;TURN;0080;2015;IX;ISTAT;2018-08;105,0
M;E;IT;Y;TURN;0080;2015;IX;ISTAT;2018-08;111,8
M;T;IT;Y;TURN;0090;2015;IX;ISTAT;2018-08;107,9
M;D;IT;Y;TURN;0090;2015;IX;ISTAT;2018-08;105,9
M;E;IT;Y;TURN;0090;2015;IX;ISTAT;2018-08;122,6
M;T;IT;N;TURN;0040;2015;IX;ISTAT;2018-09;112,0
M;D;IT;N;TURN;0040;2015;IX;ISTAT;2018-09;112,6
M;E;IT;N;TURN;0040;2015;IX;ISTAT;2018-09;110,8
M;T;IT;N;TURN;0050;2015;IX;ISTAT;2018-09;112,4
M;D;IT;N;TURN;0050;2015;IX;ISTAT;2018-09;111,8
M;E;IT;N;TURN;0050;2015;IX;ISTAT;2018-09;113,3
M;T;IT;N;TURN;0080;2015;IX;ISTAT;2018-09;106,8
M;D;IT;N;TURN;0080;2015;IX;ISTAT;2018-09;106,4
M;E;IT;N;TURN;0080;2015;IX;ISTAT;2018-09;107,5
M;T;IT;N;TURN;0090;2015;IX;ISTAT;2018-09;111,7
M;D;IT;N;TURN;0090;2015;IX;ISTAT;2018-09;107,9
M;E;IT;N;TURN;0090;2015;IX;ISTAT;2018-09;139,2
M;T;IT;N;TURN;B;2015;IX;ISTAT;2018-09;79,8
M;D;IT;N;TURN;B;2015;IX;ISTAT;2018-09;84,7
M;E;IT;N;TURN;B;2015;IX;ISTAT;2018-09;32,9
M;T;IT;N;TURN;C;2015;IX;ISTAT;2018-09;110,9
M;D;IT;N;TURN;C;2015;IX;ISTAT;2018-09;110,5
M;E;IT;N;TURN;C;2015;IX;ISTAT;2018-09;111,6
M;T;IT;W;TURN;0040;2015;IX;ISTAT;2018-09;118,4
M;D;IT;W;TURN;0040;2015;IX;ISTAT;2018-09;119,0
M;E;IT;W;TURN;0040;2015;IX;ISTAT;2018-09;117,1
M;T;IT;W;TURN;0050;2015;IX;ISTAT;2018-09;118,1
M;D;IT;W;TURN;0050;2015;IX;ISTAT;2018-09;116,8
M;E;IT;W;TURN;0050;2015;IX;ISTAT;2018-09;119,9
M;T;IT;W;TURN;0080;2015;IX;ISTAT;2018-09;112,2
M;D;IT;W;TURN;0080;2015;IX;ISTAT;2018-09;111,4
M;E;IT;W;TURN;0080;2015;IX;ISTAT;2018-09;113,7
M;T;IT;W;TURN;0090;2015;IX;ISTAT;2018-09;114,6
M;D;IT;W;TURN;0090;2015;IX;ISTAT;2018-09;110,8
M;E;IT;W;TURN;0090;2015;IX;ISTAT;2018-09;142,2
M;T;IT;W;TURN;B;2015;IX;ISTAT;2018-09;85,7
M;T;IT;W;TURN;C;2015;IX;ISTAT;2018-09;116,2
M;T;IT;Y;TURN;0040;2015;IX;ISTAT;2018-09;110,6
M;D;IT;Y;TURN;0040;2015;IX;ISTAT;2018-09;109,7
M;E;IT;Y;TURN;0040;2015;IX;ISTAT;2018-09;112,7
M;T;IT;Y;TURN;0050;2015;IX;ISTAT;2018-09;111,1
M;D;IT;Y;TURN;0050;2015;IX;ISTAT;2018-09;108,8
M;E;IT;Y;TURN;0050;2015;IX;ISTAT;2018-09;114,3
M;T;IT;Y;TURN;0080;2015;IX;ISTAT;2018-09;106,6
M;D;IT;Y;TURN;0080;2015;IX;ISTAT;2018-09;104,8
M;E;IT;Y;TURN;0080;2015;IX;ISTAT;2018-09;110,2
M;T;IT;Y;TURN;0090;2015;IX;ISTAT;2018-09;110,7
M;D;IT;Y;TURN;0090;2015;IX;ISTAT;2018-09;107,5
M;E;IT;Y;TURN;0090;2015;IX;ISTAT;2018-09;133,4
M;T;IT;N;TURN;0040;2015;IX;ISTAT;2018-10;122,5
M;D;IT;N;TURN;0040;2015;IX;ISTAT;2018-10;121,8
M;E;IT;N;TURN;0040;2015;IX;ISTAT;2018-10;124,1
M;T;IT;N;TURN;0050;2015;IX;ISTAT;2018-10;113,8
M;D;IT;N;TURN;0050;2015;IX;ISTAT;2018-10;108,5
M;E;IT;N;TURN;0050;2015;IX;ISTAT;2018-10;120,9
M;T;IT;N;TURN;0080;2015;IX;ISTAT;2018-10;116,1
M;D;IT;N;TURN;0080;2015;IX;ISTAT;2018-10;113,9
M;E;IT;N;TURN;0080;2015;IX;ISTAT;2018-10;120,4
M;T;IT;N;TURN;0090;2015;IX;ISTAT;2018-10;119,2
M;D;IT;N;TURN;0090;2015;IX;ISTAT;2018-10;117,2
M;E;IT;N;TURN;0090;2015;IX;ISTAT;2018-10;133,7
M;T;IT;N;TURN;B;2015;IX;ISTAT;2018-10;96,2
M;D;IT;N;TURN;B;2015;IX;ISTAT;2018-10;101,8
M;E;IT;N;TURN;B;2015;IX;ISTAT;2018-10;42,5
M;T;IT;N;TURN;C;2015;IX;ISTAT;2018-10;118,2
M;D;IT;N;TURN;C;2015;IX;ISTAT;2018-10;116,0
M;E;IT;N;TURN;C;2015;IX;ISTAT;2018-10;122,4
M;T;IT;W;TURN;0040;2015;IX;ISTAT;2018-10;119,4
M;D;IT;W;TURN;0040;2015;IX;ISTAT;2018-10;118,7
M;E;IT;W;TURN;0040;2015;IX;ISTAT;2018-10;120,8
M;T;IT;W;TURN;0050;2015;IX;ISTAT;2018-10;111,4
M;D;IT;W;TURN;0050;2015;IX;ISTAT;2018-10;106,5
M;E;IT;W;TURN;0050;2015;IX;ISTAT;2018-10;118,0
M;T;IT;W;TURN;0080;2015;IX;ISTAT;2018-10;113,4
M;D;IT;W;TURN;0080;2015;IX;ISTAT;2018-10;111,4
M;E;IT;W;TURN;0080;2015;IX;ISTAT;2018-10;117,3
M;T;IT;W;TURN;0090;2015;IX;ISTAT;2018-10;117,8
M;D;IT;W;TURN;0090;2015;IX;ISTAT;2018-10;115,7
M;E;IT;W;TURN;0090;2015;IX;ISTAT;2018-10;132,4
M;T;IT;W;TURN;B;2015;IX;ISTAT;2018-10;93,3
M;T;IT;W;TURN;C;2015;IX;ISTAT;2018-10;115,6
M;T;IT;Y;TURN;0040;2015;IX;ISTAT;2018-10;110,3
M;D;IT;Y;TURN;0040;2015;IX;ISTAT;2018-10;109,2
M;E;IT;Y;TURN;0040;2015;IX;ISTAT;2018-10;112,9
M;T;IT;Y;TURN;0050;2015;IX;ISTAT;2018-10;107,2
M;D;IT;Y;TURN;0050;2015;IX;ISTAT;2018-10;103,0
M;E;IT;Y;TURN;0050;2015;IX;ISTAT;2018-10;112,9
M;T;IT;Y;TURN;0080;2015;IX;ISTAT;2018-10;108,2
M;D;IT;Y;TURN;0080;2015;IX;ISTAT;2018-10;106,4
M;E;IT;Y;TURN;0080;2015;IX;ISTAT;2018-10;111,6
M;T;IT;Y;TURN;0090;2015;IX;ISTAT;2018-10;112,3
M;D;IT;Y;TURN;0090;2015;IX;ISTAT;2018-10;110,2
M;E;IT;Y;TURN;0090;2015;IX;ISTAT;2018-10;127,5
M;T;IT;N;TURN;0040;2015;IX;ISTAT;2018-11;113,2
M;D;IT;N;TURN;0040;2015;IX;ISTAT;2018-11;112,6
M;E;IT;N;TURN;0040;2015;IX;ISTAT;2018-11;114,5
M;T;IT;N;TURN;0050;2015;IX;ISTAT;2018-11;117,0
M;D;IT;N;TURN;0050;2015;IX;ISTAT;2018-11;112,8
M;E;IT;N;TURN;0050;2015;IX;ISTAT;2018-11;122,7
M;T;IT;N;TURN;0080;2015;IX;ISTAT;2018-11;113,5
M;D;IT;N;TURN;0080;2015;IX;ISTAT;2018-11;110,8
M;E;IT;N;TURN;0080;2015;IX;ISTAT;2018-11;118,7
M;T;IT;N;TURN;0090;2015;IX;ISTAT;2018-11;113,5
M;D;IT;N;TURN;0090;2015;IX;ISTAT;2018-11;114,4
M;E;IT;N;TURN;0090;2015;IX;ISTAT;2018-11;106,8
M;T;IT;N;TURN;B;2015;IX;ISTAT;2018-11;96,7
M;D;IT;N;TURN;B;2015;IX;ISTAT;2018-11;103,4
M;E;IT;N;TURN;B;2015;IX;ISTAT;2018-11;32,2
M;T;IT;N;TURN;C;2015;IX;ISTAT;2018-11;114,5
M;D;IT;N;TURN;C;2015;IX;ISTAT;2018-11;112,4
M;E;IT;N;TURN;C;2015;IX;ISTAT;2018-11;118,7
M;T;IT;W;TURN;0040;2015;IX;ISTAT;2018-11;112,6
M;D;IT;W;TURN;0040;2015;IX;ISTAT;2018-11;112,0
M;E;IT;W;TURN;0040;2015;IX;ISTAT;2018-11;113,8
M;T;IT;W;TURN;0050;2015;IX;ISTAT;2018-11;116,6
M;D;IT;W;TURN;0050;2015;IX;ISTAT;2018-11;112,5
M;E;IT;W;TURN;0050;2015;IX;ISTAT;2018-11;122,2
M;T;IT;W;TURN;0080;2015;IX;ISTAT;2018-11;112,9
M;D;IT;W;TURN;0080;2015;IX;ISTAT;2018-11;110,3
M;E;IT;W;TURN;0080;2015;IX;ISTAT;2018-11;118,0
M;T;IT;W;TURN;0090;2015;IX;ISTAT;2018-11;113,2
M;D;IT;W;TURN;0090;2015;IX;ISTAT;2018-11;114,1
M;E;IT;W;TURN;0090;2015;IX;ISTAT;2018-11;106,6
M;T;IT;W;TURN;B;2015;IX;ISTAT;2018-11;96,0
M;T;IT;W;TURN;C;2015;IX;ISTAT;2018-11;114,0
M;T;IT;Y;TURN;0040;2015;IX;ISTAT;2018-11;109,0
M;D;IT;Y;TURN;0040;2015;IX;ISTAT;2018-11;108,0
M;E;IT;Y;TURN;0040;2015;IX;ISTAT;2018-11;111,2
M;T;IT;Y;TURN;0050;2015;IX;ISTAT;2018-11;109,1
M;D;IT;Y;TURN;0050;2015;IX;ISTAT;2018-11;103,9
M;E;IT;Y;TURN;0050;2015;IX;ISTAT;2018-11;116,0
M;T;IT;Y;TURN;0080;2015;IX;ISTAT;2018-11;107,1
M;D;IT;Y;TURN;0080;2015;IX;ISTAT;2018-11;105,4
M;E;IT;Y;TURN;0080;2015;IX;ISTAT;2018-11;110,5
M;T;IT;Y;TURN;0090;2015;IX;ISTAT;2018-11;115,0
M;D;IT;Y;TURN;0090;2015;IX;ISTAT;2018-11;115,4
M;E;IT;Y;TURN;0090;2015;IX;ISTAT;2018-11;112,0
M;T;IT;N;TURN;0040;2015;IX;ISTAT;2018-12;90,4
M;D;IT;N;TURN;0040;2015;IX;ISTAT;2018-12;90,3
M;E;IT;N;TURN;0040;2015;IX;ISTAT;2018-12;90,5
M;T;IT;N;TURN;0050;2015;IX;ISTAT;2018-12;125,3
M;D;IT;N;TURN;0050;2015;IX;ISTAT;2018-12;129,1
M;E;IT;N;TURN;0050;2015;IX;ISTAT;2018-12;120,2
M;T;IT;N;TURN;0080;2015;IX;ISTAT;2018-12;100,4
M;D;IT;N;TURN;0080;2015;IX;ISTAT;2018-12;100,4
M;E;IT;N;TURN;0080;2015;IX;ISTAT;2018-12;100,5
M;T;IT;N;TURN;0090;2015;IX;ISTAT;2018-12;104,9
M;D;IT;N;TURN;0090;2015;IX;ISTAT;2018-12;104,1
M;E;IT;N;TURN;0090;2015;IX;ISTAT;2018-12;110,4
M;T;IT;N;TURN;B;2015;IX;ISTAT;2018-12;96,1
M;D;IT;N;TURN;B;2015;IX;ISTAT;2018-12;102,9
M;E;IT;N;TURN;B;2015;IX;ISTAT;2018-12;30,6
M;T;IT;N;TURN;C;2015;IX;ISTAT;2018-12;104,3
M;D;IT;N;TURN;C;2015;IX;ISTAT;2018-12;104,1
M;E;IT;N;TURN;C;2015;IX;ISTAT;2018-12;104,8
M;T;IT;W;TURN;0040;2015;IX;ISTAT;2018-12;94,1
M;D;IT;W;TURN;0040;2015;IX;ISTAT;2018-12;94,0
M;E;IT;W;TURN;0040;2015;IX;ISTAT;2018-12;94,2
M;T;IT;W;TURN;0050;2015;IX;ISTAT;2018-12;129,9
M;D;IT;W;TURN;0050;2015;IX;ISTAT;2018-12;133,3
M;E;IT;W;TURN;0050;2015;IX;ISTAT;2018-12;125,2
M;T;IT;W;TURN;0080;2015;IX;ISTAT;2018-12;104,1
M;D;IT;W;TURN;0080;2015;IX;ISTAT;2018-12;103,8
M;E;IT;W;TURN;0080;2015;IX;ISTAT;2018-12;104,6
M;T;IT;W;TURN;0090;2015;IX;ISTAT;2018-12;106,9
M;D;IT;W;TURN;0090;2015;IX;ISTAT;2018-12;106,1
M;E;IT;W;TURN;0090;2015;IX;ISTAT;2018-12;112,1
M;T;IT;W;TURN;B;2015;IX;ISTAT;2018-12;100,4
M;T;IT;W;TURN;C;2015;IX;ISTAT;2018-12;107,9
M;T;IT;Y;TURN;0040;2015;IX;ISTAT;2018-12;107,1
M;D;IT;Y;TURN;0040;2015;IX;ISTAT;2018-12;106,4
M;E;IT;Y;TURN;0040;2015;IX;ISTAT;2018-12;108,8
M;T;IT;Y;TURN;0050;2015;IX;ISTAT;2018-12;103,1
M;D;IT;Y;TURN;0050;2015;IX;ISTAT;2018-12;101,4
M;E;IT;Y;TURN;0050;2015;IX;ISTAT;2018-12;105,5
M;T;IT;Y;TURN;0080;2015;IX;ISTAT;2018-12;105,2
M;D;IT;Y;TURN;0080;2015;IX;ISTAT;2018-12;103,8
M;E;IT;Y;TURN;0080;2015;IX;ISTAT;2018-12;108,0
M;T;IT;Y;TURN;0090;2015;IX;ISTAT;2018-12;102,2
M;D;IT;Y;TURN;0090;2015;IX;ISTAT;2018-12;101,6
M;E;IT;Y;TURN;0090;2015;IX;ISTAT;2018-12;106,4
M;T;IT;N;TURN;0040;2015;IX;ISTAT;2019-01;106,6
M;D;IT;N;TURN;0040;2015;IX;ISTAT;2019-01;105,6
M;E;IT;N;TURN;0040;2015;IX;ISTAT;2019-01;108,9
M;T;IT;N;TURN;0050;2015;IX;ISTAT;2019-01;83,0
M;D;IT;N;TURN;0050;2015;IX;ISTAT;2019-01;75,4
M;E;IT;N;TURN;0050;2015;IX;ISTAT;2019-01;93,2
M;T;IT;N;TURN;0080;2015;IX;ISTAT;2019-01;101,3
M;D;IT;N;TURN;0080;2015;IX;ISTAT;2019-01;99,7
M;E;IT;N;TURN;0080;2015;IX;ISTAT;2019-01;104,4
M;T;IT;N;TURN;0090;2015;IX;ISTAT;2019-01;100,0
M;D;IT;N;TURN;0090;2015;IX;ISTAT;2019-01;100,8
M;E;IT;N;TURN;0090;2015;IX;ISTAT;2019-01;94,4
M;T;IT;N;TURN;B;2015;IX;ISTAT;2019-01;93,7
M;D;IT;N;TURN;B;2015;IX;ISTAT;2019-01;99,9
M;E;IT;N;TURN;B;2015;IX;ISTAT;2019-01;34,4
M;T;IT;N;TURN;C;2015;IX;ISTAT;2019-01;97,9
M;D;IT;N;TURN;C;2015;IX;ISTAT;2019-01;95,9
M;E;IT;N;TURN;C;2015;IX;ISTAT;2019-01;101,7
M;T;IT;W;TURN;0040;2015;IX;ISTAT;2019-01;102,3
M;D;IT;W;TURN;0040;2015;IX;ISTAT;2019-01;101,4
M;E;IT;W;TURN;0040;2015;IX;ISTAT;2019-01;104,4
M;T;IT;W;TURN;0050;2015;IX;ISTAT;2019-01;80,1
M;D;IT;W;TURN;0050;2015;IX;ISTAT;2019-01;73,2
M;E;IT;W;TURN;0050;2015;IX;ISTAT;2019-01;89,6
M;T;IT;W;TURN;0080;2015;IX;ISTAT;2019-01;97,6
M;D;IT;W;TURN;0080;2015;IX;ISTAT;2019-01;96,3
M;E;IT;W;TURN;0080;2015;IX;ISTAT;2019-01;100,0
M;T;IT;W;TURN;0090;2015;IX;ISTAT;2019-01;98,1
M;D;IT;W;TURN;0090;2015;IX;ISTAT;2019-01;98,8
M;E;IT;W;TURN;0090;2015;IX;ISTAT;2019-01;92,9
M;T;IT;W;TURN;B;2015;IX;ISTAT;2019-01;89,1
M;T;IT;W;TURN;C;2015;IX;ISTAT;2019-01;94,5
M;T;IT;Y;TURN;0040;2015;IX;ISTAT;2019-01;110,1
M;D;IT;Y;TURN;0040;2015;IX;ISTAT;2019-01;109,4
M;E;IT;Y;TURN;0040;2015;IX;ISTAT;2019-01;111,7
M;T;IT;Y;TURN;0050;2015;IX;ISTAT;2019-01;107,4
M;D;IT;Y;TURN;0050;2015;IX;ISTAT;2019-01;101,4
M;E;IT;Y;TURN;0050;2015;IX;ISTAT;2019-01;115,6
M;T;IT;Y;TURN;0080;2015;IX;ISTAT;2019-01;107,7
M;D;IT;Y;TURN;0080;2015;IX;ISTAT;2019-01;106,9
M;E;IT;Y;TURN;0080;2015;IX;ISTAT;2019-01;109,3
M;T;IT;Y;TURN;0090;2015;IX;ISTAT;2019-01;106,7
M;D;IT;Y;TURN;0090;2015;IX;ISTAT;2019-01;107,3
M;E;IT;Y;TURN;0090;2015;IX;ISTAT;2019-01;102,6
M;T;IT;N;TURN;0040;2015;IX;ISTAT;2019-02;108,2
M;D;IT;N;TURN;0040;2015;IX;ISTAT;2019-02;107,4
M;E;IT;N;TURN;0040;2015;IX;ISTAT;2019-02;110,0
M;T;IT;N;TURN;0050;2015;IX;ISTAT;2019-02;96,7
M;D;IT;N;TURN;0050;2015;IX;ISTAT;2019-02;93,8
M;E;IT;N;TURN;0050;2015;IX;ISTAT;2019-02;100,7
M;T;IT;N;TURN;0080;2015;IX;ISTAT;2019-02;100,9
M;D;IT;N;TURN;0080;2015;IX;ISTAT;2019-02;100,2
M;E;IT;N;TURN;0080;2015;IX;ISTAT;2019-02;102,2
M;T;IT;N;TURN;0090;2015;IX;ISTAT;2019-02;96,8
M;D;IT;N;TURN;0090;2015;IX;ISTAT;2019-02;99,7
M;E;IT;N;TURN;0090;2015;IX;ISTAT;2019-02;76,0
M;T;IT;N;TURN;B;2015;IX;ISTAT;2019-02;80,1
M;D;IT;N;TURN;B;2015;IX;ISTAT;2019-02;84,7
M;E;IT;N;TURN;B;2015;IX;ISTAT;2019-02;35,7
M;T;IT;N;TURN;C;2015;IX;ISTAT;2019-02;102,1
M;D;IT;N;TURN;C;2015;IX;ISTAT;2019-02;101,4
M;E;IT;N;TURN;C;2015;IX;ISTAT;2019-02;103,6
M;T;IT;W;TURN;0040;2015;IX;ISTAT;2019-02;108,9
M;D;IT;W;TURN;0040;2015;IX;ISTAT;2019-02;107,9
M;E;IT;W;TURN;0040;2015;IX;ISTAT;2019-02;111,1
M;T;IT;W;TURN;0050;2015;IX;ISTAT;2019-02;97,2
M;D;IT;W;TURN;0050;2015;IX;ISTAT;2019-02;94,3
M;E;IT;W;TURN;0050;2015;IX;ISTAT;2019-02;101,3
M;T;IT;W;TURN;0080;2015;IX;ISTAT;2019-02;102,1
M;D;IT;W;TURN;0080;2015;IX;ISTAT;2019-02;101,3
M;E;IT;W;TURN;0080;2015;IX;ISTAT;2019-02;103,6
M;T;IT;W;TURN;0090;2015;IX;ISTAT;2019-02;97,0
M;D;IT;W;TURN;0090;2015;IX;ISTAT;2019-02;99,9
M;E;IT;W;TURN;0090;2015;IX;ISTAT;2019-02;76,1
M;T;IT;W;TURN;B;2015;IX;ISTAT;2019-02;80,5
M;T;IT;W;TURN;C;2015;IX;ISTAT;2019-02;103,4
M;T;IT;Y;TURN;0040;2015;IX;ISTAT;2019-02;109,8
M;D;IT;Y;TURN;0040;2015;IX;ISTAT;2019-02;108,8
M;E;IT;Y;TURN;0040;2015;IX;ISTAT;2019-02;112,0
M;T;IT;Y;TURN;0050;2015;IX;ISTAT;2019-02;108,5
M;D;IT;Y;TURN;0050;2015;IX;ISTAT;2019-02;105,7
M;E;IT;Y;TURN;0050;2015;IX;ISTAT;2019-02;112,2
M;T;IT;Y;TURN;0080;2015;IX;ISTAT;2019-02;107,7
M;D;IT;Y;TURN;0080;2015;IX;ISTAT;2019-02;106,3
M;E;IT;Y;TURN;0080;2015;IX;ISTAT;2019-02;110,4
M;T;IT;Y;TURN;0090;2015;IX;ISTAT;2019-02;105,4
M;D;IT;Y;TURN;0090;2015;IX;ISTAT;2019-02;108,1
M;E;IT;Y;TURN;0090;2015;IX;ISTAT;2019-02;85,9
M;T;IT;N;TURN;0040;2015;IX;ISTAT;2019-03;117,3
M;D;IT;N;TURN;0040;2015;IX;ISTAT;2019-03;116,6
M;E;IT;N;TURN;0040;2015;IX;ISTAT;2019-03;118,9
M;T;IT;N;TURN;0050;2015;IX;ISTAT;2019-03;115,7
M;D;IT;N;TURN;0050;2015;IX;ISTAT;2019-03;111,1
M;E;IT;N;TURN;0050;2015;IX;ISTAT;2019-03;121,9
M;T;IT;N;TURN;0080;2015;IX;ISTAT;2019-03;111,8
M;D;IT;N;TURN;0080;2015;IX;ISTAT;2019-03;111,6
M;E;IT;N;TURN;0080;2015;IX;ISTAT;2019-03;112,3
M;T;IT;N;TURN;0090;2015;IX;ISTAT;2019-03;103,8
M;D;IT;N;TURN;0090;2015;IX;ISTAT;2019-03;102,8
M;E;IT;N;TURN;0090;2015;IX;ISTAT;2019-03;110,7
M;T;IT;N;TURN;B;2015;IX;ISTAT;2019-03;78,8
M;D;IT;N;TURN;B;2015;IX;ISTAT;2019-03;83,1
M;E;IT;N;TURN;B;2015;IX;ISTAT;2019-03;37,2
M;T;IT;N;TURN;C;2015;IX;ISTAT;2019-03;114,6
M;D;IT;N;TURN;C;2015;IX;ISTAT;2019-03;112,9
M;E;IT;N;TURN;C;2015;IX;ISTAT;2019-03;118,0
M;T;IT;W;TURN;0040;2015;IX;ISTAT;2019-03;121,9
M;D;IT;W;TURN;0040;2015;IX;ISTAT;2019-03;121,1
M;E;IT;W;TURN;0040;2015;IX;ISTAT;2019-03;123,5
M;T;IT;W;TURN;0050;2015;IX;ISTAT;2019-03;119,7
M;D;IT;W;TURN;0050;2015;IX;ISTAT;2019-03;114,5
M;E;IT;W;TURN;0050;2015;IX;ISTAT;2019-03;126,7
M;T;IT;W;TURN;0080;2015;IX;ISTAT;2019-03;115,7
M;D;IT;W;TURN;0080;2015;IX;ISTAT;2019-03;115,3
M;E;IT;W;TURN;0080;2015;IX;ISTAT;2019-03;116,7
M;T;IT;W;TURN;0090;2015;IX;ISTAT;2019-03;105,6
M;D;IT;W;TURN;0090;2015;IX;ISTAT;2019-03;104,7
M;E;IT;W;TURN;0090;2015;IX;ISTAT;2019-03;112,3
M;T;IT;W;TURN;B;2015;IX;ISTAT;2019-03;82,8
M;T;IT;W;TURN;C;2015;IX;ISTAT;2019-03;118,4
M;T;IT;Y;TURN;0040;2015;IX;ISTAT;2019-03;110,6
M;D;IT;Y;TURN;0040;2015;IX;ISTAT;2019-03;109,9
M;E;IT;Y;TURN;0040;2015;IX;ISTAT;2019-03;112,1
M;T;IT;Y;TURN;0050;2015;IX;ISTAT;2019-03;108,3
M;D;IT;Y;TURN;0050;2015;IX;ISTAT;2019-03;104,3
M;E;IT;Y;TURN;0050;2015;IX;ISTAT;2019-03;113,8
M;T;IT;Y;TURN;0080;2015;IX;ISTAT;2019-03;108,0
M;D;IT;Y;TURN;0080;2015;IX;ISTAT;2019-03;106,5
M;E;IT;Y;TURN;0080;2015;IX;ISTAT;2019-03;110,9
M;T;IT;Y;TURN;0090;2015;IX;ISTAT;2019-03;105,4
M;D;IT;Y;TURN;0090;2015;IX;ISTAT;2019-03;104,5
M;E;IT;Y;TURN;0090;2015;IX;ISTAT;2019-03;111,8
M;T;IT;N;TURN;0040;2015;IX;ISTAT;2019-04;107,3
M;D;IT;N;TURN;0040;2015;IX;ISTAT;2019-04;106,2
M;E;IT;N;TURN;0040;2015;IX;ISTAT;2019-04;109,9
M;T;IT;N;TURN;0050;2015;IX;ISTAT;2019-04;100,3
M;D;IT;N;TURN;0050;2015;IX;ISTAT;2019-04;95,9
M;E;IT;N;TURN;0050;2015;IX;ISTAT;2019-04;106,3
M;T;IT;N;TURN;0080;2015;IX;ISTAT;2019-04;103,2
M;D;IT;N;TURN;0080;2015;IX;ISTAT;2019-04;104,3
M;E;IT;N;TURN;0080;2015;IX;ISTAT;2019-04;101,0
M;T;IT;N;TURN;0090;2015;IX;ISTAT;2019-04;104,8
M;D;IT;N;TURN;0090;2015;IX;ISTAT;2019-04;106,5
M;E;IT;N;TURN;0090;2015;IX;ISTAT;2019-04;92,9
M;T;IT;N;TURN;B;2015;IX;ISTAT;2019-04;79,9
M;D;IT;N;TURN;B;2015;IX;ISTAT;2019-04;83,6
M;E;IT;N;TURN;B;2015;IX;ISTAT;2019-04;44,5
M;T;IT;N;TURN;C;2015;IX;ISTAT;2019-04;104,2
M;D;IT;N;TURN;C;2015;IX;ISTAT;2019-04;103,4
M;E;IT;N;TURN;C;2015;IX;ISTAT;2019-04;105,7
M;T;IT;W;TURN;0040;2015;IX;ISTAT;2019-04;107,6
M;D;IT;W;TURN;0040;2015;IX;ISTAT;2019-04;106,5
M;E;IT;W;TURN;0040;2015;IX;ISTAT;2019-04;110,1
M;T;IT;W;TURN;0050;2015;IX;ISTAT;2019-04;100,6
M;D;IT;W;TURN;0050;2015;IX;ISTAT;2019-04;96,2
M;E;IT;W;TURN;0050;2015;IX;ISTAT;2019-04;106,7
M;T;IT;W;TURN;0080;2015;IX;ISTAT;2019-04;103,3
M;D;IT;W;TURN;0080;2015;IX;ISTAT;2019-04;104,4
M;E;IT;W;TURN;0080;2015;IX;ISTAT;2019-04;101,2
M;T;IT;W;TURN;0090;2015;IX;ISTAT;2019-04;104,9
M;D;IT;W;TURN;0090;2015;IX;ISTAT;2019-04;106,6
M;E;IT;W;TURN;0090;2015;IX;ISTAT;2019-04;93,0
M;T;IT;W;TURN;B;2015;IX;ISTAT;2019-04;80,0
M;T;IT;W;TURN;C;2015;IX;ISTAT;2019-04;104,4
M;T;IT;Y;TURN;0040;2015;IX;ISTAT;2019-04;107,6
M;D;IT;Y;TURN;0040;2015;IX;ISTAT;2019-04;107,2
M;E;IT;Y;TURN;0040;2015;IX;ISTAT;2019-04;108,6
M;T;IT;Y;TURN;0050;2015;IX;ISTAT;2019-04;106,9
M;D;IT;Y;TURN;0050;2015;IX;ISTAT;2019-04;104,3
M;E;IT;Y;TURN;0050;2015;IX;ISTAT;2019-04;110,3
M;T;IT;Y;TURN;0080;2015;IX;ISTAT;2019-04;109,0
M;D;IT;Y;TURN;0080;2015;IX;ISTAT;2019-04;109,0
M;E;IT;Y;TURN;0080;2015;IX;ISTAT;2019-04;108,9
M;T;IT;Y;TURN;0090;2015;IX;ISTAT;2019-04;105,6
M;D;IT;Y;TURN;0090;2015;IX;ISTAT;2019-04;106,8
M;E;IT;Y;TURN;0090;2015;IX;ISTAT;2019-04;96,7
