﻿FREQ;REF_AREA;BASE_PER;INDICATOR;MARKET;ATECO;ADJ;SOURCE;TIME_PERIOD;VALUE
M;IT;2015;TURN;D;MIG.0040;Neither seasonally or working day adjusted;ISTAT;2018-03;117.9
M;IT;2015;TURN;D;MIG.0050;Neither seasonally or working day adjusted;ISTAT;2018-03;120.1
M;IT;2015;TURN;D;MIG.0080;Neither seasonally or working day adjusted;ISTAT;2018-03;113.9
M;IT;2015;TURN;D;MIG.0090;Neither seasonally or working day adjusted;ISTAT;2018-03;102.1
M;IT;2015;TURN;D;B;Neither seasonally or working day adjusted;ISTAT;2018-03;84.2
M;IT;2015;TURN;D;C;Neither seasonally or working day adjusted;ISTAT;2018-03;116.2
M;IT;2015;TURN;D;MIG.0040;Working day adjusted, not seasonally adjusted;ISTAT;2018-03;118.2
M;IT;2015;TURN;D;MIG.0050;Working day adjusted, not seasonally adjusted;ISTAT;2018-03;120.5
M;IT;2015;TURN;D;MIG.0080;Working day adjusted, not seasonally adjusted;ISTAT;2018-03;114.2
M;IT;2015;TURN;D;MIG.0090;Working day adjusted, not seasonally adjusted;ISTAT;2018-03;102.2
M;IT;2015;TURN;D;MIG.0040;Working day and seasonally adjusted;ISTAT;2018-03;107.5
M;IT;2015;TURN;D;MIG.0050;Working day and seasonally adjusted;ISTAT;2018-03;109.9
M;IT;2015;TURN;D;MIG.0080;Working day and seasonally adjusted;ISTAT;2018-03;105.4
M;IT;2015;TURN;D;MIG.0090;Working day and seasonally adjusted;ISTAT;2018-03;102.0
M;IT;2015;TURN;D;MIG.0040;Neither seasonally or working day adjusted;ISTAT;2018-04;105.0
M;IT;2015;TURN;D;MIG.0050;Neither seasonally or working day adjusted;ISTAT;2018-04;97.0
M;IT;2015;TURN;D;MIG.0080;Neither seasonally or working day adjusted;ISTAT;2018-04;94.9
M;IT;2015;TURN;D;MIG.0090;Neither seasonally or working day adjusted;ISTAT;2018-04;101.0
M;IT;2015;TURN;D;B;Neither seasonally or working day adjusted;ISTAT;2018-04;90.1
M;IT;2015;TURN;D;C;Neither seasonally or working day adjusted;ISTAT;2018-04;99.8
M;IT;2015;TURN;D;MIG.0040;Working day adjusted, not seasonally adjusted;ISTAT;2018-04;109.1
M;IT;2015;TURN;D;MIG.0050;Working day adjusted, not seasonally adjusted;ISTAT;2018-04;100.0
M;IT;2015;TURN;D;MIG.0080;Working day adjusted, not seasonally adjusted;ISTAT;2018-04;98.0
M;IT;2015;TURN;D;MIG.0090;Working day adjusted, not seasonally adjusted;ISTAT;2018-04;102.8
M;IT;2015;TURN;D;MIG.0040;Working day and seasonally adjusted;ISTAT;2018-04;109.5
M;IT;2015;TURN;D;MIG.0050;Working day and seasonally adjusted;ISTAT;2018-04;108.5
M;IT;2015;TURN;D;MIG.0080;Working day and seasonally adjusted;ISTAT;2018-04;103.3
M;IT;2015;TURN;D;MIG.0090;Working day and seasonally adjusted;ISTAT;2018-04;103.1
M;IT;2015;TURN;D;MIG.0040;Neither seasonally or working day adjusted;ISTAT;2018-05;123.4
M;IT;2015;TURN;D;MIG.0050;Neither seasonally or working day adjusted;ISTAT;2018-05;117.7
M;IT;2015;TURN;D;MIG.0080;Neither seasonally or working day adjusted;ISTAT;2018-05;108.9
M;IT;2015;TURN;D;MIG.0090;Neither seasonally or working day adjusted;ISTAT;2018-05;108.2
M;IT;2015;TURN;D;B;Neither seasonally or working day adjusted;ISTAT;2018-05;75.7
M;IT;2015;TURN;D;C;Neither seasonally or working day adjusted;ISTAT;2018-05;116.8
M;IT;2015;TURN;D;MIG.0040;Working day adjusted, not seasonally adjusted;ISTAT;2018-05;121.5
M;IT;2015;TURN;D;MIG.0050;Working day adjusted, not seasonally adjusted;ISTAT;2018-05;116.4
M;IT;2015;TURN;D;MIG.0080;Working day adjusted, not seasonally adjusted;ISTAT;2018-05;107.4
M;IT;2015;TURN;D;MIG.0090;Working day adjusted, not seasonally adjusted;ISTAT;2018-05;107.4
M;IT;2015;TURN;D;MIG.0040;Working day and seasonally adjusted;ISTAT;2018-05;110.2
M;IT;2015;TURN;D;MIG.0050;Working day and seasonally adjusted;ISTAT;2018-05;108.7
M;IT;2015;TURN;D;MIG.0080;Working day and seasonally adjusted;ISTAT;2018-05;105.7
M;IT;2015;TURN;D;MIG.0090;Working day and seasonally adjusted;ISTAT;2018-05;109.0
M;IT;2015;TURN;D;MIG.0040;Neither seasonally or working day adjusted;ISTAT;2018-06;118.6
M;IT;2015;TURN;D;MIG.0050;Neither seasonally or working day adjusted;ISTAT;2018-06;130.9
M;IT;2015;TURN;D;MIG.0080;Neither seasonally or working day adjusted;ISTAT;2018-06;108.0
M;IT;2015;TURN;D;MIG.0090;Neither seasonally or working day adjusted;ISTAT;2018-06;110.5
M;IT;2015;TURN;D;B;Neither seasonally or working day adjusted;ISTAT;2018-06;92.2
M;IT;2015;TURN;D;C;Neither seasonally or working day adjusted;ISTAT;2018-06;118.1
M;IT;2015;TURN;D;MIG.0040;Working day adjusted, not seasonally adjusted;ISTAT;2018-06;118.0
M;IT;2015;TURN;D;MIG.0050;Working day adjusted, not seasonally adjusted;ISTAT;2018-06;130.5
M;IT;2015;TURN;D;MIG.0080;Working day adjusted, not seasonally adjusted;ISTAT;2018-06;107.5
M;IT;2015;TURN;D;MIG.0090;Working day adjusted, not seasonally adjusted;ISTAT;2018-06;110.2
M;IT;2015;TURN;D;MIG.0040;Working day and seasonally adjusted;ISTAT;2018-06;110.4
M;IT;2015;TURN;D;MIG.0050;Working day and seasonally adjusted;ISTAT;2018-06;110.7
M;IT;2015;TURN;D;MIG.0080;Working day and seasonally adjusted;ISTAT;2018-06;104.7
M;IT;2015;TURN;D;MIG.0090;Working day and seasonally adjusted;ISTAT;2018-06;106.6
M;IT;2015;TURN;D;MIG.0040;Neither seasonally or working day adjusted;ISTAT;2018-07;123.1
M;IT;2015;TURN;D;MIG.0050;Neither seasonally or working day adjusted;ISTAT;2018-07;111.7
M;IT;2015;TURN;D;MIG.0080;Neither seasonally or working day adjusted;ISTAT;2018-07;113.7
M;IT;2015;TURN;D;MIG.0090;Neither seasonally or working day adjusted;ISTAT;2018-07;110.2
M;IT;2015;TURN;D;B;Neither seasonally or working day adjusted;ISTAT;2018-07;96.5
M;IT;2015;TURN;D;C;Neither seasonally or working day adjusted;ISTAT;2018-07;116.6
M;IT;2015;TURN;D;MIG.0040;Working day adjusted, not seasonally adjusted;ISTAT;2018-07;124.3
M;IT;2015;TURN;D;MIG.0050;Working day adjusted, not seasonally adjusted;ISTAT;2018-07;112.7
M;IT;2015;TURN;D;MIG.0080;Working day adjusted, not seasonally adjusted;ISTAT;2018-07;114.6
M;IT;2015;TURN;D;MIG.0090;Working day adjusted, not seasonally adjusted;ISTAT;2018-07;110.7
M;IT;2015;TURN;D;MIG.0040;Working day and seasonally adjusted;ISTAT;2018-07;109.3
M;IT;2015;TURN;D;MIG.0050;Working day and seasonally adjusted;ISTAT;2018-07;108.0
M;IT;2015;TURN;D;MIG.0080;Working day and seasonally adjusted;ISTAT;2018-07;104.2
M;IT;2015;TURN;D;MIG.0090;Working day and seasonally adjusted;ISTAT;2018-07;104.1
M;IT;2015;TURN;D;MIG.0040;Neither seasonally or working day adjusted;ISTAT;2018-08;66.0
M;IT;2015;TURN;D;MIG.0050;Neither seasonally or working day adjusted;ISTAT;2018-08;62.9
M;IT;2015;TURN;D;MIG.0080;Neither seasonally or working day adjusted;ISTAT;2018-08;87.1
M;IT;2015;TURN;D;MIG.0090;Neither seasonally or working day adjusted;ISTAT;2018-08;105.1
M;IT;2015;TURN;D;B;Neither seasonally or working day adjusted;ISTAT;2018-08;76.9
M;IT;2015;TURN;D;C;Neither seasonally or working day adjusted;ISTAT;2018-08;75.2
M;IT;2015;TURN;D;MIG.0040;Working day adjusted, not seasonally adjusted;ISTAT;2018-08;65.0
M;IT;2015;TURN;D;MIG.0050;Working day adjusted, not seasonally adjusted;ISTAT;2018-08;62.2
M;IT;2015;TURN;D;MIG.0080;Working day adjusted, not seasonally adjusted;ISTAT;2018-08;85.9
M;IT;2015;TURN;D;MIG.0090;Working day adjusted, not seasonally adjusted;ISTAT;2018-08;104.3
M;IT;2015;TURN;D;MIG.0040;Working day and seasonally adjusted;ISTAT;2018-08;110.1
M;IT;2015;TURN;D;MIG.0050;Working day and seasonally adjusted;ISTAT;2018-08;106.5
M;IT;2015;TURN;D;MIG.0080;Working day and seasonally adjusted;ISTAT;2018-08;105.0
M;IT;2015;TURN;D;MIG.0090;Working day and seasonally adjusted;ISTAT;2018-08;105.9
M;IT;2015;TURN;D;MIG.0040;Neither seasonally or working day adjusted;ISTAT;2018-09;112.6
M;IT;2015;TURN;D;MIG.0050;Neither seasonally or working day adjusted;ISTAT;2018-09;111.8
M;IT;2015;TURN;D;MIG.0080;Neither seasonally or working day adjusted;ISTAT;2018-09;106.4
M;IT;2015;TURN;D;MIG.0090;Neither seasonally or working day adjusted;ISTAT;2018-09;107.9
M;IT;2015;TURN;D;B;Neither seasonally or working day adjusted;ISTAT;2018-09;84.7
M;IT;2015;TURN;D;C;Neither seasonally or working day adjusted;ISTAT;2018-09;110.5
M;IT;2015;TURN;D;MIG.0040;Working day adjusted, not seasonally adjusted;ISTAT;2018-09;119.0
M;IT;2015;TURN;D;MIG.0050;Working day adjusted, not seasonally adjusted;ISTAT;2018-09;116.8
M;IT;2015;TURN;D;MIG.0080;Working day adjusted, not seasonally adjusted;ISTAT;2018-09;111.4
M;IT;2015;TURN;D;MIG.0090;Working day adjusted, not seasonally adjusted;ISTAT;2018-09;110.8
M;IT;2015;TURN;D;MIG.0040;Working day and seasonally adjusted;ISTAT;2018-09;109.7
M;IT;2015;TURN;D;MIG.0050;Working day and seasonally adjusted;ISTAT;2018-09;108.8
M;IT;2015;TURN;D;MIG.0080;Working day and seasonally adjusted;ISTAT;2018-09;104.8
M;IT;2015;TURN;D;MIG.0090;Working day and seasonally adjusted;ISTAT;2018-09;107.5
M;IT;2015;TURN;D;MIG.0040;Neither seasonally or working day adjusted;ISTAT;2018-10;121.8
M;IT;2015;TURN;D;MIG.0050;Neither seasonally or working day adjusted;ISTAT;2018-10;108.5
M;IT;2015;TURN;D;MIG.0080;Neither seasonally or working day adjusted;ISTAT;2018-10;113.9
M;IT;2015;TURN;D;MIG.0090;Neither seasonally or working day adjusted;ISTAT;2018-10;117.2
M;IT;2015;TURN;D;B;Neither seasonally or working day adjusted;ISTAT;2018-10;101.8
M;IT;2015;TURN;D;C;Neither seasonally or working day adjusted;ISTAT;2018-10;116.0
M;IT;2015;TURN;D;MIG.0040;Working day adjusted, not seasonally adjusted;ISTAT;2018-10;118.7
M;IT;2015;TURN;D;MIG.0050;Working day adjusted, not seasonally adjusted;ISTAT;2018-10;106.5
M;IT;2015;TURN;D;MIG.0080;Working day adjusted, not seasonally adjusted;ISTAT;2018-10;111.4
M;IT;2015;TURN;D;MIG.0090;Working day adjusted, not seasonally adjusted;ISTAT;2018-10;115.7
M;IT;2015;TURN;D;MIG.0040;Working day and seasonally adjusted;ISTAT;2018-10;109.2
M;IT;2015;TURN;D;MIG.0050;Working day and seasonally adjusted;ISTAT;2018-10;103.0
M;IT;2015;TURN;D;MIG.0080;Working day and seasonally adjusted;ISTAT;2018-10;106.4
M;IT;2015;TURN;D;MIG.0090;Working day and seasonally adjusted;ISTAT;2018-10;110.2
M;IT;2015;TURN;D;MIG.0040;Neither seasonally or working day adjusted;ISTAT;2018-11;112.6
M;IT;2015;TURN;D;MIG.0050;Neither seasonally or working day adjusted;ISTAT;2018-11;112.8
M;IT;2015;TURN;D;MIG.0080;Neither seasonally or working day adjusted;ISTAT;2018-11;110.8
M;IT;2015;TURN;D;MIG.0090;Neither seasonally or working day adjusted;ISTAT;2018-11;114.4
M;IT;2015;TURN;D;B;Neither seasonally or working day adjusted;ISTAT;2018-11;103.4
M;IT;2015;TURN;D;C;Neither seasonally or working day adjusted;ISTAT;2018-11;112.4
M;IT;2015;TURN;D;MIG.0040;Working day adjusted, not seasonally adjusted;ISTAT;2018-11;112.0
M;IT;2015;TURN;D;MIG.0050;Working day adjusted, not seasonally adjusted;ISTAT;2018-11;112.5
M;IT;2015;TURN;D;MIG.0080;Working day adjusted, not seasonally adjusted;ISTAT;2018-11;110.3
M;IT;2015;TURN;D;MIG.0090;Working day adjusted, not seasonally adjusted;ISTAT;2018-11;114.1
M;IT;2015;TURN;D;MIG.0040;Working day and seasonally adjusted;ISTAT;2018-11;108.0
M;IT;2015;TURN;D;MIG.0050;Working day and seasonally adjusted;ISTAT;2018-11;103.9
M;IT;2015;TURN;D;MIG.0080;Working day and seasonally adjusted;ISTAT;2018-11;105.4
M;IT;2015;TURN;D;MIG.0090;Working day and seasonally adjusted;ISTAT;2018-11;115.4
M;IT;2015;TURN;D;MIG.0040;Neither seasonally or working day adjusted;ISTAT;2018-12;90.3
M;IT;2015;TURN;D;MIG.0050;Neither seasonally or working day adjusted;ISTAT;2018-12;129.1
M;IT;2015;TURN;D;MIG.0080;Neither seasonally or working day adjusted;ISTAT;2018-12;100.4
M;IT;2015;TURN;D;MIG.0090;Neither seasonally or working day adjusted;ISTAT;2018-12;104.1
M;IT;2015;TURN;D;B;Neither seasonally or working day adjusted;ISTAT;2018-12;102.9
M;IT;2015;TURN;D;C;Neither seasonally or working day adjusted;ISTAT;2018-12;104.1
M;IT;2015;TURN;D;MIG.0040;Working day adjusted, not seasonally adjusted;ISTAT;2018-12;94.0
M;IT;2015;TURN;D;MIG.0050;Working day adjusted, not seasonally adjusted;ISTAT;2018-12;133.3
M;IT;2015;TURN;D;MIG.0080;Working day adjusted, not seasonally adjusted;ISTAT;2018-12;103.8
M;IT;2015;TURN;D;MIG.0090;Working day adjusted, not seasonally adjusted;ISTAT;2018-12;106.1
M;IT;2015;TURN;D;MIG.0040;Working day and seasonally adjusted;ISTAT;2018-12;106.4
M;IT;2015;TURN;D;MIG.0050;Working day and seasonally adjusted;ISTAT;2018-12;101.4
M;IT;2015;TURN;D;MIG.0080;Working day and seasonally adjusted;ISTAT;2018-12;103.8
M;IT;2015;TURN;D;MIG.0090;Working day and seasonally adjusted;ISTAT;2018-12;101.6
M;IT;2015;TURN;D;MIG.0040;Neither seasonally or working day adjusted;ISTAT;2019-01;105.6
M;IT;2015;TURN;D;MIG.0050;Neither seasonally or working day adjusted;ISTAT;2019-01;75.4
M;IT;2015;TURN;D;MIG.0080;Neither seasonally or working day adjusted;ISTAT;2019-01;99.7
M;IT;2015;TURN;D;MIG.0090;Neither seasonally or working day adjusted;ISTAT;2019-01;100.8
M;IT;2015;TURN;D;B;Neither seasonally or working day adjusted;ISTAT;2019-01;99.9
M;IT;2015;TURN;D;C;Neither seasonally or working day adjusted;ISTAT;2019-01;95.9
M;IT;2015;TURN;D;MIG.0040;Working day adjusted, not seasonally adjusted;ISTAT;2019-01;101.4
M;IT;2015;TURN;D;MIG.0050;Working day adjusted, not seasonally adjusted;ISTAT;2019-01;73.2
M;IT;2015;TURN;D;MIG.0080;Working day adjusted, not seasonally adjusted;ISTAT;2019-01;96.3
M;IT;2015;TURN;D;MIG.0090;Working day adjusted, not seasonally adjusted;ISTAT;2019-01;98.8
M;IT;2015;TURN;D;MIG.0040;Working day and seasonally adjusted;ISTAT;2019-01;109.4
M;IT;2015;TURN;D;MIG.0050;Working day and seasonally adjusted;ISTAT;2019-01;101.4
M;IT;2015;TURN;D;MIG.0080;Working day and seasonally adjusted;ISTAT;2019-01;106.9
M;IT;2015;TURN;D;MIG.0090;Working day and seasonally adjusted;ISTAT;2019-01;107.3
M;IT;2015;TURN;D;MIG.0040;Neither seasonally or working day adjusted;ISTAT;2019-02;107.4
M;IT;2015;TURN;D;MIG.0050;Neither seasonally or working day adjusted;ISTAT;2019-02;93.8
M;IT;2015;TURN;D;MIG.0080;Neither seasonally or working day adjusted;ISTAT;2019-02;100.2
M;IT;2015;TURN;D;MIG.0090;Neither seasonally or working day adjusted;ISTAT;2019-02;99.7
M;IT;2015;TURN;D;B;Neither seasonally or working day adjusted;ISTAT;2019-02;84.7
M;IT;2015;TURN;D;C;Neither seasonally or working day adjusted;ISTAT;2019-02;101.4
M;IT;2015;TURN;D;MIG.0040;Working day adjusted, not seasonally adjusted;ISTAT;2019-02;107.9
M;IT;2015;TURN;D;MIG.0050;Working day adjusted, not seasonally adjusted;ISTAT;2019-02;94.3
M;IT;2015;TURN;D;MIG.0080;Working day adjusted, not seasonally adjusted;ISTAT;2019-02;101.3
M;IT;2015;TURN;D;MIG.0090;Working day adjusted, not seasonally adjusted;ISTAT;2019-02;99.9
M;IT;2015;TURN;D;MIG.0040;Working day and seasonally adjusted;ISTAT;2019-02;108.8
M;IT;2015;TURN;D;MIG.0050;Working day and seasonally adjusted;ISTAT;2019-02;105.7
M;IT;2015;TURN;D;MIG.0080;Working day and seasonally adjusted;ISTAT;2019-02;106.3
M;IT;2015;TURN;D;MIG.0090;Working day and seasonally adjusted;ISTAT;2019-02;108.1
M;IT;2015;TURN;D;MIG.0040;Neither seasonally or working day adjusted;ISTAT;2019-03;116.6
M;IT;2015;TURN;D;MIG.0050;Neither seasonally or working day adjusted;ISTAT;2019-03;111.1
M;IT;2015;TURN;D;MIG.0080;Neither seasonally or working day adjusted;ISTAT;2019-03;111.6
M;IT;2015;TURN;D;MIG.0090;Neither seasonally or working day adjusted;ISTAT;2019-03;102.8
M;IT;2015;TURN;D;B;Neither seasonally or working day adjusted;ISTAT;2019-03;83.1
M;IT;2015;TURN;D;C;Neither seasonally or working day adjusted;ISTAT;2019-03;112.9
M;IT;2015;TURN;D;MIG.0040;Working day adjusted, not seasonally adjusted;ISTAT;2019-03;121.1
M;IT;2015;TURN;D;MIG.0050;Working day adjusted, not seasonally adjusted;ISTAT;2019-03;114.5
M;IT;2015;TURN;D;MIG.0080;Working day adjusted, not seasonally adjusted;ISTAT;2019-03;115.3
M;IT;2015;TURN;D;MIG.0090;Working day adjusted, not seasonally adjusted;ISTAT;2019-03;104.7
M;IT;2015;TURN;D;MIG.0040;Working day and seasonally adjusted;ISTAT;2019-03;109.9
M;IT;2015;TURN;D;MIG.0050;Working day and seasonally adjusted;ISTAT;2019-03;104.3
M;IT;2015;TURN;D;MIG.0080;Working day and seasonally adjusted;ISTAT;2019-03;106.5
M;IT;2015;TURN;D;MIG.0090;Working day and seasonally adjusted;ISTAT;2019-03;104.5
M;IT;2015;TURN;D;MIG.0040;Neither seasonally or working day adjusted;ISTAT;2019-04;(P)106.2
M;IT;2015;TURN;D;MIG.0050;Neither seasonally or working day adjusted;ISTAT;2019-04;(P)95.9
M;IT;2015;TURN;D;MIG.0080;Neither seasonally or working day adjusted;ISTAT;2019-04;(P)104.3
M;IT;2015;TURN;D;MIG.0090;Neither seasonally or working day adjusted;ISTAT;2019-04;(P)106.5
M;IT;2015;TURN;D;B;Neither seasonally or working day adjusted;ISTAT;2019-04;(P)83.6
M;IT;2015;TURN;D;C;Neither seasonally or working day adjusted;ISTAT;2019-04;(P)103.4
M;IT;2015;TURN;D;MIG.0040;Working day adjusted, not seasonally adjusted;ISTAT;2019-04;(P)106.5
M;IT;2015;TURN;D;MIG.0050;Working day adjusted, not seasonally adjusted;ISTAT;2019-04;(P)96.2
M;IT;2015;TURN;D;MIG.0080;Working day adjusted, not seasonally adjusted;ISTAT;2019-04;(P)104.4
M;IT;2015;TURN;D;MIG.0090;Working day adjusted, not seasonally adjusted;ISTAT;2019-04;(P)106.6
M;IT;2015;TURN;D;MIG.0040;Working day and seasonally adjusted;ISTAT;2019-04;(P)107.2
M;IT;2015;TURN;D;MIG.0050;Working day and seasonally adjusted;ISTAT;2019-04;(P)104.3
M;IT;2015;TURN;D;MIG.0080;Working day and seasonally adjusted;ISTAT;2019-04;(P)109
M;IT;2015;TURN;D;MIG.0090;Working day and seasonally adjusted;ISTAT;2019-04;(P)106.8
