﻿FREQ;REF_AREA;BASE_PER;INDICATOR;MARKET;ATECO;ADJ;SOURCE;TIME_PERIOD;VALUE
M;IT;2015;TURN;T;MIG.0040;Neither seasonally or working day adjusted;ISTAT;2018-03;118.6
M;IT;2015;TURN;T;MIG.0050;Neither seasonally or working day adjusted;ISTAT;2018-03;120.0
M;IT;2015;TURN;T;MIG.0080;Neither seasonally or working day adjusted;ISTAT;2018-03;114.4
M;IT;2015;TURN;T;MIG.0090;Neither seasonally or working day adjusted;ISTAT;2018-03;101.5
M;IT;2015;TURN;T;B;Neither seasonally or working day adjusted;ISTAT;2018-03;80.7
M;IT;2015;TURN;T;C;Neither seasonally or working day adjusted;ISTAT;2018-03;116.9
M;IT;2015;TURN;T;MIG.0040;Working day adjusted, not seasonally adjusted;ISTAT;2018-03;118.9
M;IT;2015;TURN;T;MIG.0050;Working day adjusted, not seasonally adjusted;ISTAT;2018-03;120.4
M;IT;2015;TURN;T;MIG.0080;Working day adjusted, not seasonally adjusted;ISTAT;2018-03;114.7
M;IT;2015;TURN;T;MIG.0090;Working day adjusted, not seasonally adjusted;ISTAT;2018-03;101.6
M;IT;2015;TURN;T;B;Working day adjusted, not seasonally adjusted;ISTAT;2018-03;80.8
M;IT;2015;TURN;T;C;Working day adjusted, not seasonally adjusted;ISTAT;2018-03;117.1
M;IT;2015;TURN;T;MIG.0040;Working day and seasonally adjusted;ISTAT;2018-03;108.2
M;IT;2015;TURN;T;MIG.0050;Working day and seasonally adjusted;ISTAT;2018-03;109.1
M;IT;2015;TURN;T;MIG.0080;Working day and seasonally adjusted;ISTAT;2018-03;107.2
M;IT;2015;TURN;T;MIG.0090;Working day and seasonally adjusted;ISTAT;2018-03;101.4
M;IT;2015;TURN;T;MIG.0040;Neither seasonally or working day adjusted;ISTAT;2018-04;106.5
M;IT;2015;TURN;T;MIG.0050;Neither seasonally or working day adjusted;ISTAT;2018-04;100.0
M;IT;2015;TURN;T;MIG.0080;Neither seasonally or working day adjusted;ISTAT;2018-04;96.4
M;IT;2015;TURN;T;MIG.0090;Neither seasonally or working day adjusted;ISTAT;2018-04;102.5
M;IT;2015;TURN;T;B;Neither seasonally or working day adjusted;ISTAT;2018-04;85.0
M;IT;2015;TURN;T;C;Neither seasonally or working day adjusted;ISTAT;2018-04;101.5
M;IT;2015;TURN;T;MIG.0040;Working day adjusted, not seasonally adjusted;ISTAT;2018-04;110.6
M;IT;2015;TURN;T;MIG.0050;Working day adjusted, not seasonally adjusted;ISTAT;2018-04;103.4
M;IT;2015;TURN;T;MIG.0080;Working day adjusted, not seasonally adjusted;ISTAT;2018-04;99.8
M;IT;2015;TURN;T;MIG.0090;Working day adjusted, not seasonally adjusted;ISTAT;2018-04;104.4
M;IT;2015;TURN;T;B;Working day adjusted, not seasonally adjusted;ISTAT;2018-04;89.0
M;IT;2015;TURN;T;C;Working day adjusted, not seasonally adjusted;ISTAT;2018-04;104.8
M;IT;2015;TURN;T;MIG.0040;Working day and seasonally adjusted;ISTAT;2018-04;110.3
M;IT;2015;TURN;T;MIG.0050;Working day and seasonally adjusted;ISTAT;2018-04;109.8
M;IT;2015;TURN;T;MIG.0080;Working day and seasonally adjusted;ISTAT;2018-04;105.8
M;IT;2015;TURN;T;MIG.0090;Working day and seasonally adjusted;ISTAT;2018-04;105.2
M;IT;2015;TURN;T;MIG.0040;Neither seasonally or working day adjusted;ISTAT;2018-05;123.3
M;IT;2015;TURN;T;MIG.0050;Neither seasonally or working day adjusted;ISTAT;2018-05;119.8
M;IT;2015;TURN;T;MIG.0080;Neither seasonally or working day adjusted;ISTAT;2018-05;111.7
M;IT;2015;TURN;T;MIG.0090;Neither seasonally or working day adjusted;ISTAT;2018-05;110.4
M;IT;2015;TURN;T;B;Neither seasonally or working day adjusted;ISTAT;2018-05;72.4
M;IT;2015;TURN;T;C;Neither seasonally or working day adjusted;ISTAT;2018-05;118.4
M;IT;2015;TURN;T;MIG.0040;Working day adjusted, not seasonally adjusted;ISTAT;2018-05;121.4
M;IT;2015;TURN;T;MIG.0050;Working day adjusted, not seasonally adjusted;ISTAT;2018-05;118.4
M;IT;2015;TURN;T;MIG.0080;Working day adjusted, not seasonally adjusted;ISTAT;2018-05;110.1
M;IT;2015;TURN;T;MIG.0090;Working day adjusted, not seasonally adjusted;ISTAT;2018-05;109.6
M;IT;2015;TURN;T;B;Working day adjusted, not seasonally adjusted;ISTAT;2018-05;70.5
M;IT;2015;TURN;T;C;Working day adjusted, not seasonally adjusted;ISTAT;2018-05;116.8
M;IT;2015;TURN;T;MIG.0040;Working day and seasonally adjusted;ISTAT;2018-05;110.7
M;IT;2015;TURN;T;MIG.0050;Working day and seasonally adjusted;ISTAT;2018-05;110.9
M;IT;2015;TURN;T;MIG.0080;Working day and seasonally adjusted;ISTAT;2018-05;107.7
M;IT;2015;TURN;T;MIG.0090;Working day and seasonally adjusted;ISTAT;2018-05;110.9
M;IT;2015;TURN;T;MIG.0040;Neither seasonally or working day adjusted;ISTAT;2018-06;119.2
M;IT;2015;TURN;T;MIG.0050;Neither seasonally or working day adjusted;ISTAT;2018-06;128.3
M;IT;2015;TURN;T;MIG.0080;Neither seasonally or working day adjusted;ISTAT;2018-06;111.9
M;IT;2015;TURN;T;MIG.0090;Neither seasonally or working day adjusted;ISTAT;2018-06;112.3
M;IT;2015;TURN;T;B;Neither seasonally or working day adjusted;ISTAT;2018-06;92.9
M;IT;2015;TURN;T;C;Neither seasonally or working day adjusted;ISTAT;2018-06;119.4
M;IT;2015;TURN;T;MIG.0040;Working day adjusted, not seasonally adjusted;ISTAT;2018-06;118.5
M;IT;2015;TURN;T;MIG.0050;Working day adjusted, not seasonally adjusted;ISTAT;2018-06;127.9
M;IT;2015;TURN;T;MIG.0080;Working day adjusted, not seasonally adjusted;ISTAT;2018-06;111.3
M;IT;2015;TURN;T;MIG.0090;Working day adjusted, not seasonally adjusted;ISTAT;2018-06;112.0
M;IT;2015;TURN;T;B;Working day adjusted, not seasonally adjusted;ISTAT;2018-06;92.2
M;IT;2015;TURN;T;C;Working day adjusted, not seasonally adjusted;ISTAT;2018-06;118.8
M;IT;2015;TURN;T;MIG.0040;Working day and seasonally adjusted;ISTAT;2018-06;110.9
M;IT;2015;TURN;T;MIG.0050;Working day and seasonally adjusted;ISTAT;2018-06;110.9
M;IT;2015;TURN;T;MIG.0080;Working day and seasonally adjusted;ISTAT;2018-06;107.1
M;IT;2015;TURN;T;MIG.0090;Working day and seasonally adjusted;ISTAT;2018-06;108.0
M;IT;2015;TURN;T;MIG.0040;Neither seasonally or working day adjusted;ISTAT;2018-07;123.7
M;IT;2015;TURN;T;MIG.0050;Neither seasonally or working day adjusted;ISTAT;2018-07;114.6
M;IT;2015;TURN;T;MIG.0080;Neither seasonally or working day adjusted;ISTAT;2018-07;119.2
M;IT;2015;TURN;T;MIG.0090;Neither seasonally or working day adjusted;ISTAT;2018-07;111.6
M;IT;2015;TURN;T;B;Neither seasonally or working day adjusted;ISTAT;2018-07;92.6
M;IT;2015;TURN;T;C;Neither seasonally or working day adjusted;ISTAT;2018-07;119.2
M;IT;2015;TURN;T;MIG.0040;Working day adjusted, not seasonally adjusted;ISTAT;2018-07;125.0
M;IT;2015;TURN;T;MIG.0050;Working day adjusted, not seasonally adjusted;ISTAT;2018-07;115.7
M;IT;2015;TURN;T;MIG.0080;Working day adjusted, not seasonally adjusted;ISTAT;2018-07;120.2
M;IT;2015;TURN;T;MIG.0090;Working day adjusted, not seasonally adjusted;ISTAT;2018-07;112.1
M;IT;2015;TURN;T;B;Working day adjusted, not seasonally adjusted;ISTAT;2018-07;93.6
M;IT;2015;TURN;T;C;Working day adjusted, not seasonally adjusted;ISTAT;2018-07;120.2
M;IT;2015;TURN;T;MIG.0040;Working day and seasonally adjusted;ISTAT;2018-07;110.3
M;IT;2015;TURN;T;MIG.0050;Working day and seasonally adjusted;ISTAT;2018-07;108.8
M;IT;2015;TURN;T;MIG.0080;Working day and seasonally adjusted;ISTAT;2018-07;106.4
M;IT;2015;TURN;T;MIG.0090;Working day and seasonally adjusted;ISTAT;2018-07;105.7
M;IT;2015;TURN;T;MIG.0040;Neither seasonally or working day adjusted;ISTAT;2018-08;70.9
M;IT;2015;TURN;T;MIG.0050;Neither seasonally or working day adjusted;ISTAT;2018-08;69.6
M;IT;2015;TURN;T;MIG.0080;Neither seasonally or working day adjusted;ISTAT;2018-08;87.6
M;IT;2015;TURN;T;MIG.0090;Neither seasonally or working day adjusted;ISTAT;2018-08;108.0
M;IT;2015;TURN;T;B;Neither seasonally or working day adjusted;ISTAT;2018-08;76.0
M;IT;2015;TURN;T;C;Neither seasonally or working day adjusted;ISTAT;2018-08;78.2
M;IT;2015;TURN;T;MIG.0040;Working day adjusted, not seasonally adjusted;ISTAT;2018-08;69.8
M;IT;2015;TURN;T;MIG.0050;Working day adjusted, not seasonally adjusted;ISTAT;2018-08;68.8
M;IT;2015;TURN;T;MIG.0080;Working day adjusted, not seasonally adjusted;ISTAT;2018-08;86.3
M;IT;2015;TURN;T;MIG.0090;Working day adjusted, not seasonally adjusted;ISTAT;2018-08;107.2
M;IT;2015;TURN;T;B;Working day adjusted, not seasonally adjusted;ISTAT;2018-08;74.1
M;IT;2015;TURN;T;C;Working day adjusted, not seasonally adjusted;ISTAT;2018-08;77.2
M;IT;2015;TURN;T;MIG.0040;Working day and seasonally adjusted;ISTAT;2018-08;111.2
M;IT;2015;TURN;T;MIG.0050;Working day and seasonally adjusted;ISTAT;2018-08;111.1
M;IT;2015;TURN;T;MIG.0080;Working day and seasonally adjusted;ISTAT;2018-08;107.3
M;IT;2015;TURN;T;MIG.0090;Working day and seasonally adjusted;ISTAT;2018-08;107.9
M;IT;2015;TURN;T;MIG.0040;Neither seasonally or working day adjusted;ISTAT;2018-09;112.0
M;IT;2015;TURN;T;MIG.0050;Neither seasonally or working day adjusted;ISTAT;2018-09;112.4
M;IT;2015;TURN;T;MIG.0080;Neither seasonally or working day adjusted;ISTAT;2018-09;106.8
M;IT;2015;TURN;T;MIG.0090;Neither seasonally or working day adjusted;ISTAT;2018-09;111.7
M;IT;2015;TURN;T;B;Neither seasonally or working day adjusted;ISTAT;2018-09;79.8
M;IT;2015;TURN;T;C;Neither seasonally or working day adjusted;ISTAT;2018-09;110.9
M;IT;2015;TURN;T;MIG.0040;Working day adjusted, not seasonally adjusted;ISTAT;2018-09;118.4
M;IT;2015;TURN;T;MIG.0050;Working day adjusted, not seasonally adjusted;ISTAT;2018-09;118.1
M;IT;2015;TURN;T;MIG.0080;Working day adjusted, not seasonally adjusted;ISTAT;2018-09;112.2
M;IT;2015;TURN;T;MIG.0090;Working day adjusted, not seasonally adjusted;ISTAT;2018-09;114.6
M;IT;2015;TURN;T;B;Working day adjusted, not seasonally adjusted;ISTAT;2018-09;85.7
M;IT;2015;TURN;T;C;Working day adjusted, not seasonally adjusted;ISTAT;2018-09;116.2
M;IT;2015;TURN;T;MIG.0040;Working day and seasonally adjusted;ISTAT;2018-09;110.6
M;IT;2015;TURN;T;MIG.0050;Working day and seasonally adjusted;ISTAT;2018-09;111.1
M;IT;2015;TURN;T;MIG.0080;Working day and seasonally adjusted;ISTAT;2018-09;106.6
M;IT;2015;TURN;T;MIG.0090;Working day and seasonally adjusted;ISTAT;2018-09;110.7
M;IT;2015;TURN;T;MIG.0040;Neither seasonally or working day adjusted;ISTAT;2018-10;122.5
M;IT;2015;TURN;T;MIG.0050;Neither seasonally or working day adjusted;ISTAT;2018-10;113.8
M;IT;2015;TURN;T;MIG.0080;Neither seasonally or working day adjusted;ISTAT;2018-10;116.1
M;IT;2015;TURN;T;MIG.0090;Neither seasonally or working day adjusted;ISTAT;2018-10;119.2
M;IT;2015;TURN;T;B;Neither seasonally or working day adjusted;ISTAT;2018-10;96.2
M;IT;2015;TURN;T;C;Neither seasonally or working day adjusted;ISTAT;2018-10;118.2
M;IT;2015;TURN;T;MIG.0040;Working day adjusted, not seasonally adjusted;ISTAT;2018-10;119.4
M;IT;2015;TURN;T;MIG.0050;Working day adjusted, not seasonally adjusted;ISTAT;2018-10;111.4
M;IT;2015;TURN;T;MIG.0080;Working day adjusted, not seasonally adjusted;ISTAT;2018-10;113.4
M;IT;2015;TURN;T;MIG.0090;Working day adjusted, not seasonally adjusted;ISTAT;2018-10;117.8
M;IT;2015;TURN;T;B;Working day adjusted, not seasonally adjusted;ISTAT;2018-10;93.3
M;IT;2015;TURN;T;C;Working day adjusted, not seasonally adjusted;ISTAT;2018-10;115.6
M;IT;2015;TURN;T;MIG.0040;Working day and seasonally adjusted;ISTAT;2018-10;110.3
M;IT;2015;TURN;T;MIG.0050;Working day and seasonally adjusted;ISTAT;2018-10;107.2
M;IT;2015;TURN;T;MIG.0080;Working day and seasonally adjusted;ISTAT;2018-10;108.2
M;IT;2015;TURN;T;MIG.0090;Working day and seasonally adjusted;ISTAT;2018-10;112.3
M;IT;2015;TURN;T;MIG.0040;Neither seasonally or working day adjusted;ISTAT;2018-11;113.2
M;IT;2015;TURN;T;MIG.0050;Neither seasonally or working day adjusted;ISTAT;2018-11;117.0
M;IT;2015;TURN;T;MIG.0080;Neither seasonally or working day adjusted;ISTAT;2018-11;113.5
M;IT;2015;TURN;T;MIG.0090;Neither seasonally or working day adjusted;ISTAT;2018-11;113.5
M;IT;2015;TURN;T;B;Neither seasonally or working day adjusted;ISTAT;2018-11;96.7
M;IT;2015;TURN;T;C;Neither seasonally or working day adjusted;ISTAT;2018-11;114.5
M;IT;2015;TURN;T;MIG.0040;Working day adjusted, not seasonally adjusted;ISTAT;2018-11;112.6
M;IT;2015;TURN;T;MIG.0050;Working day adjusted, not seasonally adjusted;ISTAT;2018-11;116.6
M;IT;2015;TURN;T;MIG.0080;Working day adjusted, not seasonally adjusted;ISTAT;2018-11;112.9
M;IT;2015;TURN;T;MIG.0090;Working day adjusted, not seasonally adjusted;ISTAT;2018-11;113.2
M;IT;2015;TURN;T;B;Working day adjusted, not seasonally adjusted;ISTAT;2018-11;96.0
M;IT;2015;TURN;T;C;Working day adjusted, not seasonally adjusted;ISTAT;2018-11;114.0
M;IT;2015;TURN;T;MIG.0040;Working day and seasonally adjusted;ISTAT;2018-11;109.0
M;IT;2015;TURN;T;MIG.0050;Working day and seasonally adjusted;ISTAT;2018-11;109.1
M;IT;2015;TURN;T;MIG.0080;Working day and seasonally adjusted;ISTAT;2018-11;107.1
M;IT;2015;TURN;T;MIG.0090;Working day and seasonally adjusted;ISTAT;2018-11;115.0
M;IT;2015;TURN;T;MIG.0040;Neither seasonally or working day adjusted;ISTAT;2018-12;90.4
M;IT;2015;TURN;T;MIG.0050;Neither seasonally or working day adjusted;ISTAT;2018-12;125.3
M;IT;2015;TURN;T;MIG.0080;Neither seasonally or working day adjusted;ISTAT;2018-12;100.4
M;IT;2015;TURN;T;MIG.0090;Neither seasonally or working day adjusted;ISTAT;2018-12;104.9
M;IT;2015;TURN;T;B;Neither seasonally or working day adjusted;ISTAT;2018-12;96.1
M;IT;2015;TURN;T;C;Neither seasonally or working day adjusted;ISTAT;2018-12;104.3
M;IT;2015;TURN;T;MIG.0040;Working day adjusted, not seasonally adjusted;ISTAT;2018-12;94.1
M;IT;2015;TURN;T;MIG.0050;Working day adjusted, not seasonally adjusted;ISTAT;2018-12;129.9
M;IT;2015;TURN;T;MIG.0080;Working day adjusted, not seasonally adjusted;ISTAT;2018-12;104.1
M;IT;2015;TURN;T;MIG.0090;Working day adjusted, not seasonally adjusted;ISTAT;2018-12;106.9
M;IT;2015;TURN;T;B;Working day adjusted, not seasonally adjusted;ISTAT;2018-12;100.4
M;IT;2015;TURN;T;C;Working day adjusted, not seasonally adjusted;ISTAT;2018-12;107.9
M;IT;2015;TURN;T;MIG.0040;Working day and seasonally adjusted;ISTAT;2018-12;107.1
M;IT;2015;TURN;T;MIG.0050;Working day and seasonally adjusted;ISTAT;2018-12;103.1
M;IT;2015;TURN;T;MIG.0080;Working day and seasonally adjusted;ISTAT;2018-12;105.2
M;IT;2015;TURN;T;MIG.0090;Working day and seasonally adjusted;ISTAT;2018-12;102.2
M;IT;2015;TURN;T;MIG.0040;Neither seasonally or working day adjusted;ISTAT;2019-01;106.6
M;IT;2015;TURN;T;MIG.0050;Neither seasonally or working day adjusted;ISTAT;2019-01;83.0
M;IT;2015;TURN;T;MIG.0080;Neither seasonally or working day adjusted;ISTAT;2019-01;101.3
M;IT;2015;TURN;T;MIG.0090;Neither seasonally or working day adjusted;ISTAT;2019-01;100.0
M;IT;2015;TURN;T;B;Neither seasonally or working day adjusted;ISTAT;2019-01;93.7
M;IT;2015;TURN;T;C;Neither seasonally or working day adjusted;ISTAT;2019-01;97.9
M;IT;2015;TURN;T;MIG.0040;Working day adjusted, not seasonally adjusted;ISTAT;2019-01;102.3
M;IT;2015;TURN;T;MIG.0050;Working day adjusted, not seasonally adjusted;ISTAT;2019-01;80.1
M;IT;2015;TURN;T;MIG.0080;Working day adjusted, not seasonally adjusted;ISTAT;2019-01;97.6
M;IT;2015;TURN;T;MIG.0090;Working day adjusted, not seasonally adjusted;ISTAT;2019-01;98.1
M;IT;2015;TURN;T;B;Working day adjusted, not seasonally adjusted;ISTAT;2019-01;89.1
M;IT;2015;TURN;T;C;Working day adjusted, not seasonally adjusted;ISTAT;2019-01;94.5
M;IT;2015;TURN;T;MIG.0040;Working day and seasonally adjusted;ISTAT;2019-01;110.1
M;IT;2015;TURN;T;MIG.0050;Working day and seasonally adjusted;ISTAT;2019-01;107.4
M;IT;2015;TURN;T;MIG.0080;Working day and seasonally adjusted;ISTAT;2019-01;107.7
M;IT;2015;TURN;T;MIG.0090;Working day and seasonally adjusted;ISTAT;2019-01;106.7
M;IT;2015;TURN;T;MIG.0040;Neither seasonally or working day adjusted;ISTAT;2019-02;108.2
M;IT;2015;TURN;T;MIG.0050;Neither seasonally or working day adjusted;ISTAT;2019-02;96.7
M;IT;2015;TURN;T;MIG.0080;Neither seasonally or working day adjusted;ISTAT;2019-02;100.9
M;IT;2015;TURN;T;MIG.0090;Neither seasonally or working day adjusted;ISTAT;2019-02;96.8
M;IT;2015;TURN;T;B;Neither seasonally or working day adjusted;ISTAT;2019-02;80.1
M;IT;2015;TURN;T;C;Neither seasonally or working day adjusted;ISTAT;2019-02;102.1
M;IT;2015;TURN;T;MIG.0040;Working day adjusted, not seasonally adjusted;ISTAT;2019-02;108.9
M;IT;2015;TURN;T;MIG.0050;Working day adjusted, not seasonally adjusted;ISTAT;2019-02;97.2
M;IT;2015;TURN;T;MIG.0080;Working day adjusted, not seasonally adjusted;ISTAT;2019-02;102.1
M;IT;2015;TURN;T;MIG.0090;Working day adjusted, not seasonally adjusted;ISTAT;2019-02;97.0
M;IT;2015;TURN;T;B;Working day adjusted, not seasonally adjusted;ISTAT;2019-02;80.5
M;IT;2015;TURN;T;C;Working day adjusted, not seasonally adjusted;ISTAT;2019-02;103.4
M;IT;2015;TURN;T;MIG.0040;Working day and seasonally adjusted;ISTAT;2019-02;109.8
M;IT;2015;TURN;T;MIG.0050;Working day and seasonally adjusted;ISTAT;2019-02;108.5
M;IT;2015;TURN;T;MIG.0080;Working day and seasonally adjusted;ISTAT;2019-02;107.7
M;IT;2015;TURN;T;MIG.0090;Working day and seasonally adjusted;ISTAT;2019-02;105.4
M;IT;2015;TURN;T;MIG.0040;Neither seasonally or working day adjusted;ISTAT;2019-03;117.3
M;IT;2015;TURN;T;MIG.0050;Neither seasonally or working day adjusted;ISTAT;2019-03;115.7
M;IT;2015;TURN;T;MIG.0080;Neither seasonally or working day adjusted;ISTAT;2019-03;111.8
M;IT;2015;TURN;T;MIG.0090;Neither seasonally or working day adjusted;ISTAT;2019-03;103.8
M;IT;2015;TURN;T;B;Neither seasonally or working day adjusted;ISTAT;2019-03;78.8
M;IT;2015;TURN;T;C;Neither seasonally or working day adjusted;ISTAT;2019-03;114.6
M;IT;2015;TURN;T;MIG.0040;Working day adjusted, not seasonally adjusted;ISTAT;2019-03;121.9
M;IT;2015;TURN;T;MIG.0050;Working day adjusted, not seasonally adjusted;ISTAT;2019-03;119.7
M;IT;2015;TURN;T;MIG.0080;Working day adjusted, not seasonally adjusted;ISTAT;2019-03;115.7
M;IT;2015;TURN;T;MIG.0090;Working day adjusted, not seasonally adjusted;ISTAT;2019-03;105.6
M;IT;2015;TURN;T;B;Working day adjusted, not seasonally adjusted;ISTAT;2019-03;82.8
M;IT;2015;TURN;T;C;Working day adjusted, not seasonally adjusted;ISTAT;2019-03;118.4
M;IT;2015;TURN;T;MIG.0040;Working day and seasonally adjusted;ISTAT;2019-03;110.6
M;IT;2015;TURN;T;MIG.0050;Working day and seasonally adjusted;ISTAT;2019-03;108.3
M;IT;2015;TURN;T;MIG.0080;Working day and seasonally adjusted;ISTAT;2019-03;108.0
M;IT;2015;TURN;T;MIG.0090;Working day and seasonally adjusted;ISTAT;2019-03;105.4
M;IT;2015;TURN;T;MIG.0040;Neither seasonally or working day adjusted;ISTAT;2019-04;(P)107.3
M;IT;2015;TURN;T;MIG.0050;Neither seasonally or working day adjusted;ISTAT;2019-04;(P)100.3
M;IT;2015;TURN;T;MIG.0080;Neither seasonally or working day adjusted;ISTAT;2019-04;(P)103.2
M;IT;2015;TURN;T;MIG.0090;Neither seasonally or working day adjusted;ISTAT;2019-04;(P)104.8
M;IT;2015;TURN;T;B;Neither seasonally or working day adjusted;ISTAT;2019-04;(P)79.9
M;IT;2015;TURN;T;C;Neither seasonally or working day adjusted;ISTAT;2019-04;(P)104.2
M;IT;2015;TURN;T;MIG.0040;Working day adjusted, not seasonally adjusted;ISTAT;2019-04;(P)107.6
M;IT;2015;TURN;T;MIG.0050;Working day adjusted, not seasonally adjusted;ISTAT;2019-04;(P)100.6
M;IT;2015;TURN;T;MIG.0080;Working day adjusted, not seasonally adjusted;ISTAT;2019-04;(P)103.3
M;IT;2015;TURN;T;MIG.0090;Working day adjusted, not seasonally adjusted;ISTAT;2019-04;(P)104.9
M;IT;2015;TURN;T;B;Working day adjusted, not seasonally adjusted;ISTAT;2019-04;(P)80
M;IT;2015;TURN;T;C;Working day adjusted, not seasonally adjusted;ISTAT;2019-04;(P)104.4
M;IT;2015;TURN;T;MIG.0040;Working day and seasonally adjusted;ISTAT;2019-04;(P)107.6
M;IT;2015;TURN;T;MIG.0050;Working day and seasonally adjusted;ISTAT;2019-04;(P)106.9
M;IT;2015;TURN;T;MIG.0080;Working day and seasonally adjusted;ISTAT;2019-04;(P)109
M;IT;2015;TURN;T;MIG.0090;Working day and seasonally adjusted;ISTAT;2019-04;(P)105.6
