﻿<?xml version="1.0" encoding="utf-8"?>
<message:StructureSpecificData xmlns:ss="http://www.sdmx.org/resources/sdmxml/schemas/v2_1/data/structurespecific" xmlns:footer="http://www.sdmx.org/resources/sdmxml/schemas/v2_1/message/footer" xmlns:ns1="urn:sdmx:org.sdmx.infomodel.datastructure.DataStructure=ESTAT:NA_MAIN(1.12):ObsLevelDim:TIME_PERIOD" xmlns:message="http://www.sdmx.org/resources/sdmxml/schemas/v2_1/message" xmlns:common="http://www.sdmx.org/resources/sdmxml/schemas/v2_1/common" xmlns:xsi="http://www.w3.org/2001/XMLSchema-instance" xmlns:xml="http://www.w3.org/XML/1998/namespace">
	<message:Header>
		<message:ID>189a0b0110cf8485</message:ID>
		<message:Test>false</message:Test>
		<message:Prepared>2022-02-02T15:52:49</message:Prepared>
		<message:Sender id="IT1">
			<common:Name xml:lang="en">Francesco</common:Name>
			<message:Contact>
				<common:Name xml:lang="en">Rizzo</common:Name>
				<message:Email>rizzo@istat.it</message:Email>
			</message:Contact>
		</message:Sender>
		<message:Receiver id="ESTAT">
			<common:Name xml:lang="en">Eurostat</common:Name>
			<message:Contact/>
		</message:Receiver>
		<message:Structure structureID="ESTAT_NA_MAIN_1_12" namespace="urn:sdmx:org.sdmx.infomodel.datastructure.DataStructure=ESTAT:NA_MAIN(1.12):ObsLevelDim:TIME_PERIOD" dimensionAtObservation="TIME_PERIOD">
			<common:Structure>
				<Ref agencyID="ESTAT" id="NA_MAIN" version="1.12"/>
			</common:Structure>
		</message:Structure>
		<message:Extracted>2022-02-02T15:52:49</message:Extracted>
		<message:ReportingBegin>2022-02-02T15:52:49</message:ReportingBegin>
		<message:ReportingEnd>2022-02-02T15:52:49</message:ReportingEnd>
	</message:Header>
	<message:DataSet action="Information" ss:dataScope="DataStructure" xsi:type="ns1:DataSetType" ss:structureRef="ESTAT_NA_MAIN_1_12" COMMENT_DSET="Excel Template V1.6a">
		<Series FREQ="Q" ADJUSTMENT="N" REF_AREA="IT" COUNTERPART_AREA="W2" REF_SECTOR="S1" COUNTERPART_SECTOR="S1" ACCOUNTING_ENTRY="B" STO="B1GQ" INSTR_ASSET="_Z" ACTIVITY="_Z" EXPENDITURE="_Z" UNIT_MEASURE="XDC" PRICES="V" TRANSFORMATION="N" REF_PERIOD_DETAIL="C" TIME_FORMAT="P3M" REF_YEAR_PRICE="_Z" DECIMALS="0" TABLE_IDENTIFIER="T0101" UNIT_MULT="6" LAST_UPDATE="2017-03-09T13:30:00" COMMENT_TS="xxx">
			<Obs TIME_PERIOD="1995-Q1" OBS_VALUE="223984" OBS_STATUS="A" CONF_STATUS="F"/>
			<Obs TIME_PERIOD="1995-Q2" OBS_VALUE="236323" OBS_STATUS="A" CONF_STATUS="F"/>
			<Obs TIME_PERIOD="1995-Q3" OBS_VALUE="233432" OBS_STATUS="A" CONF_STATUS="F"/>
			<Obs TIME_PERIOD="1995-Q4" OBS_VALUE="258419" OBS_STATUS="A" CONF_STATUS="F"/>
			<Obs TIME_PERIOD="1996-Q1" OBS_VALUE="240837" OBS_STATUS="A" CONF_STATUS="F"/>
			<Obs TIME_PERIOD="1996-Q2" OBS_VALUE="252406" OBS_STATUS="A" CONF_STATUS="F"/>
			<Obs TIME_PERIOD="1996-Q3" OBS_VALUE="247332" OBS_STATUS="A" CONF_STATUS="F"/>
			<Obs TIME_PERIOD="1996-Q4" OBS_VALUE="268583" OBS_STATUS="A" CONF_STATUS="F"/>
			<Obs TIME_PERIOD="1997-Q1" OBS_VALUE="246094" OBS_STATUS="A" CONF_STATUS="F"/>
			<Obs TIME_PERIOD="1997-Q2" OBS_VALUE="264241" OBS_STATUS="A" CONF_STATUS="F"/>
			<Obs TIME_PERIOD="1997-Q3" OBS_VALUE="258653" OBS_STATUS="A" CONF_STATUS="F"/>
			<Obs TIME_PERIOD="1997-Q4" OBS_VALUE="285348" OBS_STATUS="A" CONF_STATUS="F"/>
			<Obs TIME_PERIOD="1998-Q1" OBS_VALUE="259937" OBS_STATUS="A" CONF_STATUS="F"/>
			<Obs TIME_PERIOD="1998-Q2" OBS_VALUE="275506" OBS_STATUS="A" CONF_STATUS="F"/>
			<Obs TIME_PERIOD="1998-Q3" OBS_VALUE="268330" OBS_STATUS="A" CONF_STATUS="F"/>
			<Obs TIME_PERIOD="1998-Q4" OBS_VALUE="294307" OBS_STATUS="A" CONF_STATUS="F"/>
			<Obs TIME_PERIOD="1999-Q1" OBS_VALUE="267225" OBS_STATUS="A" CONF_STATUS="F"/>
			<Obs TIME_PERIOD="1999-Q2" OBS_VALUE="283916" OBS_STATUS="A" CONF_STATUS="F"/>
			<Obs TIME_PERIOD="1999-Q3" OBS_VALUE="276244" OBS_STATUS="A" CONF_STATUS="F"/>
			<Obs TIME_PERIOD="1999-Q4" OBS_VALUE="306613" OBS_STATUS="A" CONF_STATUS="F"/>
			<Obs TIME_PERIOD="2000-Q1" OBS_VALUE="283943" OBS_STATUS="A" CONF_STATUS="F"/>
			<Obs TIME_PERIOD="2000-Q2" OBS_VALUE="299926" OBS_STATUS="A" CONF_STATUS="F"/>
			<Obs TIME_PERIOD="2000-Q3" OBS_VALUE="292549" OBS_STATUS="A" CONF_STATUS="F"/>
			<Obs TIME_PERIOD="2000-Q4" OBS_VALUE="321874" OBS_STATUS="A" CONF_STATUS="F"/>
			<Obs TIME_PERIOD="2001-Q1" OBS_VALUE="300531" OBS_STATUS="A" CONF_STATUS="F"/>
			<Obs TIME_PERIOD="2001-Q2" OBS_VALUE="315732" OBS_STATUS="A" CONF_STATUS="F"/>
			<Obs TIME_PERIOD="2001-Q3" OBS_VALUE="304660" OBS_STATUS="A" CONF_STATUS="F"/>
			<Obs TIME_PERIOD="2001-Q4" OBS_VALUE="334815" OBS_STATUS="A" CONF_STATUS="F"/>
			<Obs TIME_PERIOD="2002-Q1" OBS_VALUE="307293" OBS_STATUS="A" CONF_STATUS="F"/>
			<Obs TIME_PERIOD="2002-Q2" OBS_VALUE="327491" OBS_STATUS="A" CONF_STATUS="F"/>
			<Obs TIME_PERIOD="2002-Q3" OBS_VALUE="319548" OBS_STATUS="A" CONF_STATUS="F"/>
			<Obs TIME_PERIOD="2002-Q4" OBS_VALUE="347542" OBS_STATUS="A" CONF_STATUS="F"/>
			<Obs TIME_PERIOD="2003-Q1" OBS_VALUE="317467" OBS_STATUS="A" CONF_STATUS="F"/>
			<Obs TIME_PERIOD="2003-Q2" OBS_VALUE="334615" OBS_STATUS="A" CONF_STATUS="F"/>
			<Obs TIME_PERIOD="2003-Q3" OBS_VALUE="330866" OBS_STATUS="A" CONF_STATUS="F"/>
			<Obs TIME_PERIOD="2003-Q4" OBS_VALUE="358902" OBS_STATUS="A" CONF_STATUS="F"/>
			<Obs TIME_PERIOD="2004-Q1" OBS_VALUE="329651" OBS_STATUS="A" CONF_STATUS="F"/>
			<Obs TIME_PERIOD="2004-Q2" OBS_VALUE="351959" OBS_STATUS="A" CONF_STATUS="F"/>
		</Series>
		<Series FREQ="Q" ADJUSTMENT="N" REF_AREA="IT" COUNTERPART_AREA="W2" REF_SECTOR="S1" COUNTERPART_SECTOR="S1" ACCOUNTING_ENTRY="B" STO="B1G" INSTR_ASSET="_Z" ACTIVITY="_T" EXPENDITURE="_Z" UNIT_MEASURE="XDC" PRICES="V" TRANSFORMATION="N" REF_PERIOD_DETAIL="C" TIME_FORMAT="P3M" REF_YEAR_PRICE="_Z" DECIMALS="0" TABLE_IDENTIFIER="T0101" UNIT_MULT="6" LAST_UPDATE="2017-03-09T13:30:00" COMMENT_TS="xxx">
			<Obs TIME_PERIOD="1995-Q1" OBS_VALUE="201401" OBS_STATUS="A" CONF_STATUS="F"/>
			<Obs TIME_PERIOD="1995-Q2" OBS_VALUE="211954" OBS_STATUS="A" CONF_STATUS="F"/>
			<Obs TIME_PERIOD="1995-Q3" OBS_VALUE="211453" OBS_STATUS="A" CONF_STATUS="F"/>
			<Obs TIME_PERIOD="1995-Q4" OBS_VALUE="233071" OBS_STATUS="A" CONF_STATUS="F"/>
			<Obs TIME_PERIOD="1996-Q1" OBS_VALUE="216561" OBS_STATUS="A" CONF_STATUS="F"/>
			<Obs TIME_PERIOD="1996-Q2" OBS_VALUE="228146" OBS_STATUS="A" CONF_STATUS="F"/>
			<Obs TIME_PERIOD="1996-Q3" OBS_VALUE="224700" OBS_STATUS="A" CONF_STATUS="F"/>
			<Obs TIME_PERIOD="1996-Q4" OBS_VALUE="242507" OBS_STATUS="A" CONF_STATUS="F"/>
			<Obs TIME_PERIOD="1997-Q1" OBS_VALUE="221026" OBS_STATUS="A" CONF_STATUS="F"/>
			<Obs TIME_PERIOD="1997-Q2" OBS_VALUE="237192" OBS_STATUS="A" CONF_STATUS="F"/>
			<Obs TIME_PERIOD="1997-Q3" OBS_VALUE="233515" OBS_STATUS="A" CONF_STATUS="F"/>
			<Obs TIME_PERIOD="1997-Q4" OBS_VALUE="255777" OBS_STATUS="A" CONF_STATUS="F"/>
			<Obs TIME_PERIOD="1998-Q1" OBS_VALUE="231886" OBS_STATUS="A" CONF_STATUS="F"/>
			<Obs TIME_PERIOD="1998-Q2" OBS_VALUE="245982" OBS_STATUS="A" CONF_STATUS="F"/>
			<Obs TIME_PERIOD="1998-Q3" OBS_VALUE="242026" OBS_STATUS="A" CONF_STATUS="F"/>
			<Obs TIME_PERIOD="1998-Q4" OBS_VALUE="261837" OBS_STATUS="A" CONF_STATUS="F"/>
			<Obs TIME_PERIOD="1999-Q1" OBS_VALUE="238163" OBS_STATUS="A" CONF_STATUS="F"/>
			<Obs TIME_PERIOD="1999-Q2" OBS_VALUE="252367" OBS_STATUS="A" CONF_STATUS="F"/>
			<Obs TIME_PERIOD="1999-Q3" OBS_VALUE="247193" OBS_STATUS="A" CONF_STATUS="F"/>
			<Obs TIME_PERIOD="1999-Q4" OBS_VALUE="273824" OBS_STATUS="A" CONF_STATUS="F"/>
			<Obs TIME_PERIOD="2000-Q1" OBS_VALUE="252047" OBS_STATUS="A" CONF_STATUS="F"/>
			<Obs TIME_PERIOD="2000-Q2" OBS_VALUE="267190" OBS_STATUS="A" CONF_STATUS="F"/>
			<Obs TIME_PERIOD="2000-Q3" OBS_VALUE="263411" OBS_STATUS="A" CONF_STATUS="F"/>
			<Obs TIME_PERIOD="2000-Q4" OBS_VALUE="288242" OBS_STATUS="A" CONF_STATUS="F"/>
			<Obs TIME_PERIOD="2001-Q1" OBS_VALUE="269875" OBS_STATUS="A" CONF_STATUS="F"/>
			<Obs TIME_PERIOD="2001-Q2" OBS_VALUE="282338" OBS_STATUS="A" CONF_STATUS="F"/>
			<Obs TIME_PERIOD="2001-Q3" OBS_VALUE="275631" OBS_STATUS="A" CONF_STATUS="F"/>
			<Obs TIME_PERIOD="2001-Q4" OBS_VALUE="301756" OBS_STATUS="A" CONF_STATUS="F"/>
			<Obs TIME_PERIOD="2002-Q1" OBS_VALUE="276781" OBS_STATUS="A" CONF_STATUS="F"/>
			<Obs TIME_PERIOD="2002-Q2" OBS_VALUE="293969" OBS_STATUS="A" CONF_STATUS="F"/>
			<Obs TIME_PERIOD="2002-Q3" OBS_VALUE="288953" OBS_STATUS="A" CONF_STATUS="F"/>
			<Obs TIME_PERIOD="2002-Q4" OBS_VALUE="311754" OBS_STATUS="A" CONF_STATUS="F"/>
			<Obs TIME_PERIOD="2003-Q1" OBS_VALUE="285900" OBS_STATUS="A" CONF_STATUS="F"/>
			<Obs TIME_PERIOD="2003-Q2" OBS_VALUE="300771" OBS_STATUS="A" CONF_STATUS="F"/>
			<Obs TIME_PERIOD="2003-Q3" OBS_VALUE="299233" OBS_STATUS="A" CONF_STATUS="F"/>
			<Obs TIME_PERIOD="2003-Q4" OBS_VALUE="323759" OBS_STATUS="A" CONF_STATUS="F"/>
			<Obs TIME_PERIOD="2004-Q1" OBS_VALUE="296346" OBS_STATUS="A" CONF_STATUS="F"/>
			<Obs TIME_PERIOD="2004-Q2" OBS_VALUE="316696" OBS_STATUS="A" CONF_STATUS="F"/>
		</Series>
		<Series FREQ="Q" ADJUSTMENT="N" REF_AREA="IT" COUNTERPART_AREA="W2" REF_SECTOR="S1" COUNTERPART_SECTOR="S1" ACCOUNTING_ENTRY="B" STO="B1G" INSTR_ASSET="_Z" ACTIVITY="A" EXPENDITURE="_Z" UNIT_MEASURE="XDC" PRICES="V" TRANSFORMATION="N" REF_PERIOD_DETAIL="C" TIME_FORMAT="P3M" REF_YEAR_PRICE="_Z" DECIMALS="0" TABLE_IDENTIFIER="T0101" UNIT_MULT="6" LAST_UPDATE="2017-03-09T13:30:00" COMMENT_TS="xxx">
			<Obs TIME_PERIOD="1995-Q1" OBS_VALUE="2447" OBS_STATUS="A" CONF_STATUS="F"/>
			<Obs TIME_PERIOD="1995-Q2" OBS_VALUE="5607" OBS_STATUS="A" CONF_STATUS="F"/>
			<Obs TIME_PERIOD="1995-Q3" OBS_VALUE="9929" OBS_STATUS="A" CONF_STATUS="F"/>
			<Obs TIME_PERIOD="1995-Q4" OBS_VALUE="10479" OBS_STATUS="A" CONF_STATUS="F"/>
			<Obs TIME_PERIOD="1996-Q1" OBS_VALUE="2759" OBS_STATUS="A" CONF_STATUS="F"/>
			<Obs TIME_PERIOD="1996-Q2" OBS_VALUE="6229" OBS_STATUS="A" CONF_STATUS="F"/>
			<Obs TIME_PERIOD="1996-Q3" OBS_VALUE="10894" OBS_STATUS="A" CONF_STATUS="F"/>
			<Obs TIME_PERIOD="1996-Q4" OBS_VALUE="10196" OBS_STATUS="A" CONF_STATUS="F"/>
			<Obs TIME_PERIOD="1997-Q1" OBS_VALUE="2858" OBS_STATUS="A" CONF_STATUS="F"/>
			<Obs TIME_PERIOD="1997-Q2" OBS_VALUE="5921" OBS_STATUS="A" CONF_STATUS="F"/>
			<Obs TIME_PERIOD="1997-Q3" OBS_VALUE="10454" OBS_STATUS="A" CONF_STATUS="F"/>
			<Obs TIME_PERIOD="1997-Q4" OBS_VALUE="11073" OBS_STATUS="A" CONF_STATUS="F"/>
			<Obs TIME_PERIOD="1998-Q1" OBS_VALUE="2962" OBS_STATUS="A" CONF_STATUS="F"/>
			<Obs TIME_PERIOD="1998-Q2" OBS_VALUE="6354" OBS_STATUS="A" CONF_STATUS="F"/>
			<Obs TIME_PERIOD="1998-Q3" OBS_VALUE="11025" OBS_STATUS="A" CONF_STATUS="F"/>
			<Obs TIME_PERIOD="1998-Q4" OBS_VALUE="10075" OBS_STATUS="A" CONF_STATUS="F"/>
			<Obs TIME_PERIOD="1999-Q1" OBS_VALUE="2894" OBS_STATUS="A" CONF_STATUS="F"/>
			<Obs TIME_PERIOD="1999-Q2" OBS_VALUE="5966" OBS_STATUS="A" CONF_STATUS="F"/>
			<Obs TIME_PERIOD="1999-Q3" OBS_VALUE="10595" OBS_STATUS="A" CONF_STATUS="F"/>
			<Obs TIME_PERIOD="1999-Q4" OBS_VALUE="11172" OBS_STATUS="A" CONF_STATUS="F"/>
			<Obs TIME_PERIOD="2000-Q1" OBS_VALUE="2776" OBS_STATUS="A" CONF_STATUS="F"/>
			<Obs TIME_PERIOD="2000-Q2" OBS_VALUE="6009" OBS_STATUS="A" CONF_STATUS="F"/>
			<Obs TIME_PERIOD="2000-Q3" OBS_VALUE="10749" OBS_STATUS="A" CONF_STATUS="F"/>
			<Obs TIME_PERIOD="2000-Q4" OBS_VALUE="10502" OBS_STATUS="A" CONF_STATUS="F"/>
			<Obs TIME_PERIOD="2001-Q1" OBS_VALUE="2590" OBS_STATUS="A" CONF_STATUS="F"/>
			<Obs TIME_PERIOD="2001-Q2" OBS_VALUE="5824" OBS_STATUS="A" CONF_STATUS="F"/>
			<Obs TIME_PERIOD="2001-Q3" OBS_VALUE="10755" OBS_STATUS="A" CONF_STATUS="F"/>
			<Obs TIME_PERIOD="2001-Q4" OBS_VALUE="11144" OBS_STATUS="A" CONF_STATUS="F"/>
			<Obs TIME_PERIOD="2002-Q1" OBS_VALUE="2607" OBS_STATUS="A" CONF_STATUS="F"/>
			<Obs TIME_PERIOD="2002-Q2" OBS_VALUE="5911" OBS_STATUS="A" CONF_STATUS="F"/>
			<Obs TIME_PERIOD="2002-Q3" OBS_VALUE="10612" OBS_STATUS="A" CONF_STATUS="F"/>
			<Obs TIME_PERIOD="2002-Q4" OBS_VALUE="11084" OBS_STATUS="A" CONF_STATUS="F"/>
			<Obs TIME_PERIOD="2003-Q1" OBS_VALUE="2813" OBS_STATUS="A" CONF_STATUS="F"/>
			<Obs TIME_PERIOD="2003-Q2" OBS_VALUE="6008" OBS_STATUS="A" CONF_STATUS="F"/>
			<Obs TIME_PERIOD="2003-Q3" OBS_VALUE="10647" OBS_STATUS="A" CONF_STATUS="F"/>
			<Obs TIME_PERIOD="2003-Q4" OBS_VALUE="11378" OBS_STATUS="A" CONF_STATUS="F"/>
			<Obs TIME_PERIOD="2004-Q1" OBS_VALUE="2784" OBS_STATUS="A" CONF_STATUS="F"/>
			<Obs TIME_PERIOD="2004-Q2" OBS_VALUE="6193" OBS_STATUS="A" CONF_STATUS="F"/>
		</Series>
		<Series FREQ="Q" ADJUSTMENT="N" REF_AREA="IT" COUNTERPART_AREA="W2" REF_SECTOR="S1" COUNTERPART_SECTOR="S1" ACCOUNTING_ENTRY="B" STO="B1G" INSTR_ASSET="_Z" ACTIVITY="BTE" EXPENDITURE="_Z" UNIT_MEASURE="XDC" PRICES="V" TRANSFORMATION="N" REF_PERIOD_DETAIL="C" TIME_FORMAT="P3M" REF_YEAR_PRICE="_Z" DECIMALS="0" TABLE_IDENTIFIER="T0101" UNIT_MULT="6" LAST_UPDATE="2017-03-09T13:30:00" COMMENT_TS="xxx">
			<Obs TIME_PERIOD="1995-Q1" OBS_VALUE="10" OBS_STATUS="A" CONF_STATUS="F"/>
			<Obs TIME_PERIOD="1995-Q2" OBS_VALUE="11" OBS_STATUS="A" CONF_STATUS="F"/>
			<Obs TIME_PERIOD="1995-Q3" OBS_VALUE="12" OBS_STATUS="A" CONF_STATUS="F"/>
			<Obs TIME_PERIOD="1995-Q4" OBS_VALUE="13" OBS_STATUS="A" CONF_STATUS="F"/>
			<Obs TIME_PERIOD="1996-Q1" OBS_VALUE="14" OBS_STATUS="A" CONF_STATUS="F"/>
			<Obs TIME_PERIOD="1996-Q2" OBS_VALUE="15" OBS_STATUS="A" CONF_STATUS="F"/>
			<Obs TIME_PERIOD="1996-Q3" OBS_VALUE="16" OBS_STATUS="A" CONF_STATUS="F"/>
			<Obs TIME_PERIOD="1996-Q4" OBS_VALUE="17" OBS_STATUS="A" CONF_STATUS="F"/>
			<Obs TIME_PERIOD="1997-Q1" OBS_VALUE="18" OBS_STATUS="A" CONF_STATUS="F"/>
			<Obs TIME_PERIOD="1997-Q2" OBS_VALUE="19" OBS_STATUS="A" CONF_STATUS="F"/>
			<Obs TIME_PERIOD="1997-Q3" OBS_VALUE="20" OBS_STATUS="A" CONF_STATUS="F"/>
			<Obs TIME_PERIOD="1997-Q4" OBS_VALUE="21" OBS_STATUS="A" CONF_STATUS="F"/>
			<Obs TIME_PERIOD="1998-Q1" OBS_VALUE="22" OBS_STATUS="A" CONF_STATUS="F"/>
			<Obs TIME_PERIOD="1998-Q2" OBS_VALUE="23" OBS_STATUS="A" CONF_STATUS="F"/>
			<Obs TIME_PERIOD="1998-Q3" OBS_VALUE="24" OBS_STATUS="A" CONF_STATUS="F"/>
			<Obs TIME_PERIOD="1998-Q4" OBS_VALUE="25" OBS_STATUS="A" CONF_STATUS="F"/>
			<Obs TIME_PERIOD="1999-Q1" OBS_VALUE="26" OBS_STATUS="A" CONF_STATUS="F"/>
			<Obs TIME_PERIOD="1999-Q2" OBS_VALUE="27" OBS_STATUS="A" CONF_STATUS="F"/>
			<Obs TIME_PERIOD="1999-Q3" OBS_VALUE="28" OBS_STATUS="A" CONF_STATUS="F"/>
			<Obs TIME_PERIOD="1999-Q4" OBS_VALUE="29" OBS_STATUS="A" CONF_STATUS="F"/>
			<Obs TIME_PERIOD="2000-Q1" OBS_VALUE="30" OBS_STATUS="A" CONF_STATUS="F"/>
			<Obs TIME_PERIOD="2000-Q2" OBS_VALUE="31" OBS_STATUS="A" CONF_STATUS="F"/>
			<Obs TIME_PERIOD="2000-Q3" OBS_VALUE="32" OBS_STATUS="A" CONF_STATUS="F"/>
			<Obs TIME_PERIOD="2000-Q4" OBS_VALUE="33" OBS_STATUS="A" CONF_STATUS="F"/>
			<Obs TIME_PERIOD="2001-Q1" OBS_VALUE="34" OBS_STATUS="A" CONF_STATUS="F"/>
			<Obs TIME_PERIOD="2001-Q2" OBS_VALUE="35" OBS_STATUS="A" CONF_STATUS="F"/>
			<Obs TIME_PERIOD="2001-Q3" OBS_VALUE="36" OBS_STATUS="A" CONF_STATUS="F"/>
			<Obs TIME_PERIOD="2001-Q4" OBS_VALUE="37" OBS_STATUS="A" CONF_STATUS="F"/>
			<Obs TIME_PERIOD="2002-Q1" OBS_VALUE="38" OBS_STATUS="A" CONF_STATUS="F"/>
			<Obs TIME_PERIOD="2002-Q2" OBS_VALUE="39" OBS_STATUS="A" CONF_STATUS="F"/>
			<Obs TIME_PERIOD="2002-Q3" OBS_VALUE="40" OBS_STATUS="A" CONF_STATUS="F"/>
			<Obs TIME_PERIOD="2002-Q4" OBS_VALUE="41" OBS_STATUS="A" CONF_STATUS="F"/>
			<Obs TIME_PERIOD="2003-Q1" OBS_VALUE="42" OBS_STATUS="A" CONF_STATUS="F"/>
			<Obs TIME_PERIOD="2003-Q2" OBS_VALUE="43" OBS_STATUS="A" CONF_STATUS="F"/>
			<Obs TIME_PERIOD="2003-Q3" OBS_VALUE="44" OBS_STATUS="A" CONF_STATUS="F"/>
			<Obs TIME_PERIOD="2003-Q4" OBS_VALUE="45" OBS_STATUS="A" CONF_STATUS="F"/>
			<Obs TIME_PERIOD="2004-Q1" OBS_VALUE="46" OBS_STATUS="A" CONF_STATUS="F"/>
			<Obs TIME_PERIOD="2004-Q2" OBS_VALUE="47" OBS_STATUS="A" CONF_STATUS="F"/>
		</Series>
		<Series FREQ="Q" ADJUSTMENT="N" REF_AREA="IT" COUNTERPART_AREA="W2" REF_SECTOR="S1" COUNTERPART_SECTOR="S1" ACCOUNTING_ENTRY="B" STO="B1G" INSTR_ASSET="_Z" ACTIVITY="C" EXPENDITURE="_Z" UNIT_MEASURE="XDC" PRICES="V" TRANSFORMATION="N" REF_PERIOD_DETAIL="C" TIME_FORMAT="P3M" REF_YEAR_PRICE="_Z" DECIMALS="0" TABLE_IDENTIFIER="T0101" UNIT_MULT="6" LAST_UPDATE="2017-03-09T13:30:00" COMMENT_TS="xxx">
			<Obs TIME_PERIOD="1995-Q1" OBS_VALUE="4" OBS_STATUS="A" CONF_STATUS="F"/>
			<Obs TIME_PERIOD="1995-Q2" OBS_VALUE="5" OBS_STATUS="A" CONF_STATUS="F"/>
			<Obs TIME_PERIOD="1995-Q3" OBS_VALUE="6" OBS_STATUS="A" CONF_STATUS="F"/>
			<Obs TIME_PERIOD="1995-Q4" OBS_VALUE="7" OBS_STATUS="A" CONF_STATUS="F"/>
			<Obs TIME_PERIOD="1996-Q1" OBS_VALUE="8" OBS_STATUS="A" CONF_STATUS="F"/>
			<Obs TIME_PERIOD="1996-Q2" OBS_VALUE="9" OBS_STATUS="A" CONF_STATUS="F"/>
			<Obs TIME_PERIOD="1996-Q3" OBS_VALUE="10" OBS_STATUS="A" CONF_STATUS="F"/>
			<Obs TIME_PERIOD="1996-Q4" OBS_VALUE="11" OBS_STATUS="A" CONF_STATUS="F"/>
			<Obs TIME_PERIOD="1997-Q1" OBS_VALUE="12" OBS_STATUS="A" CONF_STATUS="F"/>
			<Obs TIME_PERIOD="1997-Q2" OBS_VALUE="13" OBS_STATUS="A" CONF_STATUS="F"/>
			<Obs TIME_PERIOD="1997-Q3" OBS_VALUE="14" OBS_STATUS="A" CONF_STATUS="F"/>
			<Obs TIME_PERIOD="1997-Q4" OBS_VALUE="15" OBS_STATUS="A" CONF_STATUS="F"/>
			<Obs TIME_PERIOD="1998-Q1" OBS_VALUE="16" OBS_STATUS="A" CONF_STATUS="F"/>
			<Obs TIME_PERIOD="1998-Q2" OBS_VALUE="17" OBS_STATUS="A" CONF_STATUS="F"/>
			<Obs TIME_PERIOD="1998-Q3" OBS_VALUE="18" OBS_STATUS="A" CONF_STATUS="F"/>
			<Obs TIME_PERIOD="1998-Q4" OBS_VALUE="19" OBS_STATUS="A" CONF_STATUS="F"/>
			<Obs TIME_PERIOD="1999-Q1" OBS_VALUE="20" OBS_STATUS="A" CONF_STATUS="F"/>
			<Obs TIME_PERIOD="1999-Q2" OBS_VALUE="21" OBS_STATUS="A" CONF_STATUS="F"/>
			<Obs TIME_PERIOD="1999-Q3" OBS_VALUE="22" OBS_STATUS="A" CONF_STATUS="F"/>
			<Obs TIME_PERIOD="1999-Q4" OBS_VALUE="23" OBS_STATUS="A" CONF_STATUS="F"/>
			<Obs TIME_PERIOD="2000-Q1" OBS_VALUE="24" OBS_STATUS="A" CONF_STATUS="F"/>
			<Obs TIME_PERIOD="2000-Q2" OBS_VALUE="25" OBS_STATUS="A" CONF_STATUS="F"/>
			<Obs TIME_PERIOD="2000-Q3" OBS_VALUE="26" OBS_STATUS="A" CONF_STATUS="F"/>
			<Obs TIME_PERIOD="2000-Q4" OBS_VALUE="27" OBS_STATUS="A" CONF_STATUS="F"/>
			<Obs TIME_PERIOD="2001-Q1" OBS_VALUE="28" OBS_STATUS="A" CONF_STATUS="F"/>
			<Obs TIME_PERIOD="2001-Q2" OBS_VALUE="29" OBS_STATUS="A" CONF_STATUS="F"/>
			<Obs TIME_PERIOD="2001-Q3" OBS_VALUE="30" OBS_STATUS="A" CONF_STATUS="F"/>
			<Obs TIME_PERIOD="2001-Q4" OBS_VALUE="31" OBS_STATUS="A" CONF_STATUS="F"/>
			<Obs TIME_PERIOD="2002-Q1" OBS_VALUE="32" OBS_STATUS="A" CONF_STATUS="F"/>
			<Obs TIME_PERIOD="2002-Q2" OBS_VALUE="33" OBS_STATUS="A" CONF_STATUS="F"/>
			<Obs TIME_PERIOD="2002-Q3" OBS_VALUE="34" OBS_STATUS="A" CONF_STATUS="F"/>
			<Obs TIME_PERIOD="2002-Q4" OBS_VALUE="35" OBS_STATUS="A" CONF_STATUS="F"/>
			<Obs TIME_PERIOD="2003-Q1" OBS_VALUE="36" OBS_STATUS="A" CONF_STATUS="F"/>
			<Obs TIME_PERIOD="2003-Q2" OBS_VALUE="37" OBS_STATUS="A" CONF_STATUS="F"/>
			<Obs TIME_PERIOD="2003-Q3" OBS_VALUE="38" OBS_STATUS="A" CONF_STATUS="F"/>
			<Obs TIME_PERIOD="2003-Q4" OBS_VALUE="39" OBS_STATUS="A" CONF_STATUS="F"/>
			<Obs TIME_PERIOD="2004-Q1" OBS_VALUE="40" OBS_STATUS="A" CONF_STATUS="F"/>
			<Obs TIME_PERIOD="2004-Q2" OBS_VALUE="41" OBS_STATUS="A" CONF_STATUS="F"/>
		</Series>
		<Series FREQ="Q" ADJUSTMENT="N" REF_AREA="IT" COUNTERPART_AREA="W2" REF_SECTOR="S1" COUNTERPART_SECTOR="S1" ACCOUNTING_ENTRY="B" STO="B1G" INSTR_ASSET="_Z" ACTIVITY="F" EXPENDITURE="_Z" UNIT_MEASURE="XDC" PRICES="V" TRANSFORMATION="N" REF_PERIOD_DETAIL="C" TIME_FORMAT="P3M" REF_YEAR_PRICE="_Z" DECIMALS="0" TABLE_IDENTIFIER="T0101" UNIT_MULT="6" LAST_UPDATE="2017-03-09T13:30:00" COMMENT_TS="xxx">
			<Obs TIME_PERIOD="1995-Q1" OBS_VALUE="6" OBS_STATUS="A" CONF_STATUS="F"/>
			<Obs TIME_PERIOD="1995-Q2" OBS_VALUE="7" OBS_STATUS="A" CONF_STATUS="F"/>
			<Obs TIME_PERIOD="1995-Q3" OBS_VALUE="8" OBS_STATUS="A" CONF_STATUS="F"/>
			<Obs TIME_PERIOD="1995-Q4" OBS_VALUE="9" OBS_STATUS="A" CONF_STATUS="F"/>
			<Obs TIME_PERIOD="1996-Q1" OBS_VALUE="10" OBS_STATUS="A" CONF_STATUS="F"/>
			<Obs TIME_PERIOD="1996-Q2" OBS_VALUE="11" OBS_STATUS="A" CONF_STATUS="F"/>
			<Obs TIME_PERIOD="1996-Q3" OBS_VALUE="12" OBS_STATUS="A" CONF_STATUS="F"/>
			<Obs TIME_PERIOD="1996-Q4" OBS_VALUE="13" OBS_STATUS="A" CONF_STATUS="F"/>
			<Obs TIME_PERIOD="1997-Q1" OBS_VALUE="14" OBS_STATUS="A" CONF_STATUS="F"/>
			<Obs TIME_PERIOD="1997-Q2" OBS_VALUE="15" OBS_STATUS="A" CONF_STATUS="F"/>
			<Obs TIME_PERIOD="1997-Q3" OBS_VALUE="16" OBS_STATUS="A" CONF_STATUS="F"/>
			<Obs TIME_PERIOD="1997-Q4" OBS_VALUE="17" OBS_STATUS="A" CONF_STATUS="F"/>
			<Obs TIME_PERIOD="1998-Q1" OBS_VALUE="18" OBS_STATUS="A" CONF_STATUS="F"/>
			<Obs TIME_PERIOD="1998-Q2" OBS_VALUE="19" OBS_STATUS="A" CONF_STATUS="F"/>
			<Obs TIME_PERIOD="1998-Q3" OBS_VALUE="20" OBS_STATUS="A" CONF_STATUS="F"/>
			<Obs TIME_PERIOD="1998-Q4" OBS_VALUE="21" OBS_STATUS="A" CONF_STATUS="F"/>
			<Obs TIME_PERIOD="1999-Q1" OBS_VALUE="22" OBS_STATUS="A" CONF_STATUS="F"/>
			<Obs TIME_PERIOD="1999-Q2" OBS_VALUE="23" OBS_STATUS="A" CONF_STATUS="F"/>
			<Obs TIME_PERIOD="1999-Q3" OBS_VALUE="24" OBS_STATUS="A" CONF_STATUS="F"/>
			<Obs TIME_PERIOD="1999-Q4" OBS_VALUE="25" OBS_STATUS="A" CONF_STATUS="F"/>
			<Obs TIME_PERIOD="2000-Q1" OBS_VALUE="26" OBS_STATUS="A" CONF_STATUS="F"/>
			<Obs TIME_PERIOD="2000-Q2" OBS_VALUE="27" OBS_STATUS="A" CONF_STATUS="F"/>
			<Obs TIME_PERIOD="2000-Q3" OBS_VALUE="28" OBS_STATUS="A" CONF_STATUS="F"/>
			<Obs TIME_PERIOD="2000-Q4" OBS_VALUE="29" OBS_STATUS="A" CONF_STATUS="F"/>
			<Obs TIME_PERIOD="2001-Q1" OBS_VALUE="30" OBS_STATUS="A" CONF_STATUS="F"/>
			<Obs TIME_PERIOD="2001-Q2" OBS_VALUE="31" OBS_STATUS="A" CONF_STATUS="F"/>
			<Obs TIME_PERIOD="2001-Q3" OBS_VALUE="32" OBS_STATUS="A" CONF_STATUS="F"/>
			<Obs TIME_PERIOD="2001-Q4" OBS_VALUE="33" OBS_STATUS="A" CONF_STATUS="F"/>
			<Obs TIME_PERIOD="2002-Q1" OBS_VALUE="34" OBS_STATUS="A" CONF_STATUS="F"/>
			<Obs TIME_PERIOD="2002-Q2" OBS_VALUE="35" OBS_STATUS="A" CONF_STATUS="F"/>
			<Obs TIME_PERIOD="2002-Q3" OBS_VALUE="36" OBS_STATUS="A" CONF_STATUS="F"/>
			<Obs TIME_PERIOD="2002-Q4" OBS_VALUE="37" OBS_STATUS="A" CONF_STATUS="F"/>
			<Obs TIME_PERIOD="2003-Q1" OBS_VALUE="38" OBS_STATUS="A" CONF_STATUS="F"/>
			<Obs TIME_PERIOD="2003-Q2" OBS_VALUE="39" OBS_STATUS="A" CONF_STATUS="F"/>
			<Obs TIME_PERIOD="2003-Q3" OBS_VALUE="40" OBS_STATUS="A" CONF_STATUS="F"/>
			<Obs TIME_PERIOD="2003-Q4" OBS_VALUE="41" OBS_STATUS="A" CONF_STATUS="F"/>
			<Obs TIME_PERIOD="2004-Q1" OBS_VALUE="42" OBS_STATUS="A" CONF_STATUS="F"/>
			<Obs TIME_PERIOD="2004-Q2" OBS_VALUE="43" OBS_STATUS="A" CONF_STATUS="F"/>
		</Series>
		<Series FREQ="Q" ADJUSTMENT="N" REF_AREA="IT" COUNTERPART_AREA="W2" REF_SECTOR="S1" COUNTERPART_SECTOR="S1" ACCOUNTING_ENTRY="B" STO="B1G" INSTR_ASSET="_Z" ACTIVITY="GTI" EXPENDITURE="_Z" UNIT_MEASURE="XDC" PRICES="V" TRANSFORMATION="N" REF_PERIOD_DETAIL="C" TIME_FORMAT="P3M" REF_YEAR_PRICE="_Z" DECIMALS="0" TABLE_IDENTIFIER="T0101" UNIT_MULT="6" LAST_UPDATE="2017-03-09T13:30:00" COMMENT_TS="xxx">
			<Obs TIME_PERIOD="1995-Q1" OBS_VALUE="8" OBS_STATUS="A" CONF_STATUS="F"/>
			<Obs TIME_PERIOD="1995-Q2" OBS_VALUE="9" OBS_STATUS="A" CONF_STATUS="F"/>
			<Obs TIME_PERIOD="1995-Q3" OBS_VALUE="10" OBS_STATUS="A" CONF_STATUS="F"/>
			<Obs TIME_PERIOD="1995-Q4" OBS_VALUE="11" OBS_STATUS="A" CONF_STATUS="F"/>
			<Obs TIME_PERIOD="1996-Q1" OBS_VALUE="12" OBS_STATUS="A" CONF_STATUS="F"/>
			<Obs TIME_PERIOD="1996-Q2" OBS_VALUE="13" OBS_STATUS="A" CONF_STATUS="F"/>
			<Obs TIME_PERIOD="1996-Q3" OBS_VALUE="14" OBS_STATUS="A" CONF_STATUS="F"/>
			<Obs TIME_PERIOD="1996-Q4" OBS_VALUE="15" OBS_STATUS="A" CONF_STATUS="F"/>
			<Obs TIME_PERIOD="1997-Q1" OBS_VALUE="16" OBS_STATUS="A" CONF_STATUS="F"/>
			<Obs TIME_PERIOD="1997-Q2" OBS_VALUE="17" OBS_STATUS="A" CONF_STATUS="F"/>
			<Obs TIME_PERIOD="1997-Q3" OBS_VALUE="18" OBS_STATUS="A" CONF_STATUS="F"/>
			<Obs TIME_PERIOD="1997-Q4" OBS_VALUE="19" OBS_STATUS="A" CONF_STATUS="F"/>
			<Obs TIME_PERIOD="1998-Q1" OBS_VALUE="20" OBS_STATUS="A" CONF_STATUS="F"/>
			<Obs TIME_PERIOD="1998-Q2" OBS_VALUE="21" OBS_STATUS="A" CONF_STATUS="F"/>
			<Obs TIME_PERIOD="1998-Q3" OBS_VALUE="22" OBS_STATUS="A" CONF_STATUS="F"/>
			<Obs TIME_PERIOD="1998-Q4" OBS_VALUE="23" OBS_STATUS="A" CONF_STATUS="F"/>
			<Obs TIME_PERIOD="1999-Q1" OBS_VALUE="24" OBS_STATUS="A" CONF_STATUS="F"/>
			<Obs TIME_PERIOD="1999-Q2" OBS_VALUE="25" OBS_STATUS="A" CONF_STATUS="F"/>
			<Obs TIME_PERIOD="1999-Q3" OBS_VALUE="26" OBS_STATUS="A" CONF_STATUS="F"/>
			<Obs TIME_PERIOD="1999-Q4" OBS_VALUE="27" OBS_STATUS="A" CONF_STATUS="F"/>
			<Obs TIME_PERIOD="2000-Q1" OBS_VALUE="28" OBS_STATUS="A" CONF_STATUS="F"/>
			<Obs TIME_PERIOD="2000-Q2" OBS_VALUE="29" OBS_STATUS="A" CONF_STATUS="F"/>
			<Obs TIME_PERIOD="2000-Q3" OBS_VALUE="30" OBS_STATUS="A" CONF_STATUS="F"/>
			<Obs TIME_PERIOD="2000-Q4" OBS_VALUE="31" OBS_STATUS="A" CONF_STATUS="F"/>
			<Obs TIME_PERIOD="2001-Q1" OBS_VALUE="32" OBS_STATUS="A" CONF_STATUS="F"/>
			<Obs TIME_PERIOD="2001-Q2" OBS_VALUE="33" OBS_STATUS="A" CONF_STATUS="F"/>
			<Obs TIME_PERIOD="2001-Q3" OBS_VALUE="34" OBS_STATUS="A" CONF_STATUS="F"/>
			<Obs TIME_PERIOD="2001-Q4" OBS_VALUE="35" OBS_STATUS="A" CONF_STATUS="F"/>
			<Obs TIME_PERIOD="2002-Q1" OBS_VALUE="36" OBS_STATUS="A" CONF_STATUS="F"/>
			<Obs TIME_PERIOD="2002-Q2" OBS_VALUE="37" OBS_STATUS="A" CONF_STATUS="F"/>
			<Obs TIME_PERIOD="2002-Q3" OBS_VALUE="38" OBS_STATUS="A" CONF_STATUS="F"/>
			<Obs TIME_PERIOD="2002-Q4" OBS_VALUE="39" OBS_STATUS="A" CONF_STATUS="F"/>
			<Obs TIME_PERIOD="2003-Q1" OBS_VALUE="40" OBS_STATUS="A" CONF_STATUS="F"/>
			<Obs TIME_PERIOD="2003-Q2" OBS_VALUE="41" OBS_STATUS="A" CONF_STATUS="F"/>
			<Obs TIME_PERIOD="2003-Q3" OBS_VALUE="42" OBS_STATUS="A" CONF_STATUS="F"/>
			<Obs TIME_PERIOD="2003-Q4" OBS_VALUE="43" OBS_STATUS="A" CONF_STATUS="F"/>
			<Obs TIME_PERIOD="2004-Q1" OBS_VALUE="44" OBS_STATUS="A" CONF_STATUS="F"/>
			<Obs TIME_PERIOD="2004-Q2" OBS_VALUE="45" OBS_STATUS="A" CONF_STATUS="F"/>
		</Series>
		<Series FREQ="Q" ADJUSTMENT="N" REF_AREA="IT" COUNTERPART_AREA="W2" REF_SECTOR="S1" COUNTERPART_SECTOR="S1" ACCOUNTING_ENTRY="B" STO="B1G" INSTR_ASSET="_Z" ACTIVITY="J" EXPENDITURE="_Z" UNIT_MEASURE="XDC" PRICES="V" TRANSFORMATION="N" REF_PERIOD_DETAIL="C" TIME_FORMAT="P3M" REF_YEAR_PRICE="_Z" DECIMALS="0" TABLE_IDENTIFIER="T0101" UNIT_MULT="6" LAST_UPDATE="2017-03-09T13:30:00" COMMENT_TS="xxx">
			<Obs TIME_PERIOD="1995-Q1" OBS_VALUE="10" OBS_STATUS="A" CONF_STATUS="F"/>
			<Obs TIME_PERIOD="1995-Q2" OBS_VALUE="11" OBS_STATUS="A" CONF_STATUS="F"/>
			<Obs TIME_PERIOD="1995-Q3" OBS_VALUE="12" OBS_STATUS="A" CONF_STATUS="F"/>
			<Obs TIME_PERIOD="1995-Q4" OBS_VALUE="13" OBS_STATUS="A" CONF_STATUS="F"/>
			<Obs TIME_PERIOD="1996-Q1" OBS_VALUE="14" OBS_STATUS="A" CONF_STATUS="F"/>
			<Obs TIME_PERIOD="1996-Q2" OBS_VALUE="15" OBS_STATUS="A" CONF_STATUS="F"/>
			<Obs TIME_PERIOD="1996-Q3" OBS_VALUE="16" OBS_STATUS="A" CONF_STATUS="F"/>
			<Obs TIME_PERIOD="1996-Q4" OBS_VALUE="17" OBS_STATUS="A" CONF_STATUS="F"/>
			<Obs TIME_PERIOD="1997-Q1" OBS_VALUE="18" OBS_STATUS="A" CONF_STATUS="F"/>
			<Obs TIME_PERIOD="1997-Q2" OBS_VALUE="19" OBS_STATUS="A" CONF_STATUS="F"/>
			<Obs TIME_PERIOD="1997-Q3" OBS_VALUE="20" OBS_STATUS="A" CONF_STATUS="F"/>
			<Obs TIME_PERIOD="1997-Q4" OBS_VALUE="21" OBS_STATUS="A" CONF_STATUS="F"/>
			<Obs TIME_PERIOD="1998-Q1" OBS_VALUE="22" OBS_STATUS="A" CONF_STATUS="F"/>
			<Obs TIME_PERIOD="1998-Q2" OBS_VALUE="23" OBS_STATUS="A" CONF_STATUS="F"/>
			<Obs TIME_PERIOD="1998-Q3" OBS_VALUE="24" OBS_STATUS="A" CONF_STATUS="F"/>
			<Obs TIME_PERIOD="1998-Q4" OBS_VALUE="25" OBS_STATUS="A" CONF_STATUS="F"/>
			<Obs TIME_PERIOD="1999-Q1" OBS_VALUE="26" OBS_STATUS="A" CONF_STATUS="F"/>
			<Obs TIME_PERIOD="1999-Q2" OBS_VALUE="27" OBS_STATUS="A" CONF_STATUS="F"/>
			<Obs TIME_PERIOD="1999-Q3" OBS_VALUE="28" OBS_STATUS="A" CONF_STATUS="F"/>
			<Obs TIME_PERIOD="1999-Q4" OBS_VALUE="29" OBS_STATUS="A" CONF_STATUS="F"/>
			<Obs TIME_PERIOD="2000-Q1" OBS_VALUE="30" OBS_STATUS="A" CONF_STATUS="F"/>
			<Obs TIME_PERIOD="2000-Q2" OBS_VALUE="31" OBS_STATUS="A" CONF_STATUS="F"/>
			<Obs TIME_PERIOD="2000-Q3" OBS_VALUE="32" OBS_STATUS="A" CONF_STATUS="F"/>
			<Obs TIME_PERIOD="2000-Q4" OBS_VALUE="33" OBS_STATUS="A" CONF_STATUS="F"/>
			<Obs TIME_PERIOD="2001-Q1" OBS_VALUE="34" OBS_STATUS="A" CONF_STATUS="F"/>
			<Obs TIME_PERIOD="2001-Q2" OBS_VALUE="35" OBS_STATUS="A" CONF_STATUS="F"/>
			<Obs TIME_PERIOD="2001-Q3" OBS_VALUE="36" OBS_STATUS="A" CONF_STATUS="F"/>
			<Obs TIME_PERIOD="2001-Q4" OBS_VALUE="37" OBS_STATUS="A" CONF_STATUS="F"/>
			<Obs TIME_PERIOD="2002-Q1" OBS_VALUE="38" OBS_STATUS="A" CONF_STATUS="F"/>
			<Obs TIME_PERIOD="2002-Q2" OBS_VALUE="39" OBS_STATUS="A" CONF_STATUS="F"/>
			<Obs TIME_PERIOD="2002-Q3" OBS_VALUE="40" OBS_STATUS="A" CONF_STATUS="F"/>
			<Obs TIME_PERIOD="2002-Q4" OBS_VALUE="41" OBS_STATUS="A" CONF_STATUS="F"/>
			<Obs TIME_PERIOD="2003-Q1" OBS_VALUE="42" OBS_STATUS="A" CONF_STATUS="F"/>
			<Obs TIME_PERIOD="2003-Q2" OBS_VALUE="43" OBS_STATUS="A" CONF_STATUS="F"/>
			<Obs TIME_PERIOD="2003-Q3" OBS_VALUE="44" OBS_STATUS="A" CONF_STATUS="F"/>
			<Obs TIME_PERIOD="2003-Q4" OBS_VALUE="45" OBS_STATUS="A" CONF_STATUS="F"/>
			<Obs TIME_PERIOD="2004-Q1" OBS_VALUE="46" OBS_STATUS="A" CONF_STATUS="F"/>
			<Obs TIME_PERIOD="2004-Q2" OBS_VALUE="47" OBS_STATUS="A" CONF_STATUS="F"/>
		</Series>
		<Series FREQ="Q" ADJUSTMENT="N" REF_AREA="IT" COUNTERPART_AREA="W2" REF_SECTOR="S1" COUNTERPART_SECTOR="S1" ACCOUNTING_ENTRY="B" STO="B1G" INSTR_ASSET="_Z" ACTIVITY="K" EXPENDITURE="_Z" UNIT_MEASURE="XDC" PRICES="V" TRANSFORMATION="N" REF_PERIOD_DETAIL="C" TIME_FORMAT="P3M" REF_YEAR_PRICE="_Z" DECIMALS="0" TABLE_IDENTIFIER="T0101" UNIT_MULT="6" LAST_UPDATE="2017-03-09T13:30:00" COMMENT_TS="xxx">
			<Obs TIME_PERIOD="1995-Q1" OBS_VALUE="12" OBS_STATUS="A" CONF_STATUS="F"/>
			<Obs TIME_PERIOD="1995-Q2" OBS_VALUE="13" OBS_STATUS="A" CONF_STATUS="F"/>
			<Obs TIME_PERIOD="1995-Q3" OBS_VALUE="14" OBS_STATUS="A" CONF_STATUS="F"/>
			<Obs TIME_PERIOD="1995-Q4" OBS_VALUE="15" OBS_STATUS="A" CONF_STATUS="F"/>
			<Obs TIME_PERIOD="1996-Q1" OBS_VALUE="16" OBS_STATUS="A" CONF_STATUS="F"/>
			<Obs TIME_PERIOD="1996-Q2" OBS_VALUE="17" OBS_STATUS="A" CONF_STATUS="F"/>
			<Obs TIME_PERIOD="1996-Q3" OBS_VALUE="18" OBS_STATUS="A" CONF_STATUS="F"/>
			<Obs TIME_PERIOD="1996-Q4" OBS_VALUE="19" OBS_STATUS="A" CONF_STATUS="F"/>
			<Obs TIME_PERIOD="1997-Q1" OBS_VALUE="20" OBS_STATUS="A" CONF_STATUS="F"/>
			<Obs TIME_PERIOD="1997-Q2" OBS_VALUE="21" OBS_STATUS="A" CONF_STATUS="F"/>
			<Obs TIME_PERIOD="1997-Q3" OBS_VALUE="22" OBS_STATUS="A" CONF_STATUS="F"/>
			<Obs TIME_PERIOD="1997-Q4" OBS_VALUE="23" OBS_STATUS="A" CONF_STATUS="F"/>
			<Obs TIME_PERIOD="1998-Q1" OBS_VALUE="24" OBS_STATUS="A" CONF_STATUS="F"/>
			<Obs TIME_PERIOD="1998-Q2" OBS_VALUE="25" OBS_STATUS="A" CONF_STATUS="F"/>
			<Obs TIME_PERIOD="1998-Q3" OBS_VALUE="26" OBS_STATUS="A" CONF_STATUS="F"/>
			<Obs TIME_PERIOD="1998-Q4" OBS_VALUE="27" OBS_STATUS="A" CONF_STATUS="F"/>
			<Obs TIME_PERIOD="1999-Q1" OBS_VALUE="28" OBS_STATUS="A" CONF_STATUS="F"/>
			<Obs TIME_PERIOD="1999-Q2" OBS_VALUE="29" OBS_STATUS="A" CONF_STATUS="F"/>
			<Obs TIME_PERIOD="1999-Q3" OBS_VALUE="30" OBS_STATUS="A" CONF_STATUS="F"/>
			<Obs TIME_PERIOD="1999-Q4" OBS_VALUE="31" OBS_STATUS="A" CONF_STATUS="F"/>
			<Obs TIME_PERIOD="2000-Q1" OBS_VALUE="32" OBS_STATUS="A" CONF_STATUS="F"/>
			<Obs TIME_PERIOD="2000-Q2" OBS_VALUE="33" OBS_STATUS="A" CONF_STATUS="F"/>
			<Obs TIME_PERIOD="2000-Q3" OBS_VALUE="34" OBS_STATUS="A" CONF_STATUS="F"/>
			<Obs TIME_PERIOD="2000-Q4" OBS_VALUE="35" OBS_STATUS="A" CONF_STATUS="F"/>
			<Obs TIME_PERIOD="2001-Q1" OBS_VALUE="36" OBS_STATUS="A" CONF_STATUS="F"/>
			<Obs TIME_PERIOD="2001-Q2" OBS_VALUE="37" OBS_STATUS="A" CONF_STATUS="F"/>
			<Obs TIME_PERIOD="2001-Q3" OBS_VALUE="38" OBS_STATUS="A" CONF_STATUS="F"/>
			<Obs TIME_PERIOD="2001-Q4" OBS_VALUE="39" OBS_STATUS="A" CONF_STATUS="F"/>
			<Obs TIME_PERIOD="2002-Q1" OBS_VALUE="40" OBS_STATUS="A" CONF_STATUS="F"/>
			<Obs TIME_PERIOD="2002-Q2" OBS_VALUE="41" OBS_STATUS="A" CONF_STATUS="F"/>
			<Obs TIME_PERIOD="2002-Q3" OBS_VALUE="42" OBS_STATUS="A" CONF_STATUS="F"/>
			<Obs TIME_PERIOD="2002-Q4" OBS_VALUE="43" OBS_STATUS="A" CONF_STATUS="F"/>
			<Obs TIME_PERIOD="2003-Q1" OBS_VALUE="44" OBS_STATUS="A" CONF_STATUS="F"/>
			<Obs TIME_PERIOD="2003-Q2" OBS_VALUE="45" OBS_STATUS="A" CONF_STATUS="F"/>
			<Obs TIME_PERIOD="2003-Q3" OBS_VALUE="46" OBS_STATUS="A" CONF_STATUS="F"/>
			<Obs TIME_PERIOD="2003-Q4" OBS_VALUE="47" OBS_STATUS="A" CONF_STATUS="F"/>
			<Obs TIME_PERIOD="2004-Q1" OBS_VALUE="48" OBS_STATUS="A" CONF_STATUS="F"/>
			<Obs TIME_PERIOD="2004-Q2" OBS_VALUE="49" OBS_STATUS="A" CONF_STATUS="F"/>
		</Series>
		<Series FREQ="Q" ADJUSTMENT="N" REF_AREA="IT" COUNTERPART_AREA="W2" REF_SECTOR="S1" COUNTERPART_SECTOR="S1" ACCOUNTING_ENTRY="B" STO="B1G" INSTR_ASSET="_Z" ACTIVITY="L" EXPENDITURE="_Z" UNIT_MEASURE="XDC" PRICES="V" TRANSFORMATION="N" REF_PERIOD_DETAIL="C" TIME_FORMAT="P3M" REF_YEAR_PRICE="_Z" DECIMALS="0" TABLE_IDENTIFIER="T0101" UNIT_MULT="6" LAST_UPDATE="2017-03-09T13:30:00" COMMENT_TS="xxx">
			<Obs TIME_PERIOD="1995-Q1" OBS_VALUE="14" OBS_STATUS="A" CONF_STATUS="F"/>
			<Obs TIME_PERIOD="1995-Q2" OBS_VALUE="15" OBS_STATUS="A" CONF_STATUS="F"/>
			<Obs TIME_PERIOD="1995-Q3" OBS_VALUE="16" OBS_STATUS="A" CONF_STATUS="F"/>
			<Obs TIME_PERIOD="1995-Q4" OBS_VALUE="17" OBS_STATUS="A" CONF_STATUS="F"/>
			<Obs TIME_PERIOD="1996-Q1" OBS_VALUE="18" OBS_STATUS="A" CONF_STATUS="F"/>
			<Obs TIME_PERIOD="1996-Q2" OBS_VALUE="19" OBS_STATUS="A" CONF_STATUS="F"/>
			<Obs TIME_PERIOD="1996-Q3" OBS_VALUE="20" OBS_STATUS="A" CONF_STATUS="F"/>
			<Obs TIME_PERIOD="1996-Q4" OBS_VALUE="21" OBS_STATUS="A" CONF_STATUS="F"/>
			<Obs TIME_PERIOD="1997-Q1" OBS_VALUE="22" OBS_STATUS="A" CONF_STATUS="F"/>
			<Obs TIME_PERIOD="1997-Q2" OBS_VALUE="23" OBS_STATUS="A" CONF_STATUS="F"/>
			<Obs TIME_PERIOD="1997-Q3" OBS_VALUE="24" OBS_STATUS="A" CONF_STATUS="F"/>
			<Obs TIME_PERIOD="1997-Q4" OBS_VALUE="25" OBS_STATUS="A" CONF_STATUS="F"/>
			<Obs TIME_PERIOD="1998-Q1" OBS_VALUE="26" OBS_STATUS="A" CONF_STATUS="F"/>
			<Obs TIME_PERIOD="1998-Q2" OBS_VALUE="27" OBS_STATUS="A" CONF_STATUS="F"/>
			<Obs TIME_PERIOD="1998-Q3" OBS_VALUE="28" OBS_STATUS="A" CONF_STATUS="F"/>
			<Obs TIME_PERIOD="1998-Q4" OBS_VALUE="29" OBS_STATUS="A" CONF_STATUS="F"/>
			<Obs TIME_PERIOD="1999-Q1" OBS_VALUE="30" OBS_STATUS="A" CONF_STATUS="F"/>
			<Obs TIME_PERIOD="1999-Q2" OBS_VALUE="31" OBS_STATUS="A" CONF_STATUS="F"/>
			<Obs TIME_PERIOD="1999-Q3" OBS_VALUE="32" OBS_STATUS="A" CONF_STATUS="F"/>
			<Obs TIME_PERIOD="1999-Q4" OBS_VALUE="33" OBS_STATUS="A" CONF_STATUS="F"/>
			<Obs TIME_PERIOD="2000-Q1" OBS_VALUE="34" OBS_STATUS="A" CONF_STATUS="F"/>
			<Obs TIME_PERIOD="2000-Q2" OBS_VALUE="35" OBS_STATUS="A" CONF_STATUS="F"/>
			<Obs TIME_PERIOD="2000-Q3" OBS_VALUE="36" OBS_STATUS="A" CONF_STATUS="F"/>
			<Obs TIME_PERIOD="2000-Q4" OBS_VALUE="37" OBS_STATUS="A" CONF_STATUS="F"/>
			<Obs TIME_PERIOD="2001-Q1" OBS_VALUE="38" OBS_STATUS="A" CONF_STATUS="F"/>
			<Obs TIME_PERIOD="2001-Q2" OBS_VALUE="39" OBS_STATUS="A" CONF_STATUS="F"/>
			<Obs TIME_PERIOD="2001-Q3" OBS_VALUE="40" OBS_STATUS="A" CONF_STATUS="F"/>
			<Obs TIME_PERIOD="2001-Q4" OBS_VALUE="41" OBS_STATUS="A" CONF_STATUS="F"/>
			<Obs TIME_PERIOD="2002-Q1" OBS_VALUE="42" OBS_STATUS="A" CONF_STATUS="F"/>
			<Obs TIME_PERIOD="2002-Q2" OBS_VALUE="43" OBS_STATUS="A" CONF_STATUS="F"/>
			<Obs TIME_PERIOD="2002-Q3" OBS_VALUE="44" OBS_STATUS="A" CONF_STATUS="F"/>
			<Obs TIME_PERIOD="2002-Q4" OBS_VALUE="45" OBS_STATUS="A" CONF_STATUS="F"/>
			<Obs TIME_PERIOD="2003-Q1" OBS_VALUE="46" OBS_STATUS="A" CONF_STATUS="F"/>
			<Obs TIME_PERIOD="2003-Q2" OBS_VALUE="47" OBS_STATUS="A" CONF_STATUS="F"/>
			<Obs TIME_PERIOD="2003-Q3" OBS_VALUE="48" OBS_STATUS="A" CONF_STATUS="F"/>
			<Obs TIME_PERIOD="2003-Q4" OBS_VALUE="49" OBS_STATUS="A" CONF_STATUS="F"/>
			<Obs TIME_PERIOD="2004-Q1" OBS_VALUE="50" OBS_STATUS="A" CONF_STATUS="F"/>
		</Series>
		<Series FREQ="Q" ADJUSTMENT="N" REF_AREA="IT" COUNTERPART_AREA="W2" REF_SECTOR="S1" COUNTERPART_SECTOR="S1" ACCOUNTING_ENTRY="B" STO="B1G" INSTR_ASSET="_Z" ACTIVITY="M_N" EXPENDITURE="_Z" UNIT_MEASURE="XDC" PRICES="V" TRANSFORMATION="N" REF_PERIOD_DETAIL="C" TIME_FORMAT="P3M" REF_YEAR_PRICE="_Z" DECIMALS="0" TABLE_IDENTIFIER="T0101" UNIT_MULT="6" LAST_UPDATE="2017-03-09T13:30:00" COMMENT_TS="xxx">
			<Obs TIME_PERIOD="1995-Q1" OBS_VALUE="16" OBS_STATUS="A" CONF_STATUS="F"/>
			<Obs TIME_PERIOD="1995-Q2" OBS_VALUE="17" OBS_STATUS="A" CONF_STATUS="F"/>
			<Obs TIME_PERIOD="1995-Q3" OBS_VALUE="18" OBS_STATUS="A" CONF_STATUS="F"/>
			<Obs TIME_PERIOD="1995-Q4" OBS_VALUE="19" OBS_STATUS="A" CONF_STATUS="F"/>
			<Obs TIME_PERIOD="1996-Q1" OBS_VALUE="20" OBS_STATUS="A" CONF_STATUS="F"/>
			<Obs TIME_PERIOD="1996-Q2" OBS_VALUE="21" OBS_STATUS="A" CONF_STATUS="F"/>
			<Obs TIME_PERIOD="1996-Q3" OBS_VALUE="22" OBS_STATUS="A" CONF_STATUS="F"/>
			<Obs TIME_PERIOD="1996-Q4" OBS_VALUE="23" OBS_STATUS="A" CONF_STATUS="F"/>
			<Obs TIME_PERIOD="1997-Q1" OBS_VALUE="24" OBS_STATUS="A" CONF_STATUS="F"/>
			<Obs TIME_PERIOD="1997-Q2" OBS_VALUE="25" OBS_STATUS="A" CONF_STATUS="F"/>
			<Obs TIME_PERIOD="1997-Q3" OBS_VALUE="26" OBS_STATUS="A" CONF_STATUS="F"/>
			<Obs TIME_PERIOD="1997-Q4" OBS_VALUE="27" OBS_STATUS="A" CONF_STATUS="F"/>
			<Obs TIME_PERIOD="1998-Q1" OBS_VALUE="28" OBS_STATUS="A" CONF_STATUS="F"/>
			<Obs TIME_PERIOD="1998-Q2" OBS_VALUE="29" OBS_STATUS="A" CONF_STATUS="F"/>
			<Obs TIME_PERIOD="1998-Q3" OBS_VALUE="30" OBS_STATUS="A" CONF_STATUS="F"/>
			<Obs TIME_PERIOD="1998-Q4" OBS_VALUE="31" OBS_STATUS="A" CONF_STATUS="F"/>
			<Obs TIME_PERIOD="1999-Q1" OBS_VALUE="32" OBS_STATUS="A" CONF_STATUS="F"/>
			<Obs TIME_PERIOD="1999-Q2" OBS_VALUE="33" OBS_STATUS="A" CONF_STATUS="F"/>
			<Obs TIME_PERIOD="1999-Q3" OBS_VALUE="34" OBS_STATUS="A" CONF_STATUS="F"/>
			<Obs TIME_PERIOD="1999-Q4" OBS_VALUE="35" OBS_STATUS="A" CONF_STATUS="F"/>
			<Obs TIME_PERIOD="2000-Q1" OBS_VALUE="36" OBS_STATUS="A" CONF_STATUS="F"/>
			<Obs TIME_PERIOD="2000-Q2" OBS_VALUE="37" OBS_STATUS="A" CONF_STATUS="F"/>
			<Obs TIME_PERIOD="2000-Q3" OBS_VALUE="38" OBS_STATUS="A" CONF_STATUS="F"/>
			<Obs TIME_PERIOD="2000-Q4" OBS_VALUE="39" OBS_STATUS="A" CONF_STATUS="F"/>
			<Obs TIME_PERIOD="2001-Q1" OBS_VALUE="40" OBS_STATUS="A" CONF_STATUS="F"/>
			<Obs TIME_PERIOD="2001-Q2" OBS_VALUE="41" OBS_STATUS="A" CONF_STATUS="F"/>
			<Obs TIME_PERIOD="2001-Q3" OBS_VALUE="42" OBS_STATUS="A" CONF_STATUS="F"/>
			<Obs TIME_PERIOD="2001-Q4" OBS_VALUE="43" OBS_STATUS="A" CONF_STATUS="F"/>
			<Obs TIME_PERIOD="2002-Q1" OBS_VALUE="44" OBS_STATUS="A" CONF_STATUS="F"/>
			<Obs TIME_PERIOD="2002-Q2" OBS_VALUE="45" OBS_STATUS="A" CONF_STATUS="F"/>
			<Obs TIME_PERIOD="2002-Q3" OBS_VALUE="46" OBS_STATUS="A" CONF_STATUS="F"/>
			<Obs TIME_PERIOD="2002-Q4" OBS_VALUE="47" OBS_STATUS="A" CONF_STATUS="F"/>
			<Obs TIME_PERIOD="2003-Q1" OBS_VALUE="48" OBS_STATUS="A" CONF_STATUS="F"/>
			<Obs TIME_PERIOD="2003-Q2" OBS_VALUE="49" OBS_STATUS="A" CONF_STATUS="F"/>
			<Obs TIME_PERIOD="2003-Q3" OBS_VALUE="50" OBS_STATUS="A" CONF_STATUS="F"/>
			<Obs TIME_PERIOD="2003-Q4" OBS_VALUE="51" OBS_STATUS="A" CONF_STATUS="F"/>
			<Obs TIME_PERIOD="2004-Q1" OBS_VALUE="52" OBS_STATUS="A" CONF_STATUS="F"/>
		</Series>
		<Series FREQ="Q" ADJUSTMENT="N" REF_AREA="IT" COUNTERPART_AREA="W2" REF_SECTOR="S1" COUNTERPART_SECTOR="S1" ACCOUNTING_ENTRY="B" STO="B1G" INSTR_ASSET="_Z" ACTIVITY="OTQ" EXPENDITURE="_Z" UNIT_MEASURE="XDC" PRICES="V" TRANSFORMATION="N" REF_PERIOD_DETAIL="C" TIME_FORMAT="P3M" REF_YEAR_PRICE="_Z" DECIMALS="0" TABLE_IDENTIFIER="T0101" UNIT_MULT="6" LAST_UPDATE="2017-03-09T13:30:00" COMMENT_TS="xxx">
			<Obs TIME_PERIOD="1995-Q1" OBS_VALUE="16" OBS_STATUS="A" CONF_STATUS="F"/>
			<Obs TIME_PERIOD="1995-Q2" OBS_VALUE="17" OBS_STATUS="A" CONF_STATUS="F"/>
			<Obs TIME_PERIOD="1995-Q3" OBS_VALUE="18" OBS_STATUS="A" CONF_STATUS="F"/>
			<Obs TIME_PERIOD="1995-Q4" OBS_VALUE="19" OBS_STATUS="A" CONF_STATUS="F"/>
			<Obs TIME_PERIOD="1996-Q1" OBS_VALUE="20" OBS_STATUS="A" CONF_STATUS="F"/>
			<Obs TIME_PERIOD="1996-Q2" OBS_VALUE="21" OBS_STATUS="A" CONF_STATUS="F"/>
			<Obs TIME_PERIOD="1996-Q3" OBS_VALUE="22" OBS_STATUS="A" CONF_STATUS="F"/>
			<Obs TIME_PERIOD="1996-Q4" OBS_VALUE="23" OBS_STATUS="A" CONF_STATUS="F"/>
			<Obs TIME_PERIOD="1997-Q1" OBS_VALUE="24" OBS_STATUS="A" CONF_STATUS="F"/>
			<Obs TIME_PERIOD="1997-Q2" OBS_VALUE="25" OBS_STATUS="A" CONF_STATUS="F"/>
			<Obs TIME_PERIOD="1997-Q3" OBS_VALUE="26" OBS_STATUS="A" CONF_STATUS="F"/>
			<Obs TIME_PERIOD="1997-Q4" OBS_VALUE="27" OBS_STATUS="A" CONF_STATUS="F"/>
			<Obs TIME_PERIOD="1998-Q1" OBS_VALUE="28" OBS_STATUS="A" CONF_STATUS="F"/>
			<Obs TIME_PERIOD="1998-Q2" OBS_VALUE="29" OBS_STATUS="A" CONF_STATUS="F"/>
			<Obs TIME_PERIOD="1998-Q3" OBS_VALUE="30" OBS_STATUS="A" CONF_STATUS="F"/>
			<Obs TIME_PERIOD="1998-Q4" OBS_VALUE="31" OBS_STATUS="A" CONF_STATUS="F"/>
			<Obs TIME_PERIOD="1999-Q1" OBS_VALUE="32" OBS_STATUS="A" CONF_STATUS="F"/>
			<Obs TIME_PERIOD="1999-Q2" OBS_VALUE="33" OBS_STATUS="A" CONF_STATUS="F"/>
			<Obs TIME_PERIOD="1999-Q3" OBS_VALUE="34" OBS_STATUS="A" CONF_STATUS="F"/>
			<Obs TIME_PERIOD="1999-Q4" OBS_VALUE="35" OBS_STATUS="A" CONF_STATUS="F"/>
			<Obs TIME_PERIOD="2000-Q1" OBS_VALUE="36" OBS_STATUS="A" CONF_STATUS="F"/>
			<Obs TIME_PERIOD="2000-Q2" OBS_VALUE="37" OBS_STATUS="A" CONF_STATUS="F"/>
			<Obs TIME_PERIOD="2000-Q3" OBS_VALUE="38" OBS_STATUS="A" CONF_STATUS="F"/>
			<Obs TIME_PERIOD="2000-Q4" OBS_VALUE="39" OBS_STATUS="A" CONF_STATUS="F"/>
			<Obs TIME_PERIOD="2001-Q1" OBS_VALUE="40" OBS_STATUS="A" CONF_STATUS="F"/>
			<Obs TIME_PERIOD="2001-Q2" OBS_VALUE="41" OBS_STATUS="A" CONF_STATUS="F"/>
			<Obs TIME_PERIOD="2001-Q3" OBS_VALUE="42" OBS_STATUS="A" CONF_STATUS="F"/>
			<Obs TIME_PERIOD="2001-Q4" OBS_VALUE="43" OBS_STATUS="A" CONF_STATUS="F"/>
			<Obs TIME_PERIOD="2002-Q1" OBS_VALUE="44" OBS_STATUS="A" CONF_STATUS="F"/>
			<Obs TIME_PERIOD="2002-Q2" OBS_VALUE="45" OBS_STATUS="A" CONF_STATUS="F"/>
			<Obs TIME_PERIOD="2002-Q3" OBS_VALUE="46" OBS_STATUS="A" CONF_STATUS="F"/>
			<Obs TIME_PERIOD="2002-Q4" OBS_VALUE="47" OBS_STATUS="A" CONF_STATUS="F"/>
			<Obs TIME_PERIOD="2003-Q1" OBS_VALUE="48" OBS_STATUS="A" CONF_STATUS="F"/>
			<Obs TIME_PERIOD="2003-Q2" OBS_VALUE="49" OBS_STATUS="A" CONF_STATUS="F"/>
			<Obs TIME_PERIOD="2003-Q3" OBS_VALUE="50" OBS_STATUS="A" CONF_STATUS="F"/>
			<Obs TIME_PERIOD="2003-Q4" OBS_VALUE="51" OBS_STATUS="A" CONF_STATUS="F"/>
			<Obs TIME_PERIOD="2004-Q1" OBS_VALUE="52" OBS_STATUS="A" CONF_STATUS="F"/>
		</Series>
		<Series FREQ="Q" ADJUSTMENT="N" REF_AREA="IT" COUNTERPART_AREA="W2" REF_SECTOR="S1" COUNTERPART_SECTOR="S1" ACCOUNTING_ENTRY="B" STO="B1G" INSTR_ASSET="_Z" ACTIVITY="RTU" EXPENDITURE="_Z" UNIT_MEASURE="XDC" PRICES="V" TRANSFORMATION="N" REF_PERIOD_DETAIL="C" TIME_FORMAT="P3M" REF_YEAR_PRICE="_Z" DECIMALS="0" TABLE_IDENTIFIER="T0101" UNIT_MULT="6" LAST_UPDATE="2017-03-09T13:30:00" COMMENT_TS="xxx">
			<Obs TIME_PERIOD="1995-Q1" OBS_VALUE="99" OBS_STATUS="A" CONF_STATUS="F"/>
			<Obs TIME_PERIOD="1995-Q2" OBS_VALUE="99" OBS_STATUS="A" CONF_STATUS="F"/>
			<Obs TIME_PERIOD="1995-Q3" OBS_VALUE="99" OBS_STATUS="A" CONF_STATUS="F"/>
			<Obs TIME_PERIOD="1995-Q4" OBS_VALUE="99" OBS_STATUS="A" CONF_STATUS="F"/>
			<Obs TIME_PERIOD="1996-Q1" OBS_VALUE="99" OBS_STATUS="A" CONF_STATUS="F"/>
			<Obs TIME_PERIOD="1996-Q2" OBS_VALUE="99" OBS_STATUS="A" CONF_STATUS="F"/>
			<Obs TIME_PERIOD="1996-Q3" OBS_VALUE="99" OBS_STATUS="A" CONF_STATUS="F"/>
			<Obs TIME_PERIOD="1996-Q4" OBS_VALUE="99" OBS_STATUS="A" CONF_STATUS="F"/>
			<Obs TIME_PERIOD="1997-Q1" OBS_VALUE="99" OBS_STATUS="A" CONF_STATUS="F"/>
			<Obs TIME_PERIOD="1997-Q2" OBS_VALUE="99" OBS_STATUS="A" CONF_STATUS="F"/>
			<Obs TIME_PERIOD="1997-Q3" OBS_VALUE="99" OBS_STATUS="A" CONF_STATUS="F"/>
			<Obs TIME_PERIOD="1997-Q4" OBS_VALUE="99" OBS_STATUS="A" CONF_STATUS="F"/>
			<Obs TIME_PERIOD="1998-Q1" OBS_VALUE="99" OBS_STATUS="A" CONF_STATUS="F"/>
			<Obs TIME_PERIOD="1998-Q2" OBS_VALUE="99" OBS_STATUS="A" CONF_STATUS="F"/>
			<Obs TIME_PERIOD="1998-Q3" OBS_VALUE="99" OBS_STATUS="A" CONF_STATUS="F"/>
			<Obs TIME_PERIOD="1998-Q4" OBS_VALUE="99" OBS_STATUS="A" CONF_STATUS="F"/>
			<Obs TIME_PERIOD="1999-Q1" OBS_VALUE="99" OBS_STATUS="A" CONF_STATUS="F"/>
			<Obs TIME_PERIOD="1999-Q2" OBS_VALUE="99" OBS_STATUS="A" CONF_STATUS="F"/>
			<Obs TIME_PERIOD="1999-Q3" OBS_VALUE="99" OBS_STATUS="A" CONF_STATUS="F"/>
			<Obs TIME_PERIOD="1999-Q4" OBS_VALUE="99" OBS_STATUS="A" CONF_STATUS="F"/>
			<Obs TIME_PERIOD="2000-Q1" OBS_VALUE="99" OBS_STATUS="A" CONF_STATUS="F"/>
			<Obs TIME_PERIOD="2000-Q2" OBS_VALUE="99" OBS_STATUS="A" CONF_STATUS="F"/>
			<Obs TIME_PERIOD="2000-Q3" OBS_VALUE="99" OBS_STATUS="A" CONF_STATUS="F"/>
			<Obs TIME_PERIOD="2000-Q4" OBS_VALUE="99" OBS_STATUS="A" CONF_STATUS="F"/>
			<Obs TIME_PERIOD="2001-Q1" OBS_VALUE="99" OBS_STATUS="A" CONF_STATUS="F"/>
			<Obs TIME_PERIOD="2001-Q2" OBS_VALUE="99" OBS_STATUS="A" CONF_STATUS="F"/>
			<Obs TIME_PERIOD="2001-Q3" OBS_VALUE="99" OBS_STATUS="A" CONF_STATUS="F"/>
			<Obs TIME_PERIOD="2001-Q4" OBS_VALUE="99" OBS_STATUS="A" CONF_STATUS="F"/>
			<Obs TIME_PERIOD="2002-Q1" OBS_VALUE="99" OBS_STATUS="A" CONF_STATUS="F"/>
			<Obs TIME_PERIOD="2002-Q2" OBS_VALUE="99" OBS_STATUS="A" CONF_STATUS="F"/>
			<Obs TIME_PERIOD="2002-Q3" OBS_VALUE="99" OBS_STATUS="A" CONF_STATUS="F"/>
			<Obs TIME_PERIOD="2002-Q4" OBS_VALUE="99" OBS_STATUS="A" CONF_STATUS="F"/>
			<Obs TIME_PERIOD="2003-Q1" OBS_VALUE="99" OBS_STATUS="A" CONF_STATUS="F"/>
			<Obs TIME_PERIOD="2003-Q2" OBS_VALUE="99" OBS_STATUS="A" CONF_STATUS="F"/>
			<Obs TIME_PERIOD="2003-Q3" OBS_VALUE="99" OBS_STATUS="A" CONF_STATUS="F"/>
			<Obs TIME_PERIOD="2003-Q4" OBS_VALUE="99" OBS_STATUS="A" CONF_STATUS="F"/>
			<Obs TIME_PERIOD="2004-Q1" OBS_VALUE="99" OBS_STATUS="A" CONF_STATUS="F"/>
		</Series>
		<Series FREQ="Q" ADJUSTMENT="N" REF_AREA="IT" COUNTERPART_AREA="W2" REF_SECTOR="S1" COUNTERPART_SECTOR="S1" ACCOUNTING_ENTRY="C" STO="D21" INSTR_ASSET="_Z" ACTIVITY="_Z" EXPENDITURE="_Z" UNIT_MEASURE="XDC" PRICES="V" TRANSFORMATION="N" REF_PERIOD_DETAIL="C" TIME_FORMAT="P3M" REF_YEAR_PRICE="_Z" DECIMALS="0" TABLE_IDENTIFIER="T0101" UNIT_MULT="6" LAST_UPDATE="2017-03-09T13:30:00" COMMENT_TS="xxx">
			<Obs TIME_PERIOD="1995-Q1" OBS_VALUE="8" OBS_STATUS="A" CONF_STATUS="F"/>
			<Obs TIME_PERIOD="1995-Q2" OBS_VALUE="8" OBS_STATUS="A" CONF_STATUS="F"/>
			<Obs TIME_PERIOD="1995-Q3" OBS_VALUE="8" OBS_STATUS="A" CONF_STATUS="F"/>
			<Obs TIME_PERIOD="1995-Q4" OBS_VALUE="8" OBS_STATUS="A" CONF_STATUS="F"/>
			<Obs TIME_PERIOD="1996-Q1" OBS_VALUE="8" OBS_STATUS="A" CONF_STATUS="F"/>
			<Obs TIME_PERIOD="1996-Q2" OBS_VALUE="8" OBS_STATUS="A" CONF_STATUS="F"/>
			<Obs TIME_PERIOD="1996-Q3" OBS_VALUE="8" OBS_STATUS="A" CONF_STATUS="F"/>
			<Obs TIME_PERIOD="1996-Q4" OBS_VALUE="8" OBS_STATUS="A" CONF_STATUS="F"/>
			<Obs TIME_PERIOD="1997-Q1" OBS_VALUE="8" OBS_STATUS="A" CONF_STATUS="F"/>
			<Obs TIME_PERIOD="1997-Q2" OBS_VALUE="8" OBS_STATUS="A" CONF_STATUS="F"/>
			<Obs TIME_PERIOD="1997-Q3" OBS_VALUE="8" OBS_STATUS="A" CONF_STATUS="F"/>
			<Obs TIME_PERIOD="1997-Q4" OBS_VALUE="8" OBS_STATUS="A" CONF_STATUS="F"/>
			<Obs TIME_PERIOD="1998-Q1" OBS_VALUE="8" OBS_STATUS="A" CONF_STATUS="F"/>
			<Obs TIME_PERIOD="1998-Q2" OBS_VALUE="8" OBS_STATUS="A" CONF_STATUS="F"/>
			<Obs TIME_PERIOD="1998-Q3" OBS_VALUE="8" OBS_STATUS="A" CONF_STATUS="F"/>
			<Obs TIME_PERIOD="1998-Q4" OBS_VALUE="8" OBS_STATUS="A" CONF_STATUS="F"/>
			<Obs TIME_PERIOD="1999-Q1" OBS_VALUE="8" OBS_STATUS="A" CONF_STATUS="F"/>
			<Obs TIME_PERIOD="1999-Q2" OBS_VALUE="8" OBS_STATUS="A" CONF_STATUS="F"/>
			<Obs TIME_PERIOD="1999-Q3" OBS_VALUE="8" OBS_STATUS="A" CONF_STATUS="F"/>
			<Obs TIME_PERIOD="1999-Q4" OBS_VALUE="8" OBS_STATUS="A" CONF_STATUS="F"/>
			<Obs TIME_PERIOD="2000-Q1" OBS_VALUE="8" OBS_STATUS="A" CONF_STATUS="F"/>
			<Obs TIME_PERIOD="2000-Q2" OBS_VALUE="8" OBS_STATUS="A" CONF_STATUS="F"/>
			<Obs TIME_PERIOD="2000-Q3" OBS_VALUE="8" OBS_STATUS="A" CONF_STATUS="F"/>
			<Obs TIME_PERIOD="2000-Q4" OBS_VALUE="8" OBS_STATUS="A" CONF_STATUS="F"/>
			<Obs TIME_PERIOD="2001-Q1" OBS_VALUE="8" OBS_STATUS="A" CONF_STATUS="F"/>
			<Obs TIME_PERIOD="2001-Q2" OBS_VALUE="8" OBS_STATUS="A" CONF_STATUS="F"/>
			<Obs TIME_PERIOD="2001-Q3" OBS_VALUE="8" OBS_STATUS="A" CONF_STATUS="F"/>
			<Obs TIME_PERIOD="2001-Q4" OBS_VALUE="8" OBS_STATUS="A" CONF_STATUS="F"/>
			<Obs TIME_PERIOD="2002-Q1" OBS_VALUE="8" OBS_STATUS="A" CONF_STATUS="F"/>
			<Obs TIME_PERIOD="2002-Q2" OBS_VALUE="8" OBS_STATUS="A" CONF_STATUS="F"/>
			<Obs TIME_PERIOD="2002-Q3" OBS_VALUE="8" OBS_STATUS="A" CONF_STATUS="F"/>
			<Obs TIME_PERIOD="2002-Q4" OBS_VALUE="8" OBS_STATUS="A" CONF_STATUS="F"/>
			<Obs TIME_PERIOD="2003-Q1" OBS_VALUE="8" OBS_STATUS="A" CONF_STATUS="F"/>
			<Obs TIME_PERIOD="2003-Q2" OBS_VALUE="8" OBS_STATUS="A" CONF_STATUS="F"/>
			<Obs TIME_PERIOD="2003-Q3" OBS_VALUE="8" OBS_STATUS="A" CONF_STATUS="F"/>
			<Obs TIME_PERIOD="2003-Q4" OBS_VALUE="8" OBS_STATUS="A" CONF_STATUS="F"/>
			<Obs TIME_PERIOD="2004-Q1" OBS_VALUE="8" OBS_STATUS="A" CONF_STATUS="F"/>
		</Series>
		<Series FREQ="Q" ADJUSTMENT="N" REF_AREA="IT" COUNTERPART_AREA="W2" REF_SECTOR="S1" COUNTERPART_SECTOR="S1" ACCOUNTING_ENTRY="D" STO="D31" INSTR_ASSET="_Z" ACTIVITY="_Z" EXPENDITURE="_Z" UNIT_MEASURE="XDC" PRICES="V" TRANSFORMATION="N" REF_PERIOD_DETAIL="C" TIME_FORMAT="P3M" REF_YEAR_PRICE="_Z" DECIMALS="0" TABLE_IDENTIFIER="T0101" UNIT_MULT="6" LAST_UPDATE="2017-03-09T13:30:00" COMMENT_TS="xxx">
			<Obs TIME_PERIOD="1995-Q1" OBS_VALUE="2" OBS_STATUS="A" CONF_STATUS="F"/>
			<Obs TIME_PERIOD="1995-Q2" OBS_VALUE="2" OBS_STATUS="A" CONF_STATUS="F"/>
			<Obs TIME_PERIOD="1995-Q3" OBS_VALUE="2" OBS_STATUS="A" CONF_STATUS="F"/>
			<Obs TIME_PERIOD="1995-Q4" OBS_VALUE="2" OBS_STATUS="A" CONF_STATUS="F"/>
			<Obs TIME_PERIOD="1996-Q1" OBS_VALUE="2" OBS_STATUS="A" CONF_STATUS="F"/>
			<Obs TIME_PERIOD="1996-Q2" OBS_VALUE="2" OBS_STATUS="A" CONF_STATUS="F"/>
			<Obs TIME_PERIOD="1996-Q3" OBS_VALUE="2" OBS_STATUS="A" CONF_STATUS="F"/>
			<Obs TIME_PERIOD="1996-Q4" OBS_VALUE="2" OBS_STATUS="A" CONF_STATUS="F"/>
			<Obs TIME_PERIOD="1997-Q1" OBS_VALUE="2" OBS_STATUS="A" CONF_STATUS="F"/>
			<Obs TIME_PERIOD="1997-Q2" OBS_VALUE="2" OBS_STATUS="A" CONF_STATUS="F"/>
			<Obs TIME_PERIOD="1997-Q3" OBS_VALUE="2" OBS_STATUS="A" CONF_STATUS="F"/>
			<Obs TIME_PERIOD="1997-Q4" OBS_VALUE="2" OBS_STATUS="A" CONF_STATUS="F"/>
			<Obs TIME_PERIOD="1998-Q1" OBS_VALUE="2" OBS_STATUS="A" CONF_STATUS="F"/>
			<Obs TIME_PERIOD="1998-Q2" OBS_VALUE="2" OBS_STATUS="A" CONF_STATUS="F"/>
			<Obs TIME_PERIOD="1998-Q3" OBS_VALUE="2" OBS_STATUS="A" CONF_STATUS="F"/>
			<Obs TIME_PERIOD="1998-Q4" OBS_VALUE="2" OBS_STATUS="A" CONF_STATUS="F"/>
			<Obs TIME_PERIOD="1999-Q1" OBS_VALUE="2" OBS_STATUS="A" CONF_STATUS="F"/>
			<Obs TIME_PERIOD="1999-Q2" OBS_VALUE="2" OBS_STATUS="A" CONF_STATUS="F"/>
			<Obs TIME_PERIOD="1999-Q3" OBS_VALUE="2" OBS_STATUS="A" CONF_STATUS="F"/>
			<Obs TIME_PERIOD="1999-Q4" OBS_VALUE="2" OBS_STATUS="A" CONF_STATUS="F"/>
			<Obs TIME_PERIOD="2000-Q1" OBS_VALUE="2" OBS_STATUS="A" CONF_STATUS="F"/>
			<Obs TIME_PERIOD="2000-Q2" OBS_VALUE="2" OBS_STATUS="A" CONF_STATUS="F"/>
			<Obs TIME_PERIOD="2000-Q3" OBS_VALUE="2" OBS_STATUS="A" CONF_STATUS="F"/>
			<Obs TIME_PERIOD="2000-Q4" OBS_VALUE="2" OBS_STATUS="A" CONF_STATUS="F"/>
			<Obs TIME_PERIOD="2001-Q1" OBS_VALUE="2" OBS_STATUS="A" CONF_STATUS="F"/>
			<Obs TIME_PERIOD="2001-Q2" OBS_VALUE="2" OBS_STATUS="A" CONF_STATUS="F"/>
			<Obs TIME_PERIOD="2001-Q3" OBS_VALUE="2" OBS_STATUS="A" CONF_STATUS="F"/>
			<Obs TIME_PERIOD="2001-Q4" OBS_VALUE="2" OBS_STATUS="A" CONF_STATUS="F"/>
			<Obs TIME_PERIOD="2002-Q1" OBS_VALUE="2" OBS_STATUS="A" CONF_STATUS="F"/>
			<Obs TIME_PERIOD="2002-Q2" OBS_VALUE="2" OBS_STATUS="A" CONF_STATUS="F"/>
			<Obs TIME_PERIOD="2002-Q3" OBS_VALUE="2" OBS_STATUS="A" CONF_STATUS="F"/>
			<Obs TIME_PERIOD="2002-Q4" OBS_VALUE="2" OBS_STATUS="A" CONF_STATUS="F"/>
			<Obs TIME_PERIOD="2003-Q1" OBS_VALUE="2" OBS_STATUS="A" CONF_STATUS="F"/>
			<Obs TIME_PERIOD="2003-Q2" OBS_VALUE="2" OBS_STATUS="A" CONF_STATUS="F"/>
			<Obs TIME_PERIOD="2003-Q3" OBS_VALUE="2" OBS_STATUS="A" CONF_STATUS="F"/>
			<Obs TIME_PERIOD="2003-Q4" OBS_VALUE="2" OBS_STATUS="A" CONF_STATUS="F"/>
			<Obs TIME_PERIOD="2004-Q1" OBS_VALUE="2" OBS_STATUS="A" CONF_STATUS="F"/>
		</Series>
		<Series FREQ="Q" ADJUSTMENT="N" REF_AREA="IT" COUNTERPART_AREA="W2" REF_SECTOR="S1" COUNTERPART_SECTOR="S1" ACCOUNTING_ENTRY="C" STO="D21X31" INSTR_ASSET="_Z" ACTIVITY="_Z" EXPENDITURE="_Z" UNIT_MEASURE="XDC" PRICES="V" TRANSFORMATION="N" REF_PERIOD_DETAIL="C" TIME_FORMAT="P3M" REF_YEAR_PRICE="_Z" DECIMALS="0" TABLE_IDENTIFIER="T0101" UNIT_MULT="6" LAST_UPDATE="2017-03-09T13:30:00" COMMENT_TS="xxx">
			<Obs TIME_PERIOD="1995-Q1" OBS_VALUE="10" OBS_STATUS="A" CONF_STATUS="F"/>
			<Obs TIME_PERIOD="1995-Q2" OBS_VALUE="10" OBS_STATUS="A" CONF_STATUS="F"/>
			<Obs TIME_PERIOD="1995-Q3" OBS_VALUE="10" OBS_STATUS="A" CONF_STATUS="F"/>
			<Obs TIME_PERIOD="1995-Q4" OBS_VALUE="10" OBS_STATUS="A" CONF_STATUS="F"/>
			<Obs TIME_PERIOD="1996-Q1" OBS_VALUE="10" OBS_STATUS="A" CONF_STATUS="F"/>
			<Obs TIME_PERIOD="1996-Q2" OBS_VALUE="10" OBS_STATUS="A" CONF_STATUS="F"/>
			<Obs TIME_PERIOD="1996-Q3" OBS_VALUE="10" OBS_STATUS="A" CONF_STATUS="F"/>
			<Obs TIME_PERIOD="1996-Q4" OBS_VALUE="10" OBS_STATUS="A" CONF_STATUS="F"/>
			<Obs TIME_PERIOD="1997-Q1" OBS_VALUE="10" OBS_STATUS="A" CONF_STATUS="F"/>
			<Obs TIME_PERIOD="1997-Q2" OBS_VALUE="10" OBS_STATUS="A" CONF_STATUS="F"/>
			<Obs TIME_PERIOD="1997-Q3" OBS_VALUE="10" OBS_STATUS="A" CONF_STATUS="F"/>
			<Obs TIME_PERIOD="1997-Q4" OBS_VALUE="10" OBS_STATUS="A" CONF_STATUS="F"/>
			<Obs TIME_PERIOD="1998-Q1" OBS_VALUE="10" OBS_STATUS="A" CONF_STATUS="F"/>
			<Obs TIME_PERIOD="1998-Q2" OBS_VALUE="10" OBS_STATUS="A" CONF_STATUS="F"/>
			<Obs TIME_PERIOD="1998-Q3" OBS_VALUE="10" OBS_STATUS="A" CONF_STATUS="F"/>
			<Obs TIME_PERIOD="1998-Q4" OBS_VALUE="10" OBS_STATUS="A" CONF_STATUS="F"/>
			<Obs TIME_PERIOD="1999-Q1" OBS_VALUE="10" OBS_STATUS="A" CONF_STATUS="F"/>
			<Obs TIME_PERIOD="1999-Q2" OBS_VALUE="10" OBS_STATUS="A" CONF_STATUS="F"/>
			<Obs TIME_PERIOD="1999-Q3" OBS_VALUE="10" OBS_STATUS="A" CONF_STATUS="F"/>
			<Obs TIME_PERIOD="1999-Q4" OBS_VALUE="10" OBS_STATUS="A" CONF_STATUS="F"/>
			<Obs TIME_PERIOD="2000-Q1" OBS_VALUE="10" OBS_STATUS="A" CONF_STATUS="F"/>
			<Obs TIME_PERIOD="2000-Q2" OBS_VALUE="10" OBS_STATUS="A" CONF_STATUS="F"/>
			<Obs TIME_PERIOD="2000-Q3" OBS_VALUE="10" OBS_STATUS="A" CONF_STATUS="F"/>
			<Obs TIME_PERIOD="2000-Q4" OBS_VALUE="10" OBS_STATUS="A" CONF_STATUS="F"/>
			<Obs TIME_PERIOD="2001-Q1" OBS_VALUE="10" OBS_STATUS="A" CONF_STATUS="F"/>
			<Obs TIME_PERIOD="2001-Q2" OBS_VALUE="10" OBS_STATUS="A" CONF_STATUS="F"/>
			<Obs TIME_PERIOD="2001-Q3" OBS_VALUE="10" OBS_STATUS="A" CONF_STATUS="F"/>
			<Obs TIME_PERIOD="2001-Q4" OBS_VALUE="10" OBS_STATUS="A" CONF_STATUS="F"/>
			<Obs TIME_PERIOD="2002-Q1" OBS_VALUE="10" OBS_STATUS="A" CONF_STATUS="F"/>
			<Obs TIME_PERIOD="2002-Q2" OBS_VALUE="10" OBS_STATUS="A" CONF_STATUS="F"/>
			<Obs TIME_PERIOD="2002-Q3" OBS_VALUE="10" OBS_STATUS="A" CONF_STATUS="F"/>
			<Obs TIME_PERIOD="2002-Q4" OBS_VALUE="10" OBS_STATUS="A" CONF_STATUS="F"/>
			<Obs TIME_PERIOD="2003-Q1" OBS_VALUE="10" OBS_STATUS="A" CONF_STATUS="F"/>
			<Obs TIME_PERIOD="2003-Q2" OBS_VALUE="10" OBS_STATUS="A" CONF_STATUS="F"/>
			<Obs TIME_PERIOD="2003-Q3" OBS_VALUE="10" OBS_STATUS="A" CONF_STATUS="F"/>
			<Obs TIME_PERIOD="2003-Q4" OBS_VALUE="10" OBS_STATUS="A" CONF_STATUS="F"/>
			<Obs TIME_PERIOD="2004-Q1" OBS_VALUE="10" OBS_STATUS="A" CONF_STATUS="F"/>
		</Series>
		<Series FREQ="Q" ADJUSTMENT="N" REF_AREA="IT" COUNTERPART_AREA="W2" REF_SECTOR="S1" COUNTERPART_SECTOR="S1" ACCOUNTING_ENTRY="_Z" STO="YA1" INSTR_ASSET="_Z" ACTIVITY="_Z" EXPENDITURE="_Z" UNIT_MEASURE="XDC" PRICES="V" TRANSFORMATION="N" REF_PERIOD_DETAIL="C" TIME_FORMAT="P3M" REF_YEAR_PRICE="_Z" DECIMALS="0" TABLE_IDENTIFIER="T0101" UNIT_MULT="6" LAST_UPDATE="2017-03-09T13:30:00" COMMENT_TS="xxx">
			<Obs TIME_PERIOD="1995-Q1" OBS_VALUE="0" OBS_STATUS="A" CONF_STATUS="F"/>
			<Obs TIME_PERIOD="1995-Q2" OBS_VALUE="0" OBS_STATUS="A" CONF_STATUS="F"/>
			<Obs TIME_PERIOD="1995-Q3" OBS_VALUE="0" OBS_STATUS="A" CONF_STATUS="F"/>
			<Obs TIME_PERIOD="1995-Q4" OBS_VALUE="0" OBS_STATUS="A" CONF_STATUS="F"/>
			<Obs TIME_PERIOD="1996-Q1" OBS_VALUE="0" OBS_STATUS="A" CONF_STATUS="F"/>
			<Obs TIME_PERIOD="1996-Q2" OBS_VALUE="0" OBS_STATUS="A" CONF_STATUS="F"/>
			<Obs TIME_PERIOD="1996-Q3" OBS_VALUE="0" OBS_STATUS="A" CONF_STATUS="F"/>
			<Obs TIME_PERIOD="1996-Q4" OBS_VALUE="0" OBS_STATUS="A" CONF_STATUS="F"/>
			<Obs TIME_PERIOD="1997-Q1" OBS_VALUE="0" OBS_STATUS="A" CONF_STATUS="F"/>
			<Obs TIME_PERIOD="1997-Q2" OBS_VALUE="0" OBS_STATUS="A" CONF_STATUS="F"/>
			<Obs TIME_PERIOD="1997-Q3" OBS_VALUE="0" OBS_STATUS="A" CONF_STATUS="F"/>
			<Obs TIME_PERIOD="1997-Q4" OBS_VALUE="0" OBS_STATUS="A" CONF_STATUS="F"/>
			<Obs TIME_PERIOD="1998-Q1" OBS_VALUE="0" OBS_STATUS="A" CONF_STATUS="F"/>
			<Obs TIME_PERIOD="1998-Q2" OBS_VALUE="0" OBS_STATUS="A" CONF_STATUS="F"/>
			<Obs TIME_PERIOD="1998-Q3" OBS_VALUE="0" OBS_STATUS="A" CONF_STATUS="F"/>
			<Obs TIME_PERIOD="1998-Q4" OBS_VALUE="0" OBS_STATUS="A" CONF_STATUS="F"/>
			<Obs TIME_PERIOD="1999-Q1" OBS_VALUE="0" OBS_STATUS="A" CONF_STATUS="F"/>
			<Obs TIME_PERIOD="1999-Q2" OBS_VALUE="0" OBS_STATUS="A" CONF_STATUS="F"/>
			<Obs TIME_PERIOD="1999-Q3" OBS_VALUE="0" OBS_STATUS="A" CONF_STATUS="F"/>
			<Obs TIME_PERIOD="1999-Q4" OBS_VALUE="0" OBS_STATUS="A" CONF_STATUS="F"/>
			<Obs TIME_PERIOD="2000-Q1" OBS_VALUE="0" OBS_STATUS="A" CONF_STATUS="F"/>
			<Obs TIME_PERIOD="2000-Q2" OBS_VALUE="0" OBS_STATUS="A" CONF_STATUS="F"/>
			<Obs TIME_PERIOD="2000-Q3" OBS_VALUE="0" OBS_STATUS="A" CONF_STATUS="F"/>
			<Obs TIME_PERIOD="2000-Q4" OBS_VALUE="0" OBS_STATUS="A" CONF_STATUS="F"/>
			<Obs TIME_PERIOD="2001-Q1" OBS_VALUE="0" OBS_STATUS="A" CONF_STATUS="F"/>
			<Obs TIME_PERIOD="2001-Q2" OBS_VALUE="0" OBS_STATUS="A" CONF_STATUS="F"/>
			<Obs TIME_PERIOD="2001-Q3" OBS_VALUE="0" OBS_STATUS="A" CONF_STATUS="F"/>
			<Obs TIME_PERIOD="2001-Q4" OBS_VALUE="0" OBS_STATUS="A" CONF_STATUS="F"/>
			<Obs TIME_PERIOD="2002-Q1" OBS_VALUE="0" OBS_STATUS="A" CONF_STATUS="F"/>
			<Obs TIME_PERIOD="2002-Q2" OBS_VALUE="0" OBS_STATUS="A" CONF_STATUS="F"/>
			<Obs TIME_PERIOD="2002-Q3" OBS_VALUE="0" OBS_STATUS="A" CONF_STATUS="F"/>
			<Obs TIME_PERIOD="2002-Q4" OBS_VALUE="0" OBS_STATUS="A" CONF_STATUS="F"/>
			<Obs TIME_PERIOD="2003-Q1" OBS_VALUE="0" OBS_STATUS="A" CONF_STATUS="F"/>
			<Obs TIME_PERIOD="2003-Q2" OBS_VALUE="0" OBS_STATUS="A" CONF_STATUS="F"/>
			<Obs TIME_PERIOD="2003-Q3" OBS_VALUE="0" OBS_STATUS="A" CONF_STATUS="F"/>
			<Obs TIME_PERIOD="2003-Q4" OBS_VALUE="0" OBS_STATUS="A" CONF_STATUS="F"/>
			<Obs TIME_PERIOD="2004-Q1" OBS_VALUE="0" OBS_STATUS="A" CONF_STATUS="F"/>
		</Series>
	</message:DataSet>
</message:StructureSpecificData>
