﻿<SettingRoot xmlns:xsi="http://www.w3.org/2001/XMLSchema-instance" xmlns:xsd="http://www.w3.org/2001/XMLSchema" Version="1.0">
    <Settings>
        <SourceFile><![CDATA[C:\TRAINING_Excel2Csv_20220203\Time_in_rows_with_attributes\NA_MAIN_T0101_V1.1_Q.xls]]></SourceFile>
        <DestinationFile><![CDATA[C:\TRAINING_Excel2Csv_20220203\Time_in_rows_with_attributes\NA_MAIN_T0101_V1.1_QN_V.csv]]></DestinationFile>
        <DataStartColumn>B</DataStartColumn>
        <DataStartRow>23</DataStartRow>
        <FirstColumn>A</FirstColumn>
        <FirstRow>19</FirstRow>
        <HeaderHeight>3</HeaderHeight>
        <SideWidth>1</SideWidth>
        <LastColumn>AX</LastColumn>
        <LastRow>97</LastRow>
        <SheetNumber>0</SheetNumber>
        <OutputEncoding>Unicode (UTF-8)</OutputEncoding>
        <WriteHeader>True</WriteHeader>
        <AllowNonNumericValues>False</AllowNonNumericValues>
        <MaxDecimals>0</MaxDecimals>
        <DecimalSeparator><![CDATA[]]></DecimalSeparator>
        <FieldSeparator><![CDATA[;]]></FieldSeparator>
        <DimensionsAsCodeDescription>False</DimensionsAsCodeDescription>
        <DimensionExpressionIndex>0</DimensionExpressionIndex>
        <DimensionExpressions />
        <Field>
            <Priority></Priority>
            <Type>Constant</Type>
            <Label></Label>
            <Dimension>FREQ</Dimension>
            <Value>Q</Value>
            <Sample></Sample>
            <IsTimeSeries>False</IsTimeSeries>
            <Hidden>False</Hidden>
            <Attribute>0</Attribute>
        </Field>
        <Field>
            <Priority></Priority>
            <Type>Constant</Type>
            <Label></Label>
            <Dimension>REF_AREA</Dimension>
            <Value>IT</Value>
            <Sample></Sample>
            <IsTimeSeries>False</IsTimeSeries>
            <Hidden>False</Hidden>
            <Attribute>0</Attribute>
        </Field>
        <Field>
            <Priority></Priority>
            <Type>Constant</Type>
            <Label></Label>
            <Dimension>COUNTERPART_AREA</Dimension>
            <Value>W2</Value>
            <Sample></Sample>
            <IsTimeSeries>False</IsTimeSeries>
            <Hidden>False</Hidden>
            <Attribute>0</Attribute>
        </Field>
        <Field>
            <Priority>2</Priority>
            <Type>Row</Type>
            <Label>19</Label>
            <Dimension>STO</Dimension>
            <Value></Value>
            <Sample>B1GQ</Sample>
            <IsTimeSeries>False</IsTimeSeries>
            <Hidden>False</Hidden>
            <Attribute>0</Attribute>
        </Field>
        <Field>
            <Priority>3</Priority>
            <Type>Row</Type>
            <Label>20</Label>
            <Dimension>ACTIVITY</Dimension>
            <Value></Value>
            <Sample>_Z</Sample>
            <IsTimeSeries>False</IsTimeSeries>
            <Hidden>False</Hidden>
            <Attribute>0</Attribute>
        </Field>
        <Field>
            <Priority>4</Priority>
            <Type>Row</Type>
            <Label>21</Label>
            <Dimension>ACCOUNTING_ENTRY</Dimension>
            <Value></Value>
            <Sample>B</Sample>
            <IsTimeSeries>False</IsTimeSeries>
            <Hidden>False</Hidden>
            <Attribute>0</Attribute>
        </Field>
        <Field>
            <Priority></Priority>
            <Type>Constant</Type>
            <Label></Label>
            <Dimension>REF_SECTOR</Dimension>
            <Value>S1</Value>
            <Sample></Sample>
            <IsTimeSeries>False</IsTimeSeries>
            <Hidden>False</Hidden>
            <Attribute>0</Attribute>
        </Field>
        <Field>
            <Priority></Priority>
            <Type>Constant</Type>
            <Label></Label>
            <Dimension>COUNTERPART_SECTOR</Dimension>
            <Value>S1</Value>
            <Sample></Sample>
            <IsTimeSeries>False</IsTimeSeries>
            <Hidden>False</Hidden>
            <Attribute>0</Attribute>
        </Field>
        <Field>
            <Priority></Priority>
            <Type>Constant</Type>
            <Label></Label>
            <Dimension>ADJUSTMENT</Dimension>
            <Value>N</Value>
            <Sample></Sample>
            <IsTimeSeries>False</IsTimeSeries>
            <Hidden>False</Hidden>
            <Attribute>0</Attribute>
        </Field>
        <Field>
            <Priority></Priority>
            <Type>Constant</Type>
            <Label></Label>
            <Dimension>INSTR_ASSET</Dimension>
            <Value>_Z</Value>
            <Sample></Sample>
            <IsTimeSeries>False</IsTimeSeries>
            <Hidden>False</Hidden>
            <Attribute>0</Attribute>
        </Field>
        <Field>
            <Priority></Priority>
            <Type>Constant</Type>
            <Label></Label>
            <Dimension>EXPENDITURE</Dimension>
            <Value>_Z</Value>
            <Sample></Sample>
            <IsTimeSeries>False</IsTimeSeries>
            <Hidden>False</Hidden>
            <Attribute>0</Attribute>
        </Field>
        <Field>
            <Priority></Priority>
            <Type>Constant</Type>
            <Label></Label>
            <Dimension>PRICES</Dimension>
            <Value>V</Value>
            <Sample></Sample>
            <IsTimeSeries>False</IsTimeSeries>
            <Hidden>False</Hidden>
            <Attribute>0</Attribute>
        </Field>
        <Field>
            <Priority></Priority>
            <Type>Constant</Type>
            <Label></Label>
            <Dimension>UNIT_MEASURE</Dimension>
            <Value>XDC</Value>
            <Sample></Sample>
            <IsTimeSeries>False</IsTimeSeries>
            <Hidden>False</Hidden>
            <Attribute>0</Attribute>
        </Field>
        <Field>
            <Priority></Priority>
            <Type>Constant</Type>
            <Label></Label>
            <Dimension>TRANSFORMATION</Dimension>
            <Value>N</Value>
            <Sample></Sample>
            <IsTimeSeries>False</IsTimeSeries>
            <Hidden>False</Hidden>
            <Attribute>0</Attribute>
        </Field>
        <Field>
            <Priority>1</Priority>
            <Type>Column</Type>
            <Label>A</Label>
            <Dimension>TIME_PERIOD</Dimension>
            <Value></Value>
            <Sample>1995-Q1</Sample>
            <IsTimeSeries>False</IsTimeSeries>
            <Hidden>False</Hidden>
            <Attribute>0</Attribute>
        </Field>
        <Field>
            <Priority>5</Priority>
            <Type>Value</Type>
            <Label></Label>
            <Dimension>OBS_VALUE</Dimension>
            <Value></Value>
            <Sample></Sample>
            <IsTimeSeries>False</IsTimeSeries>
            <Hidden>False</Hidden>
            <Attribute>0</Attribute>
        </Field>
        <Field>
            <Priority></Priority>
            <Type>Attribute</Type>
            <Label></Label>
            <Dimension>OBS_STATUS</Dimension>
            <Value></Value>
            <Sample></Sample>
            <IsTimeSeries>False</IsTimeSeries>
            <Hidden>False</Hidden>
            <Attribute>1</Attribute>
        </Field>
        <Field>
            <Priority></Priority>
            <Type>Attribute</Type>
            <Label></Label>
            <Dimension>CONF_STATUS</Dimension>
            <Value></Value>
            <Sample></Sample>
            <IsTimeSeries>False</IsTimeSeries>
            <Hidden>False</Hidden>
            <Attribute>2</Attribute>
        </Field>
        <Field>
            <Priority></Priority>
            <Type>Constant</Type>
            <Label></Label>
            <Dimension>UNIT_MULT</Dimension>
            <Value>6</Value>
            <Sample></Sample>
            <IsTimeSeries>False</IsTimeSeries>
            <Hidden>False</Hidden>
            <Attribute>0</Attribute>
        </Field>
        <Field>
            <Priority></Priority>
            <Type>Constant</Type>
            <Label></Label>
            <Dimension>DECIMALS</Dimension>
            <Value>0</Value>
            <Sample></Sample>
            <IsTimeSeries>False</IsTimeSeries>
            <Hidden>False</Hidden>
            <Attribute>0</Attribute>
        </Field>
        <Field>
            <Priority></Priority>
            <Type>Constant</Type>
            <Label></Label>
            <Dimension>TIME_FORMAT</Dimension>
            <Value>P3M</Value>
            <Sample></Sample>
            <IsTimeSeries>False</IsTimeSeries>
            <Hidden>False</Hidden>
            <Attribute>1</Attribute>
        </Field>
        <Field>
            <Priority></Priority>
            <Type>Constant</Type>
            <Label></Label>
            <Dimension>REF_YEAR_PRICE</Dimension>
            <Value>_Z</Value>
            <Sample></Sample>
            <IsTimeSeries>False</IsTimeSeries>
            <Hidden>False</Hidden>
            <Attribute>0</Attribute>
        </Field>
        <Field>
            <Priority></Priority>
            <Type>Constant</Type>
            <Label></Label>
            <Dimension>EMBARGO_DATE		</Dimension>
            <Value></Value>
            <Sample></Sample>
            <IsTimeSeries>False</IsTimeSeries>
            <Hidden>False</Hidden>
            <Attribute>0</Attribute>
        </Field>
        <Field>
            <Priority></Priority>
            <Type>Constant</Type>
            <Label></Label>
            <Dimension>TABLE_IDENTIFIER</Dimension>
            <Value>T0101</Value>
            <Sample></Sample>
            <IsTimeSeries>False</IsTimeSeries>
            <Hidden>False</Hidden>
            <Attribute>0</Attribute>
        </Field>
        <Field>
            <Priority></Priority>
            <Type>Constant</Type>
            <Label></Label>
            <Dimension>LAST_UPDATE		</Dimension>
            <Value>2017-03-09T13:30:00</Value>
            <Sample></Sample>
            <IsTimeSeries>False</IsTimeSeries>
            <Hidden>False</Hidden>
            <Attribute>0</Attribute>
        </Field>
        <Field>
            <Priority></Priority>
            <Type>Constant</Type>
            <Label></Label>
            <Dimension>COMMENT_DSET</Dimension>
            <Value>Excel Template V1.6a</Value>
            <Sample></Sample>
            <IsTimeSeries>False</IsTimeSeries>
            <Hidden>False</Hidden>
            <Attribute>0</Attribute>
        </Field>
        <Field>
            <Priority></Priority>
            <Type>Constant</Type>
            <Label></Label>
            <Dimension>COMMENT_TS</Dimension>
            <Value>xxx</Value>
            <Sample></Sample>
            <IsTimeSeries>False</IsTimeSeries>
            <Hidden>False</Hidden>
            <Attribute>0</Attribute>
        </Field>
        <Field>
            <Priority></Priority>
            <Type>Constant</Type>
            <Label></Label>
            <Dimension>REF_PERIOD_DETAIL</Dimension>
            <Value>C</Value>
            <Sample></Sample>
            <IsTimeSeries>False</IsTimeSeries>
            <Hidden>False</Hidden>
            <Attribute>0</Attribute>
        </Field>
    </Settings>
</SettingRoot>