<?xml version="1.0"?>
<MappingDialogPreferences xmlns:xsd="http://www.w3.org/2001/XMLSchema" xmlns:xsi="http://www.w3.org/2001/XMLSchema-instance">
  <FieldSeparator>59</FieldSeparator>
  <FieldDelimiter xsi:nil="true" />
  <DecimalSeparator>46</DecimalSeparator>
  <HasHeader>true</HasHeader>
  <CsvFilename>C:\TRAINING_Excel2Csv_20220203\Time_in_rows_with_attributes\NA_MAIN_T0101_V1.1_QN_V.csv</CsvFilename>
  <DsdFilename>C:\TRAINING_Excel2Csv_20220203\Time_in_rows_with_attributes\NA_MAIN+ESTAT+1.12.xml</DsdFilename>
  <SdmxFilename>C:\TRAINING_Excel2Csv_20220203\Time_in_rows_with_attributes\NA_MAIN_T0101_V1.1_QN_V(sdmx).xml</SdmxFilename>
  <Mapping>
    <ArrayOfString>
      <string>FREQ</string>
      <string>FREQ</string>
    </ArrayOfString>
    <ArrayOfString>
      <string>ADJUSTMENT</string>
      <string>ADJUSTMENT</string>
    </ArrayOfString>
    <ArrayOfString>
      <string>REF_AREA</string>
      <string>REF_AREA</string>
    </ArrayOfString>
    <ArrayOfString>
      <string>COUNTERPART_AREA</string>
      <string>COUNTERPART_AREA</string>
    </ArrayOfString>
    <ArrayOfString>
      <string>REF_SECTOR</string>
      <string>REF_SECTOR</string>
    </ArrayOfString>
    <ArrayOfString>
      <string>COUNTERPART_SECTOR</string>
      <string>COUNTERPART_SECTOR</string>
    </ArrayOfString>
    <ArrayOfString>
      <string>ACCOUNTING_ENTRY</string>
      <string>ACCOUNTING_ENTRY</string>
    </ArrayOfString>
    <ArrayOfString>
      <string>STO</string>
      <string>STO</string>
    </ArrayOfString>
    <ArrayOfString>
      <string>INSTR_ASSET</string>
      <string>INSTR_ASSET</string>
    </ArrayOfString>
    <ArrayOfString>
      <string>ACTIVITY</string>
      <string>ACTIVITY</string>
    </ArrayOfString>
    <ArrayOfString>
      <string>EXPENDITURE</string>
      <string>EXPENDITURE</string>
    </ArrayOfString>
    <ArrayOfString>
      <string>UNIT_MEASURE</string>
      <string>UNIT_MEASURE</string>
    </ArrayOfString>
    <ArrayOfString>
      <string>PRICES</string>
      <string>PRICES</string>
    </ArrayOfString>
    <ArrayOfString>
      <string>TRANSFORMATION</string>
      <string>TRANSFORMATION</string>
    </ArrayOfString>
    <ArrayOfString>
      <string>TIME_PERIOD</string>
      <string>TIME_PERIOD</string>
    </ArrayOfString>
    <ArrayOfString>
      <string>OBS_STATUS</string>
      <string>OBS_STATUS</string>
    </ArrayOfString>
    <ArrayOfString>
      <string>CONF_STATUS</string>
      <string>CONF_STATUS</string>
    </ArrayOfString>
    <ArrayOfString>
      <string>EMBARGO_DATE</string>
      <string>EMBARGO_DATE</string>
    </ArrayOfString>
    <ArrayOfString>
      <string>REF_PERIOD_DETAIL</string>
      <string>REF_PERIOD_DETAIL</string>
    </ArrayOfString>
    <ArrayOfString>
      <string>TIME_FORMAT</string>
      <string>TIME_FORMAT</string>
    </ArrayOfString>
    <ArrayOfString>
      <string>REF_YEAR_PRICE</string>
      <string>REF_YEAR_PRICE</string>
    </ArrayOfString>
    <ArrayOfString>
      <string>DECIMALS</string>
      <string>DECIMALS</string>
    </ArrayOfString>
    <ArrayOfString>
      <string>TABLE_IDENTIFIER</string>
      <string>TABLE_IDENTIFIER</string>
    </ArrayOfString>
    <ArrayOfString>
      <string>UNIT_MULT</string>
      <string>UNIT_MULT</string>
    </ArrayOfString>
    <ArrayOfString>
      <string>LAST_UPDATE</string>
      <string>LAST_UPDATE</string>
    </ArrayOfString>
    <ArrayOfString>
      <string>COMMENT_DSET</string>
      <string>COMMENT_DSET</string>
    </ArrayOfString>
    <ArrayOfString>
      <string>COMMENT_TS</string>
      <string>COMMENT_TS</string>
    </ArrayOfString>
    <ArrayOfString>
      <string>OBS_VALUE</string>
      <string>OBS_VALUE</string>
    </ArrayOfString>
  </Mapping>
  <DataEnumType>Compact21</DataEnumType>
  <SenderOrgId>IT1</SenderOrgId>
  <SenderOrgName>Francesco</SenderOrgName>
  <SenderName>Rizzo</SenderName>
  <SenderEmail>rizzo@istat.it</SenderEmail>
  <SenderDepartment />
  <SenderRole />
  <ReceiverOrgId>ESTAT</ReceiverOrgId>
  <ReceiverOrgName>Eurostat</ReceiverOrgName>
  <ReceiverName />
  <ReceiverEmail />
  <ReceiverDepartment />
  <ReceiverRole />
  <Transmission />
  <AgencyId />
  <Source />
  <IsTest>false</IsTest>
</MappingDialogPreferences>