<?xml version="1.0" encoding="utf-8"?>
<message:Structure xmlns:message="http://www.sdmx.org/resources/sdmxml/schemas/v2_1/message" xmlns:structure="http://www.sdmx.org/resources/sdmxml/schemas/v2_1/structure" xmlns:common="http://www.sdmx.org/resources/sdmxml/schemas/v2_1/common">
  <message:Header>
    <message:ID>IDREF272</message:ID>
    <message:Test>false</message:Test>
    <message:Prepared>2020-03-31T16:26:47.4547812+02:00</message:Prepared>
    <message:Sender id="Unknown" />
    <message:Receiver id="Unknown" />
  </message:Header>
  <message:Structures>
    <structure:Codelists>
      <structure:Codelist id="CL_ACTIVITY" agencyID="IT1" version="1.0" isFinal="true">
        <common:Name xml:lang="en">Economic activity</common:Name>
        <structure:Code id="0040">
          <common:Name xml:lang="en">Intermediate goods</common:Name>
          <common:Name xml:lang="it">Beni intermedi</common:Name>
        </structure:Code>
        <structure:Code id="0050">
          <common:Name xml:lang="en">Capital goods</common:Name>
          <common:Name xml:lang="it">Beni strumentali</common:Name>
        </structure:Code>
        <structure:Code id="0060">
          <common:Name xml:lang="en">Consumer goods - durables</common:Name>
          <common:Name xml:lang="it">Beni di consumo - durevoli</common:Name>
        </structure:Code>
        <structure:Code id="0070">
          <common:Name xml:lang="en">Consumer goods - non-durables</common:Name>
          <common:Name xml:lang="it">Beni di consumo - non durevoli</common:Name>
        </structure:Code>
        <structure:Code id="0080">
          <common:Name xml:lang="en">Consumer goods</common:Name>
          <common:Name xml:lang="it">Beni di consumo</common:Name>
        </structure:Code>
        <structure:Code id="0090">
          <common:Name xml:lang="en">Energy</common:Name>
          <common:Name xml:lang="it">Energy</common:Name>
        </structure:Code>
        <structure:Code id="0020">
          <common:Name xml:lang="en">Total industry excluding construction (b to e)</common:Name>
          <common:Name xml:lang="it">Totale industria escluse costruzioni (b-e)</common:Name>
        </structure:Code>
        <structure:Code id="0021">
          <common:Name xml:lang="en">Total industry excluding construction (b to e) and excluding mig energy</common:Name>
          <common:Name xml:lang="it">Totale industria escluse costruzioni (b-e) ed escluso il raggruppamento energia</common:Name>
        </structure:Code>
        <structure:Code id="B">
          <common:Name xml:lang="en">Mining and quarrying</common:Name>
          <common:Name xml:lang="it">Estrazione di minerali da cave e miniere</common:Name>
        </structure:Code>
        <structure:Code id="C">
          <common:Name xml:lang="en">Manufacturing</common:Name>
          <common:Name xml:lang="it">Attivitą manifatturiere</common:Name>
        </structure:Code>
        <structure:Code id="CB">
          <common:Name xml:lang="en">Manufacture of textiles, apparel, leather and related products</common:Name>
          <common:Name xml:lang="it">Industrie tessili, dell'abbigliamento, articoli in pelle e simili</common:Name>
          <structure:Parent>
            <Ref id="C" />
          </structure:Parent>
        </structure:Code>
        <structure:Code id="CC">
          <common:Name xml:lang="en">Manufacture of wood and paper products, and printing</common:Name>
          <common:Name xml:lang="it">Industria dei prodotti in legno e carta, stampa</common:Name>
          <structure:Parent>
            <Ref id="C" />
          </structure:Parent>
        </structure:Code>
        <structure:Code id="CE">
          <common:Name xml:lang="en">Manufacture of chemicals and chemical products</common:Name>
          <common:Name xml:lang="it">Fabbricazione di prodotti chimici</common:Name>
          <structure:Parent>
            <Ref id="C" />
          </structure:Parent>
        </structure:Code>
        <structure:Code id="CF">
          <common:Name xml:lang="en">Manufacture of basic pharmaceutical products and pharmaceutical preparations</common:Name>
          <common:Name xml:lang="it">Fabbricazione di prodotti farmaceutici di base e di preparati farmaceutici</common:Name>
          <structure:Parent>
            <Ref id="C" />
          </structure:Parent>
        </structure:Code>
        <structure:Code id="CH">
          <common:Name xml:lang="en">Manufacture of basic metals and fabricated metal products, except machinery and equipment</common:Name>
          <common:Name xml:lang="it">Metallurgia  e fabbricazione di prodotti in metallo esclusi macchinari e attrezzature</common:Name>
          <structure:Parent>
            <Ref id="C" />
          </structure:Parent>
        </structure:Code>
        <structure:Code id="CI">
          <common:Name xml:lang="en">Manufacture of computer, electronic and optical products</common:Name>
          <common:Name xml:lang="it">Fabbricazione di computer e prodotti di elettronica  e ottica - apparecchi elettromedicali, apparecchi di misurazione e di orologi</common:Name>
          <structure:Parent>
            <Ref id="C" />
          </structure:Parent>
        </structure:Code>
        <structure:Code id="CJ">
          <common:Name xml:lang="en">Manufacture of electrical equipment and of non-electric domestic appliances</common:Name>
          <common:Name xml:lang="it">Fabbricazione di apparecchiature elettriche ed apparecchiature per uso domestico non elettriche</common:Name>
          <structure:Parent>
            <Ref id="C" />
          </structure:Parent>
        </structure:Code>
        <structure:Code id="CK">
          <common:Name xml:lang="en">Manufacture of machinery and equipment n.e.c.</common:Name>
          <common:Name xml:lang="it">Fabbricazione di macchinari ed apparecchiature nca</common:Name>
          <structure:Parent>
            <Ref id="C" />
          </structure:Parent>
        </structure:Code>
        <structure:Code id="CL">
          <common:Name xml:lang="en">Manufacture of transport equipment</common:Name>
          <common:Name xml:lang="it">Fabbricazione di mezzi di trasporto</common:Name>
          <structure:Parent>
            <Ref id="C" />
          </structure:Parent>
        </structure:Code>
        <structure:Code id="D">
          <common:Name xml:lang="en">Electricity, gas, steam and air conditioning supply</common:Name>
          <common:Name xml:lang="it">Fornitura di energia elettrica, gas, vapore e aria condizionata</common:Name>
        </structure:Code>
        <structure:Code id="F">
          <common:Name xml:lang="en">Construction</common:Name>
          <common:Name xml:lang="it">Costruzioni</common:Name>
        </structure:Code>
      </structure:Codelist>
    </structure:Codelists>
  </message:Structures>
</message:Structure>