<?xml version="1.0" encoding="utf-8"?>
<Structure xmlns="http://www.sdmx.org/resources/sdmxml/schemas/v2_1/message">
  <Header>
    <ID>ISTATRegistryRetrieveTemplate</ID>
    <Test>false</Test>
    <Prepared>2018-05-02T15:16:14.3037035+02:00</Prepared>
    <Sender id="MG" />
    <Receiver id="unknown" />
  </Header>
  <Structures>
    <Codelists xmlns="http://www.sdmx.org/resources/sdmxml/schemas/v2_1/structure">
      <Codelist id="CL_SOURCE" urn="urn:sdmx:org.sdmx.infomodel.codelist.Codelist=IT1:CL_SOURCE(1.0)" agencyID="IT1" version="1.0" isFinal="true">
        <Name xml:lang="en" xmlns="http://www.sdmx.org/resources/sdmxml/schemas/v2_1/common">Source</Name>
        <Name xml:lang="it" xmlns="http://www.sdmx.org/resources/sdmxml/schemas/v2_1/common">Fonte</Name>
        <Code id="ISTAT" urn="urn:sdmx:org.sdmx.infomodel.codelist.Code=IT1:CL_SOURCE(1.0).ISTAT">
          <Name xml:lang="en" xmlns="http://www.sdmx.org/resources/sdmxml/schemas/v2_1/common">National statistical institute</Name>
          <Name xml:lang="it" xmlns="http://www.sdmx.org/resources/sdmxml/schemas/v2_1/common">Istituto nazionale di statistica</Name>
        </Code>
        <Code id="MINECO" urn="urn:sdmx:org.sdmx.infomodel.codelist.Code=IT1:CL_SOURCE(1.0).MINECO">
          <Name xml:lang="en" xmlns="http://www.sdmx.org/resources/sdmxml/schemas/v2_1/common">Ministry of economy</Name>
          <Name xml:lang="it" xmlns="http://www.sdmx.org/resources/sdmxml/schemas/v2_1/common">Ministero dell'economia</Name>
        </Code>
        <Code id="BDI" urn="urn:sdmx:org.sdmx.infomodel.codelist.Code=IT1:CL_SOURCE(1.0).BDI">
          <Name xml:lang="en" xmlns="http://www.sdmx.org/resources/sdmxml/schemas/v2_1/common">Central Bank of Italy</Name>
		  <Name xml:lang="it" xmlns="http://www.sdmx.org/resources/sdmxml/schemas/v2_1/common">Banca d'Italia</Name>
        </Code>
      </Codelist>
    </Codelists>
  </Structures>
</Structure>