<?xml version="1.0"?>
<doc>
    <assembly>
        <name>WSHUB</name>
    </assembly>
    <members>
        <member name="T:WSHUB.Controllers.ApiBaseController">
            <summary>
            
            </summary>
        </member>
        <member name="F:WSHUB.Controllers.ApiBaseController._mediatorService">
            <summary>
            
            </summary>
        </member>
        <member name="M:WSHUB.Controllers.ApiBaseController.#ctor(DataBrowser.Services.Interfaces.IMediatorService)">
            <summary>
            Constructor
            </summary>
            <param name="mediatorService"></param>
        </member>
        <member name="M:WSHUB.Controllers.ApiBaseController.QueryAsync``1(MediatR.IRequest{``0})">
            <summary>
            
            </summary>
            <typeparam name="TResult"></typeparam>
            <param name="query"></param>
            <returns></returns>
        </member>
        <member name="M:WSHUB.Controllers.ApiBaseController.UseCaseAsync``1(MediatR.IRequest{``0})">
            <summary>
            
            </summary>
            <typeparam name="TResult"></typeparam>
            <param name="query"></param>
            <returns></returns>
        </member>
        <member name="M:WSHUB.Controllers.ApiBaseController.CommandAsync``1(MediatR.IRequest{``0})">
            <summary>
            
            </summary>
            <typeparam name="TResult"></typeparam>
            <param name="command"></param>
            <returns></returns>
        </member>
        <member name="T:WSHUB.Controllers.CacheController">
            <summary>
            Cache Controller
            </summary>
        </member>
        <member name="M:WSHUB.Controllers.CacheController.#ctor(Microsoft.Extensions.Logging.ILogger{WSHUB.Controllers.GenericController},DataBrowser.Interfaces.IRequestContext,DataBrowser.Services.Interfaces.IMediatorService,DataBrowser.Interfaces.Cache.IDatabrowserMemoryCache,DataBrowser.Interfaces.Cache.IDatabrowserCatalogCache,DataBrowser.Interfaces.Cache.IDataflowDataCache,DataBrowser.Interfaces.IDataBrowserCatalogGeoInfo,Microsoft.Extensions.Options.IOptionsSnapshot{DataBrowser.Interfaces.Configuration.DataflowDataCacheConfig})">
            <summary>
            Constructor
            </summary>
            <param name="logger"></param>
            <param name="requestContext"></param>
            <param name="mediatorService"></param>
            <param name="dataBrowserMemoryCache"></param>
            <param name="dataBrowserCatalogCache"></param>
            <param name="dataflowDataCache"></param>
            <param name="dataBrowserCatalogGeoInfo"></param>
            <param name="dataCacheConfig"></param>
        </member>
        <member name="M:WSHUB.Controllers.CacheController.ClearCatalogCache">
            <summary>
            Clear catalog and memory cache.
            </summary>
            <returns></returns>
        </member>
        <member name="M:WSHUB.Controllers.CacheController.ClearCacheNodeCatalogTree(System.Int32)">
            <summary>
            Clear memory and catalog cache for tree by node Id.
            </summary>
            <param name="nodeId"></param>
            <returns></returns>
        </member>
        <member name="M:WSHUB.Controllers.CacheController.ClearCacheNodeCatalogTreeFromNodeCode(DataBrowser.Domain.Interfaces.Repositories.IRepository{DataBrowser.Domain.Entities.Nodes.Node},DataBrowser.Interfaces.Authorization.IFilterNode,System.String,System.Boolean)">
            <summary>
            Clear memory cache and catalog tree by node Code.
            </summary>
            <param name="repository"></param>
            <param name="filterNode"></param>
            <param name="nodeCode"></param>
            <param name="checkFilter"></param>
            <returns></returns>
        </member>
        <member name="M:WSHUB.Controllers.CacheController.ClearDataCacheByNodeId">
            <summary>
            Clear all dataflow  cache by node Id.
            </summary>
            <returns></returns>
        </member>
        <member name="M:WSHUB.Controllers.CacheController.ClearDataCacheByNodeCode(DataBrowser.Domain.Interfaces.Repositories.IRepository{DataBrowser.Domain.Entities.Nodes.Node},DataBrowser.Interfaces.Authorization.IFilterNode,System.String)">
            <summary>
             Clear all dataflow  cache by node code.
            </summary>
            <param name="repository"></param>
            <param name="filterNode"></param>
            <param name="nodeCode"></param>
            <returns></returns>
        </member>
        <member name="M:WSHUB.Controllers.CacheController.ClearDataflowDataCache(System.Guid)">
            <summary>
            Clear dataflow  cache by cacheInfo Id and node Id.
            </summary>
            <param name="cacheInfoId"></param>
            <returns></returns>
        </member>
        <member name="M:WSHUB.Controllers.CacheController.GetAllDataflowDataCacheInfoNode(System.Int32)">
            <summary>
            Get dataflow cache by node Id.
            </summary>
            <param name="nodeId"></param>
            <returns></returns>
        </member>
        <member name="M:WSHUB.Controllers.CacheController.GetDataflowDataCacheInfoNode(System.String,System.Int32)">
            <summary>
            Get dataflow cache by dataflowId and node Id.
            </summary>
            <param name="dataflowId"></param>
            <param name="nodeId"></param>
            <returns></returns>
        </member>
        <member name="M:WSHUB.Controllers.CacheController.ChangeTTLDataflowDataCache(System.Int32,System.Guid,WSHUB.Models.Request.UpdateDataflowDataCacheTTL)">
            <summary>
            Change ttl value from dataflow  cache by cacheinfo id and node Id.
            </summary>
            <param name="nodeId"></param>
            <param name="cacheInfoId"></param>
            <param name="updateDataflowDataCacheTTL"></param>
            <returns></returns>
        </member>
        <member name="M:WSHUB.Controllers.CacheController.ChangeTTLDataflowDataCacheByDataflowId(System.Int32,System.String,WSHUB.Models.Request.UpdateDataflowDataCacheTTL)">
            <summary>
            Change ttl value from dataflow  cache by dataflowid id and node Id.
            </summary>
            <param name="nodeId"></param>
            <param name="dataflowId"></param>
            <param name="updateDataflowDataCacheTTL"></param>
            <returns></returns>
        </member>
        <member name="M:WSHUB.Controllers.CacheController.CreateDataflowDataCacheInfo(System.Int32,DataBrowser.Interfaces.Dto.DataflowDataCacheInfo)">
            <summary>
            Create dataflow cache info for the node.
            </summary>
            <param name="nodeId"></param>
            <param name="dataflowDataCacheInfo"></param>
            <returns></returns>
        </member>
        <member name="M:WSHUB.Controllers.CacheController.CacheExport(System.Int32)">
            <summary>
             Export CSV file of dataflow  cache by node Id.
            </summary>
            <param name="nodeId"></param>
            <returns></returns>
        </member>
        <member name="M:WSHUB.Controllers.CacheController.RefreshAll(DataBrowser.Interfaces.Workers.IDataflowDataCacheGenerator)">
            <summary>
            Refresh all dataflow  cache for the node.
            </summary>
            <param name="dataflowDataCacheGenerator"></param>
            <returns></returns>
        </member>
        <member name="M:WSHUB.Controllers.CacheController.ClearSingleDataflowCacheFromCode(DataBrowser.Domain.Interfaces.Repositories.IRepository{DataBrowser.Domain.Entities.Nodes.Node},DataBrowser.Interfaces.Authorization.IFilterNode,System.String,System.String,System.Boolean)">
            <summary>
            Clear dataflow  cache by node Code and dataflow Id
            </summary>
            <param name="repository"></param>
            <param name="filterNode"></param>
            <param name="nodeCode"></param>
            <param name="dataflowId"></param>
            <param name="checkFilter"></param>
            <returns></returns>
        </member>
        <member name="M:WSHUB.Controllers.CacheController.ClearSingleDataflowCacheFromId(DataBrowser.Domain.Interfaces.Repositories.IRepository{DataBrowser.Domain.Entities.Nodes.Node},DataBrowser.Interfaces.Authorization.IFilterNode,System.Int32,System.String)">
            <summary>
             Clear dataflow  cache by node Id and dataflow Id
            </summary>
            <param name="repository"></param>
            <param name="filterNode"></param>
            <param name="nodeId"></param>
            <param name="dataflowId"></param>
            <returns></returns>
        </member>
        <member name="T:WSHUB.Controllers.Common.CacheCommon">
            <summary>
            Common Cache operations
            </summary>
        </member>
        <member name="M:WSHUB.Controllers.Common.CacheCommon.#ctor(Microsoft.Extensions.Logging.ILogger,DataBrowser.Interfaces.IRequestContext,DataBrowser.Interfaces.Cache.IDatabrowserCatalogCache,DataBrowser.Interfaces.Cache.IDatabrowserMemoryCache,DataBrowser.Interfaces.Cache.IDataflowDataCache,DataBrowser.Interfaces.IDataBrowserCatalogGeoInfo)">
            <summary>
            Constructor
            </summary>
            <param name="logger"></param>
            <param name="requestContext"></param>
            <param name="dataBrowserCatalogCache"></param>
            <param name="dataBrowserMemoryCache"></param>
            <param name="dataflowDataCache"></param>
            <param name="dataBrowserCatalogGeoInfo"></param>
        </member>
        <member name="M:WSHUB.Controllers.Common.CacheCommon.ClearCacheNodeCatalogTreeFromNodeCode(DataBrowser.Domain.Interfaces.Repositories.IRepository{DataBrowser.Domain.Entities.Nodes.Node},DataBrowser.Interfaces.Authorization.IFilterNode,System.String,System.Boolean)">
            <summary>
            
            </summary>
            <param name="repository"></param>
            <param name="filterNode"></param>
            <param name="nodeCode"></param>
            <param name="checkFilter"></param>
            <returns></returns>
        </member>
        <member name="M:WSHUB.Controllers.Common.CacheCommon.ClearSingleDataflowCacheFromCode(DataBrowser.Domain.Interfaces.Repositories.IRepository{DataBrowser.Domain.Entities.Nodes.Node},DataBrowser.Interfaces.Authorization.IFilterNode,System.String,System.String,System.Boolean)">
            <summary>
            
            </summary>
            <param name="repository"></param>
            <param name="filterNode"></param>
            <param name="nodeCode"></param>
            <param name="dataflowId"></param>
            <param name="checkFilter"></param>
            <returns></returns>
        </member>
        <member name="M:WSHUB.Controllers.Common.CacheCommon.ClearGeoInfoAndMemoryCache(System.Int32,System.String,System.Collections.Generic.HashSet{System.String})">
            <summary>
            
            </summary>
            <param name="nodeId"></param>
            <param name="nodeCode"></param>
            <param name="dataflows"></param>
            <returns></returns>
        </member>
        <member name="M:WSHUB.Controllers.Common.CacheCommon.ClearNodeCatalogMemoryCache(System.Int32,System.String)">
            <summary>
            
            </summary>
            <param name="nodeId"></param>
            <param name="nodeCode"></param>
            <returns></returns>
        </member>
        <member name="T:WSHUB.Controllers.Common.MethodResult">
            <summary>
            
            </summary>
        </member>
        <member name="P:WSHUB.Controllers.Common.MethodResult.StatusCode">
            <summary>
            
            </summary>
        </member>
        <member name="P:WSHUB.Controllers.Common.MethodResult.Message">
            <summary>
            
            </summary>
        </member>
        <member name="P:WSHUB.Controllers.Common.MethodResult.NodeId">
            <summary>
            
            </summary>
        </member>
        <member name="T:WSHUB.Controllers.DashboardController">
            <summary>
            DashboardController
            </summary>
        </member>
        <member name="M:WSHUB.Controllers.DashboardController.#ctor(Microsoft.Extensions.Logging.ILogger{WSHUB.Controllers.DashboardController},DataBrowser.Interfaces.IRequestContext,DataBrowser.Services.Interfaces.IMediatorService,Microsoft.AspNetCore.Http.IHttpContextAccessor)">
            <summary>
            Constructor
            </summary>
            <param name="logger"></param>
            <param name="requestContext"></param>
            <param name="mediatorService"></param>
            <param name="httpContextAccessor"></param>
        </member>
        <member name="M:WSHUB.Controllers.DashboardController.CreateDashboard(WSHUB.Models.Request.DashboardCreateModelView)">
            <summary>
                Create new dashboard.
            </summary>
            <response code="201">Create Dashboard</response>
            <response code="400">Bad request.</response>
            <response code="500">Error.</response>
            <returns>int</returns>
        </member>
        <member name="M:WSHUB.Controllers.DashboardController.EditDashboard(WSHUB.Models.Request.DashboardCreateModelView)">
            <summary>
                Edit an existing dashboard by dashboard Id.
            </summary>
            <returns>int</returns>
        </member>
        <member name="M:WSHUB.Controllers.DashboardController.GetDashboards">
            <summary>
                Get all dashboards.
            </summary>
            <response code="201">Get all Dashboards</response>
            <response code="400">Bad request.</response>
            <response code="500">Error.</response>
            <returns>List of Dashboard </returns>
        </member>
        <member name="M:WSHUB.Controllers.DashboardController.GetDashboard(DataBrowser.Domain.Interfaces.Repositories.IRepository{DataBrowser.Domain.Entities.DataflowUserAuthorization.DataflowUserAuth},System.Int32)">
            <summary>
                Get dashboard by dashboard Id.
            </summary>
            <param name="repositoryDataflowUserAuth"></param>
            <param name="dashboardId"> the Dashboard id</param>
            <response code="201">Get Dashboard</response>
            <response code="400">Bad request.</response>
            <response code="500">Error.</response>
            <returns>Dashboard</returns>
        </member>
        <member name="M:WSHUB.Controllers.DashboardController.GetDashboardsAssignedToHub">
            <summary>
                Get all hub dashboards.
            </summary>
            <response code="201">Hub Dashboards</response>
            <response code="400">Bad request.</response>
            <response code="500">Error.</response>
            <returns>int</returns>
        </member>
        <member name="M:WSHUB.Controllers.DashboardController.GetDashboardsAssignedToNode(System.Int32)">
            <summary>
                Get all node dashboards by node Id.
            </summary>
            <response code="201">Node Dashboards</response>
            <response code="400">Bad request.</response>
            <response code="500">Error.</response>
            <returns>int</returns>
        </member>
        <member name="M:WSHUB.Controllers.DashboardController.DeleteAllDashboardViews">
            <summary>
                Delete dashboard views by dashboard Id.
            </summary>
            <response code="204">Resource deleted.</response>
            <response code="404">Node not found.</response>
            <response code="500">Error.</response>
            <returns></returns>
        </member>
        <member name="M:WSHUB.Controllers.DashboardController.DeleteDashboard">
            <summary>
                Delete dashboard by dashboard Id.
            </summary>
            <response code="204">Resource deleted.</response>
            <response code="404">Node not found.</response>
            <response code="500">Error.</response>
            <returns></returns>
        </member>
        <member name="M:WSHUB.Controllers.DashboardController.RemoveDashboardAssociationToNode">
            <summary>
                Delete dashboard to node association by node Id and dashboard Id
            </summary>
            <response code="204">Resource deleted.</response>
            <response code="404">Node not found.</response>
            <response code="500">Error.</response>
            <returns></returns>
        </member>
        <member name="M:WSHUB.Controllers.DashboardController.RemoveDashboardAssociationToHub">
            <summary>
                Delete dashboard to hub association by dashboard Id
            </summary>
            <response code="204">Resource deleted.</response>
            <response code="404">Node not found.</response>
            <response code="500">Error.</response>
            <returns></returns>
        </member>
        <member name="M:WSHUB.Controllers.DashboardController.AssignDashboardHubOrder(System.Collections.Generic.List{System.Int32},System.Int32)">
            <summary>
                Edit dashboards' order associated to hub.
            </summary>
            <response code="201">Create Dashboard</response>
            <response code="400">Bad request.</response>
            <response code="500">Error.</response>
            <returns>int</returns>
        </member>
        <member name="M:WSHUB.Controllers.DashboardController.AssignDashboardNodeOrder(System.Collections.Generic.List{System.Int32},System.Int32)">
            <summary>
                Edit dashboards' order associated to node by node Id.
            </summary>
            <response code="201">Create Dashboard</response>
            <response code="400">Bad request.</response>
            <response code="500">Error.</response>
            <returns>int</returns>
        </member>
        <member name="M:WSHUB.Controllers.DashboardController.AssignDashboardToSingleNode(System.Int32)">
            <summary>
                Create new association dashboard to node by node Id and dashboard Id.
            </summary>
            <response code="201">Create Dashboard</response>
            <response code="400">Bad request.</response>
            <response code="500">Error.</response>
            <returns>int</returns>
        </member>
        <member name="M:WSHUB.Controllers.DashboardController.AssignDashboardToHub">
            <summary>
               Create new association dashboard to hub by dashboard Id.
            </summary>
            <response code="201">Create Dashboard</response>
            <response code="400">Bad request.</response>
            <response code="500">Error.</response>
            <returns>int</returns>
        </member>
        <member name="T:WSHUB.Controllers.DataSetsController">
            <summary>
            DataSets Controller
            </summary>
        </member>
        <member name="M:WSHUB.Controllers.DataSetsController.#ctor(Microsoft.Extensions.Logging.ILogger{WSHUB.Controllers.DataSetsController},DataBrowser.Interfaces.IRequestContext,Microsoft.AspNetCore.Http.IHttpContextAccessor,Microsoft.Extensions.Configuration.IConfiguration,DataBrowser.Services.Interfaces.IMediatorService,DataBrowser.INF.Export.Interfaces.IExporterFactory,DataBrowserAPI.JsonStat.Converters.Interfaces.Factories.IFromJsonStatToJsonStatConverterFactory,DataBrowser.Domain.Interfaces.Repositories.IRepository{DataBrowser.Domain.Entities.Nodes.Node},DataBrowser.Domain.Interfaces.Repositories.IRepository{DataBrowser.Domain.Entities.DataflowUserAuthorization.DataflowUserAuth})">
            <summary>
            Constructor
            </summary>
            <param name="logger"></param>
            <param name="requestContext"></param>
            <param name="httpContextAccessor"></param>
            <param name="configuration"></param>
            <param name="mediatorService"></param>
            <param name="exporterFactory"></param>
            <param name="jsonStatConverterFactory"></param>
            <param name="repositoryNode"></param>
            <param name="repositoryDataflowUserAuth"></param>
        </member>
        <member name="M:WSHUB.Controllers.DataSetsController.GetStructure(System.String,System.Nullable{System.Int32})">
            <summary>
            Get dataflow structure by node Id and dataset Id (optionally also by view Id).
            </summary>
            <param name="datasetId"></param>
            <param name="viewId"></param>
            <returns></returns>
        </member>
        <member name="M:WSHUB.Controllers.DataSetsController.GetPartialValues(System.String)">
            <summary>
             Get all codelist used in dataflow with all items used  by node Id and datasetId.
            </summary>
            <param name="datasetId"></param>
            <returns></returns>
        </member>
        <member name="M:WSHUB.Controllers.DataSetsController.GetPartialDimension(System.String,System.String)">
            <summary>
             Get the codelist  of a dataflow dimension  with all items by node Id and datasetId.
            </summary>
            <param name="datasetId"></param>
            <param name="dimensionId"></param>
            <returns></returns>
        </member>
        <member name="M:WSHUB.Controllers.DataSetsController.GetFull(System.String)">
            <summary>
            Get all codelist used in dataflow with all items by node Id and dataset Id.
            </summary>
            <param name="datasetId"></param>
            <returns></returns>
        </member>
        <member name="M:WSHUB.Controllers.DataSetsController.GetFullDimension(System.String,System.String)">
            <summary>
            Get the codelist of a dimension used in dataflow with all items  by node Id and dataset Id.
            </summary>
            <param name="datasetId"></param>
            <param name="dimensionId"></param>
            <returns></returns>
        </member>
        <member name="M:WSHUB.Controllers.DataSetsController.GetConstraintFilter(System.Collections.Generic.List{DatabrowserAPI.INF.Domain.Models.FilterCriteria},System.String,System.String)">
            <summary>
            Get the codelist associated at dimension in dataflow by node Id, dataset Id and dimension Id. 
                The result can be filtered with the body data.
            </summary>
            <param name="dataCriterias"></param>
            <param name="datasetId"></param>
            <param name="dimensionId"></param>
            <returns></returns>
        </member>
        <member name="M:WSHUB.Controllers.DataSetsController.GetNodeCodelist(System.String,System.String,System.String,System.String)">
            <summary>
            Gets a codelist from node
            </summary>
            <param name="nodeCode"></param>
            <param name="id"></param>
            <param name="agencyId"></param>
            <param name="version"></param>
            <returns></returns>
        </member>
        <member name="M:WSHUB.Controllers.DataSetsController.GetDataWithFilterFromDataflowUseCase(System.Collections.Generic.List{DatabrowserAPI.INF.Domain.Models.FilterCriteria},System.String)">
            <summary>
            Get all data dataflow by node Id and dataset Id. The result can be filtered with the body data.
            </summary>
            <param name="dataCriterias"></param>
            <param name="datasetId"></param>
            <returns></returns>
        </member>
        <member name="M:WSHUB.Controllers.DataSetsController.GetCountObservationsFromDataflowUseCase(System.String)">
            <summary>
            Get the number of observations of a dataflow by node Id and dataset Id.
            </summary>
            <param name="datasetId"></param>
            <returns></returns>
        </member>
        <member name="M:WSHUB.Controllers.DataSetsController.GetCountObservationsWithFilterFromDataflowUseCase(System.Collections.Generic.List{DatabrowserAPI.INF.Domain.Models.FilterCriteria},System.String)">
            <summary>
            Get the number of observations of a dataflow by node Id and dataset Id. The result can be filtred with the body data.
            </summary>
            <param name="dataCriterias"></param>
            <param name="datasetId"></param>
            <returns></returns>
        </member>
        <member name="M:WSHUB.Controllers.DataSetsController.DownloadDataflow(System.Collections.Generic.List{DatabrowserAPI.INF.Domain.Models.FilterCriteria},System.String,System.String,System.String)">
            <summary>
            Download dataflow by node Id and dataset Id with a specific format.The result can be filtred with the body data.
            </summary>
            <param name="dataCriterias"></param>
            <param name="datasetId"></param>
            <param name="downloadType"></param>
            <param name="format"> Format of dataset download: genericdata, genericdata20, jsondata, structurespecificdata, csv, compactdata, edidata</param>
            <returns></returns>
        </member>
        <member name="M:WSHUB.Controllers.DataSetsController.DownloadDataflowStructure(System.String,System.String)">
            <summary>
            Download dataflow structure by node Id and dataset Id.
            </summary>
            <param name="datasetId"></param>
            <param name="downloadType"></param>
            <returns></returns>
        </member>
        <member name="M:WSHUB.Controllers.DataSetsController.GetUrlsWithFilterFromDataflowUseCase(System.Collections.Generic.List{DatabrowserAPI.INF.Domain.Models.FilterCriteria},System.String)">
            <summary>
            Get dataflow url (NSI queries for structure and data) by node Id and dataset Id. 
            The result can be filtered with the body data.
            </summary>
            <param name="dataCriterias"></param>
            <param name="datasetId"></param>
            <returns></returns>
        </member>
        <member name="M:WSHUB.Controllers.DataSetsController.GetDetailLevelItemsUseCase(System.String,System.String,System.Int32)">
            <summary>
            Returns the codelist of territorial dimension for a given dataset and territorial level
            </summary>
            <param name="datasetId">Id dataset</param>
            <param name="dimensionId">Id territorial dimension</param>
            <param name="geoLevel">Territorial level</param>
            <returns></returns>
        </member>
        <member name="M:WSHUB.Controllers.DataSetsController.GetDetailLevelsUseCase(System.String,System.Boolean)">
            <summary>
            Returns all the territorial levels for a given dataset
            </summary>
            <param name="datasetId">Id dataset</param>
            <param name="saveLevel"></param>
            <returns></returns>
        </member>
        <member name="M:WSHUB.Controllers.DataSetsController.ExportData(EndPointConnector.Models.Dto.ExportData,System.String,System.Boolean)">
            <summary>
            Export data
            </summary>
            <param name="export">Export Parameters</param>
            <param name="format">Export format : excel|csv ...</param>
            <param name="compress">Indicates whether zip result</param>
            <returns></returns>
        </member>
        <member name="M:WSHUB.Controllers.DataSetsController.ExportMetadata(System.String)">
            <summary>
            Export metadata
            </summary>
            <param name="datasetId"></param>
            <returns></returns>
        </member>
        <member name="M:WSHUB.Controllers.ExternalController.DeletePrivateDatasets(Databrowser.API.INF.Domain.External.ExternalData,System.String)">
            <summary>
            Deletes datasets in node by node code
            Body contains list of datasets Id
            </summary>
            <param name="externalData"></param>
            <param name="nodeCode"></param>
            <returns></returns>
        </member>
        <member name="T:WSHUB.Controllers.GenericController">
            <summary>
            GenericController
            </summary>
        </member>
        <member name="M:WSHUB.Controllers.GenericController.#ctor(DataBrowser.Services.Interfaces.IMediatorService)">
            <summary>
            Constructor
            </summary>
            <param name="mediatorService"></param>
        </member>
        <member name="M:WSHUB.Controllers.GenericController.Upload(Microsoft.AspNetCore.Http.IFormFile[],System.String)">
            <summary>
                Upload a file to a specific directory.
            </summary>
            <returns></returns>
        </member>
        <member name="M:WSHUB.Controllers.GenericController.GetDataBrowserVersion">
            <summary>
                Get DataBrowser version.
            </summary>
            <response code="200">DataBrowser version</response>
            <returns></returns>
        </member>
        <member name="T:WSHUB.Controllers.GeometryController">
            <summary>
            GeometryController
            </summary>
        </member>
        <member name="M:WSHUB.Controllers.GeometryController.#ctor(Microsoft.Extensions.Logging.ILogger{WSHUB.Controllers.GeometryController},DataBrowser.Services.Interfaces.IMediatorService,Microsoft.Extensions.Hosting.IHostEnvironment,Microsoft.Extensions.Configuration.IConfiguration)">
            <summary>
            Constructor
            </summary>
            <param name="logger"></param>
            <param name="mediatorService"></param>
            <param name="hostEnvironment"></param>
            <param name="configuration"></param>
        </member>
        <member name="M:WSHUB.Controllers.GeometryController.CountGeometries(System.Int32,System.Nullable{System.Int32},System.Int32,System.Nullable{System.Int32},System.String)">
            <summary>
             Get the number of  geometries by node Id.
            </summary>
            <param name="nodeId"></param>
            <param name="year"></param>
            <param name="generalizationLevel"></param>
            <param name="codelistId"></param>
            <param name="geoLevel"></param>
            <returns></returns>
        </member>
        <member name="M:WSHUB.Controllers.GeometryController.GetGeometriesBBox(System.Int32,DataBrowser.Domain.Dtos.Geo.GeometryQueryParameters,System.Nullable{System.Int32},System.String,System.Int32,System.Nullable{System.Int32},System.String)">
            <summary>
            Get geometries contained in bounding box from node by node Id.
            </summary>
            <param name="nodeId"></param>
            <param name="geometryQueryParameters"></param>
            <param name="year"></param>
            <param name="format"></param>
            <param name="generalizationLevel"></param>
            <param name="geoLevel"></param>
            <param name="codelistId"></param>
            <returns></returns>
        </member>
        <member name="M:WSHUB.Controllers.GeometryController.GetGeometries(System.Int32,System.Collections.Generic.List{System.String},System.Nullable{System.Int32},System.String,System.Int32,System.Nullable{System.Int32},System.String)">
            <summary>
            Get geometries legacy method.
            </summary>
            <param name="nodeId"></param>
            <param name="geometryIds"></param>
            <param name="year"></param>
            <param name="format"></param>
            <param name="generalizationLevel"></param>
            <param name="geoLevel"></param>
            <param name="codelistId"></param>
            <returns></returns>
        </member>
        <member name="T:WSHUB.Controllers.HubController">
            <summary>
            HubController
            </summary>
        </member>
        <member name="M:WSHUB.Controllers.HubController.#ctor(Microsoft.Extensions.Logging.ILogger{WSHUB.Controllers.NodesController},DataBrowser.Interfaces.IRequestContext,DataBrowser.Services.Interfaces.IMediatorService)">
            <summary>
            Constructor
            </summary>
            <param name="logger"></param>
            <param name="requestContext"></param>
            <param name="mediator"></param>
        </member>
        <member name="M:WSHUB.Controllers.HubController.UpdateHub(DataBrowser.Domain.Dtos.HubDto)">
            <summary>
                Update the hub.
            </summary>      
            <returns></returns>
        </member>
        <member name="M:WSHUB.Controllers.HubController.GetHub(System.Int32)">
            <summary>
                Get hub by hub id.
            </summary>
            <param name="hubId">Hub id</param>       
            <returns></returns>
        </member>
        <member name="M:WSHUB.Controllers.HubController.GetAllHubs">
            <summary>
                Get all hubs.
            </summary>
            <returns></returns>
        </member>
        <member name="M:WSHUB.Controllers.HubController.GetAllHubsConfig">
            <summary>
                Get all hubs' configuration.
            </summary>
        </member>
        <member name="M:WSHUB.Controllers.HubController.GetHubMinimalInfo(System.Nullable{System.Int32},Microsoft.Extensions.Configuration.IConfiguration)">
            <summary>
                Get hub with minimal node info by hub id.
            </summary>
            <param name="hubId">Hub id</param>
            <param name="configuration"></param>
        </member>
        <member name="M:WSHUB.Controllers.HubController.GetHubLanguages(System.Nullable{System.Int32})">
            <summary>
                Gets supported Languages in hub.
            </summary>
            <param name="hubId">Hub id</param>
        </member>
        <member name="T:WSHUB.Controllers.MDMController">
            <summary>
            MDM Controller methods
            </summary>
        </member>
        <member name="M:WSHUB.Controllers.MDMController.#ctor(Microsoft.Extensions.Logging.ILogger{WSHUB.Controllers.GenericController},DataBrowser.Interfaces.Cache.IDatabrowserMemoryCache,DataBrowser.Interfaces.Cache.IDatabrowserCatalogCache,DataBrowser.Interfaces.Cache.IDataflowDataCache,DataBrowser.Interfaces.IDataBrowserCatalogGeoInfo,DataBrowser.Interfaces.IRequestContext,Microsoft.Extensions.Configuration.IConfiguration,DataBrowser.Services.Interfaces.IMediatorService)">
            <summary>
            Constructor
            </summary>
            <param name="logger"></param>
            <param name="dataBrowserMemoryCache"></param>
            <param name="dataBrowserCatalogCache"></param>
            <param name="dataflowDataCache"></param>
            <param name="dataBrowserCatalogGeoInfo"></param>
            <param name="requestContext"></param>
            <param name="configuration"></param>
            <param name="mediatorService"></param>
        </member>
        <member name="M:WSHUB.Controllers.MDMController.MdmClearCacheNodeCatalogTreeFromNodeCode(DataBrowser.Domain.Interfaces.Repositories.IRepository{DataBrowser.Domain.Entities.Nodes.Node},System.String,System.String)">
            <summary>
            Clear memory cache and catalog tree by node Code.
            </summary>
            <param name="repository"></param>
            <param name="mdmPwd"></param>
            <param name="nodeCode"></param>
            <returns></returns>
        </member>
        <member name="M:WSHUB.Controllers.MDMController.MdmClearSingleDataflowCacheFromCode(DataBrowser.Domain.Interfaces.Repositories.IRepository{DataBrowser.Domain.Entities.Nodes.Node},System.String,System.String,System.String)">
            <summary>
            Clear dataflow  cache by node Code and dataflow Id
            </summary>
            <param name="repository"></param>
            <param name="mdmPwd"></param>
            <param name="nodeCode"></param>
            <param name="dataflowId"></param>
            <returns></returns>
        </member>
        <member name="T:WSHUB.Controllers.NodesController">
            <summary>
            NodesController
            </summary>
        </member>
        <member name="M:WSHUB.Controllers.NodesController.#ctor(Microsoft.Extensions.Logging.ILogger{WSHUB.Controllers.NodesController},DataBrowser.Interfaces.IRequestContext,DataBrowser.Services.Interfaces.IMediatorService,Microsoft.Extensions.Logging.ILoggerFactory,System.IServiceProvider,Microsoft.Extensions.Configuration.IConfiguration,Microsoft.AspNetCore.Http.IHttpContextAccessor)">
            <summary>
            Constructor
            </summary>
            <param name="logger"></param>
            <param name="requestContext"></param>
            <param name="mediatorService"></param>
            <param name="loggerFactory"></param>
            <param name="serviceProvider"></param>
            <param name="configuration"></param>
            <param name="httpContextAccessor"></param>
        </member>
        <member name="M:WSHUB.Controllers.NodesController.CreateNode(WSHUB.Models.Request.NodeCreateRequest)">
            <summary>
            Create a new node
            </summary>
            <param name="nodeCreateRequest"></param>
            <returns></returns>
        </member>
        <member name="M:WSHUB.Controllers.NodesController.UpdateNode(DataBrowser.Domain.Dtos.NodeDto,DataBrowser.Interfaces.Cache.IDatabrowserCatalogCache,DataBrowser.Interfaces.Cache.IDatabrowserMemoryCache,DataBrowser.Interfaces.Authentication.IUserService,System.Int32)">
            <summary>
                Update node by node Id.
            </summary>
            <returns></returns>
        </member>
        <member name="M:WSHUB.Controllers.NodesController.DeleteNode(System.Int32,System.Nullable{System.Boolean})">
            <summary>
                Delete node by node Id.
            </summary>
            <param name="nodeId">Node id to delete</param>
            <param name="forceDelete"></param>
            <returns></returns>
        </member>
        <member name="M:WSHUB.Controllers.NodesController.GetNode(System.Int32)">
            <summary>
                Get node with all data configuration by node Id.
            </summary>
            <param name="nodeId">Node id</param>
            <returns></returns>
        </member>
        <member name="M:WSHUB.Controllers.NodesController.OrderNodes(System.Collections.Generic.List{System.Int32})">
            <summary>
                Update node orders.
            </summary>
            <returns></returns>
        </member>
        <member name="M:WSHUB.Controllers.NodesController.GetAllNodesMinimalInfo">
            <summary>
                Get all nodes with only minimal info.
            </summary>
            <response code="200">Node found.</response>
            <response code="400">Bad request.</response>
            <response code="404">Node not found.</response>
            <response code="500">Error.</response>
            <returns>JsonSdmx</returns>
        </member>
        <member name="M:WSHUB.Controllers.NodesController.GetUserNodesMinimalInfo">
            <summary>
                Get all nodes with minimal configurations.
            </summary>
            <returns></returns>
        </member>
        <member name="M:WSHUB.Controllers.NodesController.GetNodeMinimalInfo">
            <summary>
                Get node with only data view by node Id.
            </summary>    
            <returns></returns>
        </member>
        <member name="M:WSHUB.Controllers.NodesController.GetNodeCatalogByNodeId(DataBrowser.Interfaces.IDataBrowserCatalogGeoInfo,DataBrowser.Domain.Interfaces.Repositories.IRepository{DataBrowser.Domain.Entities.DataflowUserAuthorization.DataflowUserAuth},System.Boolean)">
            <summary>
                Get the node catalog by node Id.
            </summary>      
            <returns></returns>
        </member>
        <member name="M:WSHUB.Controllers.NodesController.GetNodeCatalogByNodeCode(DataBrowser.Domain.Interfaces.Repositories.IRepository{DataBrowser.Domain.Entities.Nodes.Node},DataBrowser.Interfaces.IDataBrowserCatalogGeoInfo,DataBrowser.Domain.Interfaces.Repositories.IRepository{DataBrowser.Domain.Entities.DataflowUserAuthorization.DataflowUserAuth},System.String,System.Boolean)">
            <summary>
                Get the node catalog by node Code.
            </summary>        
            <returns>JsonSdmx</returns>
        </member>
        <member name="M:WSHUB.Controllers.NodesController.GetNodeDataflowsVariables(System.String)">
            <summary>
            Get the node dataflows variables by node id
            </summary>
            <param name="format">excel|csv</param>
            <returns></returns>
        </member>
        <member name="T:WSHUB.Controllers.TracingController">
            <summary>
            TracingController
            </summary>
        </member>
        <member name="M:WSHUB.Controllers.TracingController.#ctor(Microsoft.Extensions.Hosting.IHostEnvironment,Microsoft.Extensions.Configuration.IConfiguration)">
            <summary>
            Constructor
            </summary>
            <param name="hostEnvironment"></param>
            <param name="configuration"></param>
        </member>
        <member name="M:WSHUB.Controllers.TracingController.GetTracing(System.String,System.Nullable{System.Boolean})">
            <summary>
                Get all tracing for specific operation by operation Id.
            </summary>
            <returns></returns>
        </member>
        <member name="M:WSHUB.Controllers.TracingController.GetTracingMode(System.String,System.Nullable{System.Boolean})">
            <summary>
            Get all tracing for specific operation by operation Id.
            </summary>
            <param name="operationId"></param>
            <param name="simpleMode"></param>
            <returns></returns>
        </member>
        <member name="M:WSHUB.Controllers.TracingController.GetTracingFilter(System.String,System.String)">
            <summary>
                Get all tracing for specific operation by operation Id filtered by operation Name.
            </summary>
            <param name="operationId"></param>
            <param name="operationName"></param>
            <returns></returns>
        </member>
        <member name="M:WSHUB.Controllers.TracingController.GetTracingLast(System.Int32)">
            <summary>
                Get tracing by last operation.
            </summary>
            <param name="lastOperations"></param>
            <returns></returns>
        </member>
        <member name="T:WSHUB.Controllers.UsersController">
            <summary>
            Controller for manage users
            </summary>
        </member>
        <member name="M:WSHUB.Controllers.UsersController.#ctor(Microsoft.Extensions.Logging.ILogger{WSHUB.Controllers.UsersController},DataBrowser.Services.Interfaces.IMediatorService,DataBrowser.Interfaces.Authentication.IUserService,DataBrowser.Interfaces.IRequestContext,Microsoft.Extensions.Options.IOptionsSnapshot{DataBrowser.Interfaces.Configuration.AuthenticationConfig},Microsoft.Extensions.Configuration.IConfiguration,System.IServiceProvider,Microsoft.Extensions.Options.IOptionsSnapshot{DataBrowser.Interfaces.Configuration.LoginProvidersConfig})">
            <summary>
            Constructor
            </summary>
            <param name="logger"></param>
            <param name="mediatorService"></param>
            <param name="userService"></param>
            <param name="requestContext"></param>
            <param name="authenticationConfig"></param>
            <param name="configuration"></param>
            <param name="serviceProvider"></param>
            <param name="loginProviders"></param>
        </member>
        <member name="M:WSHUB.Controllers.UsersController.GetUserAthenticatedWithToken(WSHUB.Models.Request.UserAuthenticationRequest)">
            <summary>
            Authenticates user and gets token
            </summary>
            <param name="userAuthenticationRequest"></param>
            <returns></returns>
        </member>
        <member name="M:WSHUB.Controllers.UsersController.RemoveToken(Databrowser.INF.AuthMemory.Interface.IAuthMemoryContainer,System.Int32)">
            <summary>
            Logout user by user Id.
            </summary>
            <param name="authMemoryContainer"></param>
            <param name="userId"></param>
            <returns></returns>
        </member>
        <member name="M:WSHUB.Controllers.UsersController.RefreshToken(System.String)">
            <summary>
            Refresh user token
            </summary>
            <param name="provider"></param>
            <returns></returns>
        </member>
        <member name="M:WSHUB.Controllers.UsersController.RegisterAsync(WSHUB.Models.Request.UserRegisterRequest)">
            <summary>
            Register user
            </summary>
            <param name="userRegisterRequest"></param>
            <returns></returns>
        </member>
        <member name="M:WSHUB.Controllers.UsersController.ConfirmationEmail(System.String)">
            <summary>
            Sends email confirmation email
            </summary>
            <returns></returns>
        </member>
        <member name="M:WSHUB.Controllers.UsersController.ConfirmEmail(WSHUB.Models.Request.ConfirmEmailRequest)">
            <summary>
             Confirms the user's email.
            </summary>
            <param name="confirmEmailRequest"></param>
            <returns></returns>
        </member>
        <member name="M:WSHUB.Controllers.UsersController.SetCrossNodePermissions(System.Int32,System.Collections.Generic.List{DatabrowserAPI.Interfaces.Permissions.NodePermission})">
            <summary>
            Set permissions for all nodes to user by userId 
            </summary>
            <param name="userId"></param>
            <param name="nodePermissions"></param>
            <returns></returns>
        </member>
        <member name="M:WSHUB.Controllers.UsersController.RemoveRefreshToken(System.Int32)">
            <summary>
            Remove the refresh token for a user by user Id.
            </summary>
            <param name="userId"></param>
            <returns></returns>
        </member>
        <member name="M:WSHUB.Controllers.UsersController.SetRoles(System.Int32,System.Collections.Generic.List{DataBrowser.Interfaces.Constants.UserAndGroup.Roles})">
            <summary>
            Set user roles by user Id.
            </summary>
            <param name="userId"></param>
            <param name="roles"></param>
            <returns></returns>
        </member>
        <member name="M:WSHUB.Controllers.UsersController.DisableUser(System.Int32)">
            <summary>
            Disable user by user Id.
            </summary>
            <param name="userId"></param>
            <returns></returns>
        </member>
        <member name="M:WSHUB.Controllers.UsersController.GetUserList">
            <summary>
             Get  list of user's data.
            </summary>
            <returns></returns>
        </member>
        <member name="M:WSHUB.Controllers.UsersController.GetUsersNodePermission">
            <summary>
            Get users node permission by node Id.
            </summary>
            <returns></returns>
        </member>
        <member name="M:WSHUB.Controllers.UsersController.SetUserSinglePermissions(System.Int32,System.Collections.Generic.List{DatabrowserAPI.Interfaces.Permissions.NodePermission})">
            <summary>
            Set single permission to node for user by user Id.
            </summary>
            <param name="userId"></param>
            <param name="nodePermissions"></param>
            <returns></returns>
        </member>
        <member name="M:WSHUB.Controllers.UsersController.SetMultiUserSinglePermissions(System.Collections.Generic.List{WSHUB.Models.Request.EditUsersPermissionsRequest})">
            <summary>
             Edit node permissions for users.
            </summary>
            <param name="editUsersPermissionsRequests"></param>
            <returns></returns>
        </member>
        <member name="M:WSHUB.Controllers.UsersController.GetUserData(System.Int32)">
            <summary>
            Get user's data by user id
            </summary>
            <param name="userId"></param>
            <returns></returns>
        </member>
        <member name="M:WSHUB.Controllers.UsersController.DeleteUser(System.Int32)">
            <summary>
            Delete user by user Id.
            </summary>
            <param name="userId"></param>
            <returns></returns>
        </member>
        <member name="M:WSHUB.Controllers.UsersController.UpdateUser(System.Int32,DataBrowser.Interfaces.Dto.Users.UserUpdateDto)">
            <summary>
             Update user by user Id.
            </summary>
            <param name="userId"></param>
            <param name="userUpdateDto"></param>
            <returns></returns>
        </member>
        <member name="M:WSHUB.Controllers.UsersController.RecoveryPassword">
            <summary>
            Sends an email to recover user's password
            </summary>
            <returns></returns>
        </member>
        <member name="M:WSHUB.Controllers.UsersController.ResetPassword(WSHUB.Models.Request.ResetPasswordRequest)">
            <summary>
             Reset user's password.
            </summary>
            <param name="resetPasswordRequest"></param>
            <returns></returns>
        </member>
        <member name="M:WSHUB.Controllers.UsersController.ChangePassword(WSHUB.Models.Request.ChangePasswordRequest)">
            <summary>
            Change user's password.
            </summary>
            <param name="changePassword"></param>
            <returns></returns>
        </member>
        <member name="M:WSHUB.Controllers.UsersController.GetUserAthenticatedProvider(System.String,System.String)">
            <summary>
            Authenticates user using an external provider and gets token
            </summary>
            <param name="code"></param>
            <param name="provider"></param>
            <returns></returns>
        </member>
        <member name="T:WSHUB.Controllers.Utils.ControllerUtils">
            <summary>
            
            </summary>
        </member>
        <member name="M:WSHUB.Controllers.Utils.ControllerUtils.CreateNoContentErrorContentResult(System.Boolean,System.String)">
            <summary>
            
            </summary>
            <param name="oK"></param>
            <param name="errrorMessage"></param>
            <returns></returns>
        </member>
        <member name="M:WSHUB.Controllers.Utils.ControllerUtils.CreateOkContentResult(System.Object)">
            <summary>
            
            </summary>
            <param name="result"></param>
            <returns></returns>
        </member>
        <member name="M:WSHUB.Controllers.Utils.ControllerUtils.CreateOkErrorContentResult(System.Object,System.String)">
            <summary>
            
            </summary>
            <param name="result"></param>
            <param name="msg"></param>
            <returns></returns>
        </member>
        <member name="M:WSHUB.Controllers.Utils.ControllerUtils.CreateErrorContentResult(System.String,Microsoft.Extensions.Logging.ILogger,System.Exception)">
            <summary>
            
            </summary>
            <param name="msg"></param>
            <param name="logger"></param>
            <param name="e"></param>
            <returns></returns>
        </member>
        <member name="T:WSHUB.Controllers.Utils.GeoUtils">
            <summary>
            Geo Utility class
            </summary>
        </member>
        <member name="M:WSHUB.Controllers.Utils.GeoUtils.GetGeoCriteria(DatabrowserAPI.INF.Domain.Models.Criteria,System.Collections.Generic.Dictionary{System.String,DataBrowser.Domain.CatalogGeo.CodelistItem})">
            <summary>
            
            </summary>
            <param name="dataflowTerritorialCriteria"></param>
            <param name="geoLevelCodelist"></param>
            <returns></returns>
        </member>
        <member name="T:WSHUB.Controllers.Utils.IndicatorUtils">
            <summary>
            Utility class
            </summary>
        </member>
        <member name="M:WSHUB.Controllers.Utils.IndicatorUtils.CheckIndicatorDefinitions(DatabrowserAPI.INF.Domain.Models.IndicatorDefinition[])">
            <summary>
            Verify indicator definitions
            </summary>
            <param name="indicatorDefinitions"></param>
            <returns></returns>
        </member>
        <member name="M:WSHUB.Controllers.Utils.IndicatorUtils.CheckMarginalDefinitions(DatabrowserAPI.INF.Domain.Models.MarginalDefinition)">
            <summary>
            Verify marginal definition
            </summary>
            <param name="marginalDefinition"></param>
            <returns></returns>
        </member>
        <member name="T:WSHUB.Controllers.VerifyAuthController">
            <summary>
            Verify Authorization Controller
            </summary>
        </member>
        <member name="M:WSHUB.Controllers.VerifyAuthController.#ctor(Microsoft.Extensions.Logging.ILogger{WSHUB.Controllers.NodesController},DataBrowser.Interfaces.IRequestContext,DataBrowser.Services.Interfaces.IMediatorService)">
            <summary>
            Constructor
            </summary>
            <param name="logger"></param>
            <param name="requestContext"></param>
            <param name="mediator"></param>
        </member>
        <member name="M:WSHUB.Controllers.VerifyAuthController.VerifyTokenAuths(System.Collections.Generic.IEnumerable{DatabrowserAPI.INF.Domain.Authorization.NodeAuthorization})">
            <summary>
            Verify authorization token
            </summary>
            <param name="auths"></param>
            <returns></returns>
        </member>
        <member name="M:WSHUB.Controllers.VerifyAuthController.IsAdministrator(System.IdentityModel.Tokens.Jwt.JwtPayload)">
            <summary>
            
            </summary>
            <param name="payLoad"></param>
            <returns></returns>
        </member>
        <member name="M:WSHUB.Controllers.VerifyAuthController.HasCrossNodeAuth(System.IdentityModel.Tokens.Jwt.JwtPayload,System.String)">
            <summary>
            
            </summary>
            <param name="payLoad"></param>
            <param name="auth"></param>
            <returns></returns>
        </member>
        <member name="M:WSHUB.Controllers.VerifyAuthController.HasSingleNodeAuth(System.IdentityModel.Tokens.Jwt.JwtPayload,DatabrowserAPI.INF.Domain.Authorization.NodeAuthorization)">
            <summary>
            
            </summary>
            <param name="payLoad"></param>
            <param name="nodeAuth"></param>
            <returns></returns>
        </member>
        <member name="T:WSHUB.Controllers.ViewTemplateController">
            <summary>
            View Template Controller
            </summary>
        </member>
        <member name="M:WSHUB.Controllers.ViewTemplateController.#ctor(Microsoft.Extensions.Logging.ILogger{WSHUB.Controllers.ViewTemplateController},DataBrowser.Interfaces.IRequestContext,DataBrowser.Services.Interfaces.IMediatorService)">
            <summary>
            Constructor
            </summary>
            <param name="logger"></param>
            <param name="requestContext"></param>
            <param name="mediatorService"></param>
        </member>
        <member name="M:WSHUB.Controllers.ViewTemplateController.CreateTemplate(DataBrowser.Interfaces.ModelViews.ViewTemplateViewModel)">
            <summary>
                Create new template for a node by node Id.
            </summary>
            <returns>ViewTemplate</returns>
        </member>
        <member name="M:WSHUB.Controllers.ViewTemplateController.CreateView(DataBrowser.Interfaces.ModelViews.ViewTemplateViewModel)">
            <summary>
                Create new view for a node by node Id.
            </summary>
            <response code="201">Create ViewTemplate</response>
            <response code="400">Bad request.</response>
            <response code="500">Error.</response>
            <returns>ViewTemplate</returns>
        </member>
        <member name="M:WSHUB.Controllers.ViewTemplateController.CreateSuccessCreationContentResult(System.Int32,DataBrowser.Domain.Dtos.ViewTemplateType)">
            <summary>
            Creates content result in case of succesful creation of view/template
            </summary>
            <param name="createdId"></param>
            <param name="type"></param>
            <returns></returns>
        </member>
        <member name="M:WSHUB.Controllers.ViewTemplateController.GetTemplateById(System.Int32)">
            <summary>
                Get a node template by node Id and template Id.
            </summary>
            <returns>ViewTemplate</returns>
        </member>
        <member name="M:WSHUB.Controllers.ViewTemplateController.GetViewById(System.Int32)">
            <summary>
                Get a node view by node Id and view Id.
            </summary>
            <returns>ViewTemplate</returns>
        </member>
        <member name="M:WSHUB.Controllers.ViewTemplateController.GetTemplateListByNodeId">
            <summary>
                Get all templates for a node by node Id.
            </summary>
            <returns>List of ViewTemplate</returns>
        </member>
        <member name="M:WSHUB.Controllers.ViewTemplateController.GetViewListByNodeId">
            <summary>
                Get all views for a node by node Id.
            </summary>
            <returns>List of ViewTemplate</returns>
        </member>
        <member name="M:WSHUB.Controllers.ViewTemplateController.GetViewList">
            <summary>
                Get all views.
            </summary>
            <returns>List of ViewTemplate</returns>
        </member>
        <member name="M:WSHUB.Controllers.ViewTemplateController.DeleteviewTemplate(System.Int32)">
            <summary>
                Delete a node template by node Id and template Id.
            </summary>
            <param name="templateId">viewTemplate id to delete</param>
            <returns></returns>
        </member>
        <member name="M:WSHUB.Controllers.ViewTemplateController.DeleteView(System.Int32)">
            <summary>
                Delete a node view by node Id and template Id.
            </summary>
            <param name="viewId">viewTemplate id to delete</param>
            <returns></returns>
        </member>
        <member name="T:WSHUB.Filters.FileResultFilter">
            <summary>
            
            </summary>
        </member>
        <member name="T:WSHUB.HealthChecks.ApiHealthCheck">
            <summary>
            
            </summary>
        </member>
        <member name="M:WSHUB.HealthChecks.ApiHealthCheck.#ctor(Microsoft.AspNetCore.Http.IHttpContextAccessor,Microsoft.AspNetCore.Routing.LinkGenerator)">
            <summary>
            Constructor
            </summary>
            <param name="httpContextAccessor"></param>
            <param name="linkGenerator"></param>
        </member>
        <member name="M:WSHUB.HealthChecks.ApiHealthCheck.CheckHealthAsync(Microsoft.Extensions.Diagnostics.HealthChecks.HealthCheckContext,System.Threading.CancellationToken)">
            <summary>
            
            </summary>
            <param name="context"></param>
            <param name="cancellationToken"></param>
            <returns></returns>
        </member>
        <member name="T:WSHUB.HealthChecks.HomePageHealthCheck">
            <summary>
            
            </summary>
        </member>
        <member name="M:WSHUB.HealthChecks.HomePageHealthCheck.#ctor(Microsoft.AspNetCore.Http.IHttpContextAccessor)">
            <summary>
            Constructor
            </summary>
            <param name="httpContextAccessor"></param>
        </member>
        <member name="M:WSHUB.HealthChecks.HomePageHealthCheck.CheckHealthAsync(Microsoft.Extensions.Diagnostics.HealthChecks.HealthCheckContext,System.Threading.CancellationToken)">
            <summary>
            
            </summary>
            <param name="context"></param>
            <param name="cancellationToken"></param>
            <returns></returns>
        </member>
        <member name="T:WSHUB.HealthChecks.PingHealthCheck">
            <summary>
            
            </summary>
        </member>
        <member name="M:WSHUB.HealthChecks.PingHealthCheck.#ctor(System.String,System.Int32)">
            <summary>
            Constructor
            </summary>
            <param name="host"></param>
            <param name="timeout"></param>
        </member>
        <member name="M:WSHUB.HealthChecks.PingHealthCheck.CheckHealthAsync(Microsoft.Extensions.Diagnostics.HealthChecks.HealthCheckContext,System.Threading.CancellationToken)">
            <summary>
            
            </summary>
            <param name="context"></param>
            <param name="cancellationToken"></param>
            <returns></returns>
        </member>
        <member name="T:WSHUB.HealthChecks.ServiceStatusModel">
            <summary>
            
            </summary>
        </member>
        <member name="P:WSHUB.HealthChecks.ServiceStatusModel.Service">
            <summary>
            
            </summary>
        </member>
        <member name="P:WSHUB.HealthChecks.ServiceStatusModel.Status">
            <summary>
            
            </summary>
        </member>
        <member name="P:WSHUB.HealthChecks.ServiceStatusModel.Data">
            <summary>
            
            </summary>
        </member>
        <member name="T:WSHUB.HealthChecks.SystemMemoryHealthcheck">
            <summary>
            
            </summary>
        </member>
        <member name="M:WSHUB.HealthChecks.SystemMemoryHealthcheck.CheckHealthAsync(Microsoft.Extensions.Diagnostics.HealthChecks.HealthCheckContext,System.Threading.CancellationToken)">
            <summary>
            
            </summary>
            <param name="context"></param>
            <param name="cancellationToken"></param>
            <returns></returns>
        </member>
        <member name="T:WSHUB.HealthChecks.SystemMemoryHealthcheck.MemoryMetrics">
            <summary>
            
            </summary>
        </member>
        <member name="F:WSHUB.HealthChecks.SystemMemoryHealthcheck.MemoryMetrics.Free">
            <summary>
            
            </summary>
        </member>
        <member name="F:WSHUB.HealthChecks.SystemMemoryHealthcheck.MemoryMetrics.Total">
            <summary>
            
            </summary>
        </member>
        <member name="F:WSHUB.HealthChecks.SystemMemoryHealthcheck.MemoryMetrics.Used">
            <summary>
            
            </summary>
        </member>
        <member name="T:WSHUB.HealthChecks.SystemMemoryHealthcheck.MemoryMetricsClient">
            <summary>
            
            </summary>
        </member>
        <member name="M:WSHUB.HealthChecks.SystemMemoryHealthcheck.MemoryMetricsClient.GetMetrics">
            <summary>
            
            </summary>
            <returns></returns>
        </member>
        <member name="T:WSHUB.HostedService.Workers.MigratorDBHostedService">
            <summary>
            
            </summary>
        </member>
        <member name="M:WSHUB.HostedService.Workers.MigratorDBHostedService.#ctor(Microsoft.Extensions.Logging.ILogger{WSHUB.HostedService.Workers.MigratorDBHostedService},System.IServiceProvider)">
            <summary>
            Constructor
            </summary>
            <param name="logger"></param>
            <param name="serviceProvider"></param>
        </member>
        <member name="M:WSHUB.HostedService.Workers.MigratorDBHostedService.StartAsync(System.Threading.CancellationToken)">
            <summary>
            
            </summary>
            <param name="cancellationToken"></param>
            <returns></returns>
        </member>
        <member name="M:WSHUB.HostedService.Workers.MigratorDBHostedService.StopAsync(System.Threading.CancellationToken)">
            <summary>
            
            </summary>
            <param name="cancellationToken"></param>
            <returns></returns>
        </member>
        <member name="T:WSHUB.HostedService.Workers.SchedulerHostedService">
            <summary>
            
            </summary>
        </member>
        <member name="M:WSHUB.HostedService.Workers.SchedulerHostedService.#ctor(Microsoft.Extensions.Logging.ILogger{WSHUB.HostedService.Workers.SchedulerHostedService},System.IServiceProvider)">
            <summary>
            Constructor
            </summary>
            <param name="logger"></param>
            <param name="services"></param>
        </member>
        <member name="P:WSHUB.HostedService.Workers.SchedulerHostedService.Services">
            <summary>
            
            </summary>
        </member>
        <member name="M:WSHUB.HostedService.Workers.SchedulerHostedService.ExecuteAsync(System.Threading.CancellationToken)">
            <summary>
            Executes hosted services (workers)
            </summary>
            <param name="stoppingToken"></param>
            <returns></returns>
        </member>
        <member name="T:WSHUB.Models.APIMapperConfiguration">
            <summary>
            
            </summary>
        </member>
        <member name="M:WSHUB.Models.APIMapperConfiguration.#ctor">
            <summary>
            
            </summary>
        </member>
        <member name="T:WSHUB.Models.MappingClass">
            <summary>
            
            </summary>
        </member>
        <member name="M:WSHUB.Models.MappingClass.ConvertToNodeMinimalInfo(DataBrowser.Domain.Dtos.NodeDto,System.String,System.Collections.Generic.List{DataBrowser.Query.Dashboards.ModelView.DashboardMinimalInfoViewModel})">
            <summary>
            
            </summary>
            <param name="nodeDto"></param>
            <param name="lang"></param>
            <param name="dashBoardViewModels"></param>
            <returns></returns>
        </member>
        <member name="M:WSHUB.Models.MappingClass.ConvertToNodeMinimalInfoModelView(DataBrowser.Domain.Dtos.NodeDto,System.String)">
            <summary>
            
            </summary>
            <param name="nodeDto"></param>
            <param name="lang"></param>
            <returns></returns>
        </member>
        <member name="M:WSHUB.Models.MappingClass.ConvertToNodeMinimalInfoModelView(DataBrowser.AC.Responses.Services.NodeMinimalInfoDto,System.String)">
            <summary>
            
            </summary>
            <param name="nodeDto"></param>
            <param name="lang"></param>
            <returns></returns>
        </member>
        <member name="T:WSHUB.Models.Request.ChangePasswordRequest">
            <summary>
            
            </summary>
        </member>
        <member name="P:WSHUB.Models.Request.ChangePasswordRequest.OldPassword">
            <summary>
            
            </summary>
        </member>
        <member name="P:WSHUB.Models.Request.ChangePasswordRequest.NewPassword">
            <summary>
            
            </summary>
        </member>
        <member name="T:WSHUB.Models.Request.DashboardCreateModelView">
            <summary>
            
            </summary>
        </member>
        <member name="P:WSHUB.Models.Request.DashboardCreateModelView.DashboardId">
            <summary>
            
            </summary>
        </member>
        <member name="P:WSHUB.Models.Request.DashboardCreateModelView.Title">
            <summary>
            
            </summary>
        </member>
        <member name="P:WSHUB.Models.Request.DashboardCreateModelView.DashboardConfig">
            <summary>
            
            </summary>
        </member>
        <member name="P:WSHUB.Models.Request.DashboardCreateModelView.ViewIds">
            <summary>
            
            </summary>
        </member>
        <member name="P:WSHUB.Models.Request.DashboardCreateModelView.NodeIds">
            <summary>
            
            </summary>
        </member>
        <member name="P:WSHUB.Models.Request.DashboardCreateModelView.UserId">
            <summary>
            
            </summary>
        </member>
        <member name="P:WSHUB.Models.Request.DashboardCreateModelView.HubId">
            <summary>
            
            </summary>
        </member>
        <member name="P:WSHUB.Models.Request.DashboardCreateModelView.Weight">
            <summary>
            
            </summary>
        </member>
        <member name="P:WSHUB.Models.Request.DashboardCreateModelView.FilterLevels">
            <summary>
            
            </summary>
        </member>
        <member name="M:WSHUB.Models.Request.DashboardCreateModelView.ConvertToDto">
            <summary>
            
            </summary>
            <returns></returns>
        </member>
        <member name="T:WSHUB.Models.Request.EditUsersPermissionsRequest">
            <summary>
            
            </summary>
        </member>
        <member name="P:WSHUB.Models.Request.EditUsersPermissionsRequest.UserId">
            <summary>
            
            </summary>
        </member>
        <member name="P:WSHUB.Models.Request.EditUsersPermissionsRequest.NodePermissions">
            <summary>
            
            </summary>
        </member>
        <member name="T:WSHUB.Models.Request.GetCriteriaFilter">
            <summary>
            
            </summary>
        </member>
        <member name="P:WSHUB.Models.Request.GetCriteriaFilter.DataflowId">
            <summary>
            
            </summary>
        </member>
        <member name="P:WSHUB.Models.Request.GetCriteriaFilter.DataflowAgency">
            <summary>
            
            </summary>
        </member>
        <member name="P:WSHUB.Models.Request.GetCriteriaFilter.DataflowVersion">
            <summary>
            
            </summary>
        </member>
        <member name="P:WSHUB.Models.Request.GetCriteriaFilter.Filters">
            <summary>
            
            </summary>
        </member>
        <member name="T:WSHUB.Models.Request.NodeCreateRequest">
            <summary>
            
            </summary>
        </member>
        <member name="M:WSHUB.Models.Request.NodeCreateRequest.#ctor">
            <summary>
            
            </summary>
        </member>
        <member name="M:WSHUB.Models.Response.DatasetCriteriaViewModel.ConvertFromStructureDto(DataBrowser.Interfaces.Dto.UseCases.Responses.StructureCriteriaForDataflowResponse,System.String)">
            <summary>
            Convert StructureCriteriaForDataflowResponse to DatasetCriteriaViewModel
            </summary>
            <param name="criteriaForDataflow"></param>
            <param name="lang"></param>
            <returns></returns>
        </member>
        <member name="M:WSHUB.Models.Response.DatasetCriteriaViewModel.ConvertFromArtefactForDimensionCriteria(EndPointConnector.Models.ArtefactContainer,System.String)">
            <summary>
            Converts ArtefactContainer to DatasetCriteriaViewModel
            </summary>
            <param name="artefactContainer"></param>
            <param name="lang"></param>
            <returns></returns>
        </member>
        <member name="M:WSHUB.Models.Response.DatasetCriteriaViewModel.ConvertCriteria(System.String,DatabrowserAPI.INF.Domain.Models.Criteria)">
            <summary>
            Convert Criteria in CriteriaViewModel
            </summary>
            <param name="lang"></param>
            <param name="criteria"></param>
            <returns></returns>
        </member>
        <member name="M:WSHUB.Models.Response.DatasetCriteriaViewModel.ConvertDetailLevelCriteria(DatabrowserAPI.INF.Domain.Models.Criteria,System.String,System.String)">
            <summary>
            
            </summary>
            <param name="criteria"></param>
            <param name="detailLevelSuffix"></param>
            <param name="lang"></param>
            <returns></returns>
        </member>
        <member name="T:WSHUB.Startup">
            <summary>
            
            </summary>
        </member>
        <member name="P:WSHUB.Startup.Configuration">
            <summary>
            
            </summary>
        </member>
        <member name="P:WSHUB.Startup.HostEnvironment">
            <summary>
            
            </summary>
        </member>
        <member name="M:WSHUB.Startup.#ctor(Microsoft.Extensions.Configuration.IConfiguration,Microsoft.Extensions.Hosting.IHostEnvironment)">
            <summary>
            Constructor
            </summary>
            <param name="configuration"></param>
            <param name="hostEnvironment"></param>
        </member>
        <member name="M:WSHUB.Startup.ConfigureServices(Microsoft.Extensions.DependencyInjection.IServiceCollection)">
            <summary>
             This method gets called by the runtime. Use this method to add services to the container.
            </summary>
            <param name="services"></param>
        </member>
        <member name="M:WSHUB.Startup.Configure(Microsoft.AspNetCore.Builder.IApplicationBuilder,Microsoft.AspNetCore.Hosting.IWebHostEnvironment)">
            <summary>
            This method gets called by the runtime. Use this method to configure the HTTP request pipeline.
            </summary>
            <param name="app"></param>
            <param name="env"></param>
        </member>
        <member name="T:WSHUB.ServiceCollectionExtensions">
            <summary>
            
            </summary>
        </member>
        <member name="M:WSHUB.ServiceCollectionExtensions.AddCustomOptions(Microsoft.Extensions.DependencyInjection.IServiceCollection,Microsoft.Extensions.Configuration.IConfiguration,Microsoft.Extensions.Hosting.IHostEnvironment)">
            <summary>
            
            </summary>
            <param name="services"></param>
            <param name="configuration"></param>
            <param name="hostEnvironment"></param>
            <returns></returns>
        </member>
        <member name="M:WSHUB.ServiceCollectionExtensions.AddCustomAuthentication(Microsoft.Extensions.DependencyInjection.IServiceCollection,Microsoft.Extensions.Configuration.IConfiguration)">
            <summary>
            
            </summary>
            <param name="services"></param>
            <param name="configuration"></param>
            <returns></returns>
        </member>
        <member name="M:WSHUB.ServiceCollectionExtensions.ConfigureOthersApplicationCore(Microsoft.Extensions.DependencyInjection.IServiceCollection)">
            <summary>
            
            </summary>
            <param name="services"></param>
            <returns></returns>
        </member>
        <member name="M:WSHUB.ServiceCollectionExtensions.ConfigureOthersInfrastructure(Microsoft.Extensions.DependencyInjection.IServiceCollection)">
            <summary>
            
            </summary>
            <param name="services"></param>
            <returns></returns>
        </member>
        <member name="M:WSHUB.ServiceCollectionExtensions.AddHttpServices(Microsoft.Extensions.DependencyInjection.IServiceCollection)">
            <summary>
            
            </summary>
            <param name="services"></param>
            <returns></returns>
        </member>
    </members>
</doc>
