<?xml version="1.0" encoding="utf-8"?>
<message:Structure xmlns:message="http://www.sdmx.org/resources/sdmxml/schemas/v2_1/message" xmlns:structure="http://www.sdmx.org/resources/sdmxml/schemas/v2_1/structure" xmlns:common="http://www.sdmx.org/resources/sdmxml/schemas/v2_1/common">
  <message:Header>
    <message:ID>IDREF115</message:ID>
    <message:Test>false</message:Test>
    <message:Prepared>2023-09-26T10:10:24.0769063+02:00</message:Prepared>
    <message:Sender id="Unknown" />
    <message:Receiver id="Unknown" />
  </message:Header>
  <message:Structures>
    <structure:CategorySchemes>
      <structure:CategoryScheme id="IMF_NSDP" agencyID="IT1" version="1.0">
        <common:Name xml:lang="en">National Summary Data Pages</common:Name>
        <structure:Category id="REAL_SEC">
          <common:Annotations>
            <common:Annotation>
              <common:AnnotationType>CategoryScheme_node_order</common:AnnotationType>
              <common:AnnotationText xml:lang="en">0</common:AnnotationText>
            </common:Annotation>
            <common:Annotation>
              <common:AnnotationType>ORDER</common:AnnotationType>
              <common:AnnotationText xml:lang="en">18</common:AnnotationText>
            </common:Annotation>
          </common:Annotations>
          <common:Name xml:lang="en">Rel sector</common:Name>
          <common:Name xml:lang="es">Sector real</common:Name>
        </structure:Category>
        <structure:Category id="FISC_SEC">
          <common:Annotations>
            <common:Annotation>
              <common:AnnotationType>CategoryScheme_node_order</common:AnnotationType>
              <common:AnnotationText xml:lang="en">1</common:AnnotationText>
            </common:Annotation>
            <common:Annotation>
              <common:AnnotationType>ORDER</common:AnnotationType>
              <common:AnnotationText xml:lang="en">19</common:AnnotationText>
            </common:Annotation>
          </common:Annotations>
          <common:Name xml:lang="en">Fiscal Sector</common:Name>
          <common:Name xml:lang="es">Sector fiscal</common:Name>
        </structure:Category>
        <structure:Category id="FIN_SEC">
          <common:Annotations>
            <common:Annotation>
              <common:AnnotationType>CategoryScheme_node_order</common:AnnotationType>
              <common:AnnotationText xml:lang="en">2</common:AnnotationText>
            </common:Annotation>
            <common:Annotation>
              <common:AnnotationType>ORDER</common:AnnotationType>
              <common:AnnotationText xml:lang="en">20</common:AnnotationText>
            </common:Annotation>
          </common:Annotations>
          <common:Name xml:lang="en">Financial sector</common:Name>
          <common:Name xml:lang="es">Sector financiero</common:Name>
        </structure:Category>
        <structure:Category id="EXT_SEC">
          <common:Annotations>
            <common:Annotation>
              <common:AnnotationType>CategoryScheme_node_order</common:AnnotationType>
              <common:AnnotationText xml:lang="en">4</common:AnnotationText>
            </common:Annotation>
            <common:Annotation>
              <common:AnnotationType>ORDER</common:AnnotationType>
              <common:AnnotationText xml:lang="en">21</common:AnnotationText>
            </common:Annotation>
          </common:Annotations>
          <common:Name xml:lang="en">External sector</common:Name>
          <common:Name xml:lang="es">Sector externo</common:Name>
        </structure:Category>
        <structure:Category id="POP">
          <common:Annotations>
            <common:Annotation>
              <common:AnnotationType>CategoryScheme_node_order</common:AnnotationType>
              <common:AnnotationText xml:lang="en">5</common:AnnotationText>
            </common:Annotation>
            <common:Annotation>
              <common:AnnotationType>ORDER</common:AnnotationType>
              <common:AnnotationText xml:lang="en">22</common:AnnotationText>
            </common:Annotation>
          </common:Annotations>
          <common:Name xml:lang="en">Population</common:Name>
          <common:Name xml:lang="es">Población</common:Name>
        </structure:Category>
      </structure:CategoryScheme>
    </structure:CategorySchemes>
  </message:Structures>
</message:Structure>