<?xml version="1.0" encoding="utf-8"?>
<message:Structure xmlns:message="http://www.sdmx.org/resources/sdmxml/schemas/v2_1/message" xmlns:structure="http://www.sdmx.org/resources/sdmxml/schemas/v2_1/structure" xmlns:common="http://www.sdmx.org/resources/sdmxml/schemas/v2_1/common">
  <message:Header>
    <message:ID>IDREF507</message:ID>
    <message:Test>false</message:Test>
    <message:Prepared>2023-05-11T15:48:26.0400573+02:00</message:Prepared>
    <message:Sender id="Unknown" />
    <message:Receiver id="Unknown" />
  </message:Header>
  <message:Structures>
    <structure:CategorySchemes>
      <structure:CategoryScheme id="SDG_CS" agencyID="IT1" version="1.0">
        <common:Name xml:lang="en">SDG Goals</common:Name>
        <common:Name xml:lang="it">Goal SDG</common:Name>
        <structure:Category id="GOAL1">
          <common:Annotations>
            <common:Annotation id="ORDER">
              <common:AnnotationType>ORDER</common:AnnotationType>
              <common:AnnotationText xml:lang="en">1</common:AnnotationText>
            </common:Annotation>
          </common:Annotations>
          <common:Name xml:lang="en">Goal 1: No poverty</common:Name>
          <common:Name xml:lang="it">Obiettivo 1: Povertà zero</common:Name>
          <structure:Category id="TARGET_1_1">
            <common:Annotations>
              <common:Annotation id="ORDER">
                <common:AnnotationType>ORDER</common:AnnotationType>
                <common:AnnotationText xml:lang="en">2</common:AnnotationText>
              </common:Annotation>
            </common:Annotations>
            <common:Name xml:lang="en">1.1 By 2030, eradicate extreme poverty for all people everywhere, currently measured as people living on less than $1.25 a day</common:Name>
          </structure:Category>
          <structure:Category id="TARGET_1_2">
            <common:Annotations>
              <common:Annotation id="ORDER">
                <common:AnnotationType>ORDER</common:AnnotationType>
                <common:AnnotationText xml:lang="en">3</common:AnnotationText>
              </common:Annotation>
            </common:Annotations>
            <common:Name xml:lang="en">1.2 By 2030, reduce at least by half the proportion of men, women and children of all ages living in poverty in all its dimensions according to national definitions</common:Name>
          </structure:Category>
          <structure:Category id="TARGET_1_3">
            <common:Annotations>
              <common:Annotation id="ORDER">
                <common:AnnotationType>ORDER</common:AnnotationType>
                <common:AnnotationText xml:lang="en">4</common:AnnotationText>
              </common:Annotation>
            </common:Annotations>
            <common:Name xml:lang="en">1.3 Implement nationally appropriate social protection systems and measures for all, including floors, and by 2030 achieve substantial coverage of the poor and the vulnerable</common:Name>
          </structure:Category>
          <structure:Category id="TARGET_1_4">
            <common:Annotations>
              <common:Annotation id="ORDER">
                <common:AnnotationType>ORDER</common:AnnotationType>
                <common:AnnotationText xml:lang="en">5</common:AnnotationText>
              </common:Annotation>
            </common:Annotations>
            <common:Name xml:lang="en">1.4 By 2030, ensure that all men and women, in particular the poor and the vulnerable, have equal rights to economic resources, as well as access to basic services, ownership and control over land and other forms of property, inheritance, natural resources, appropriate new technology and financial services, including microfinance</common:Name>
          </structure:Category>
        </structure:Category>
        <structure:Category id="GOAL2">
          <common:Annotations>
            <common:Annotation id="ORDER">
              <common:AnnotationType>ORDER</common:AnnotationType>
              <common:AnnotationText xml:lang="en">6</common:AnnotationText>
            </common:Annotation>
          </common:Annotations>
          <common:Name xml:lang="en">Goal 2: Zero hunger</common:Name>
          <common:Name xml:lang="it">Obiettivo 2: Fame zero</common:Name>
        </structure:Category>
        <structure:Category id="GOAL3">
          <common:Annotations>
            <common:Annotation id="ORDER">
              <common:AnnotationType>ORDER</common:AnnotationType>
              <common:AnnotationText xml:lang="en">7</common:AnnotationText>
            </common:Annotation>
          </common:Annotations>
          <common:Name xml:lang="en">Goal 3: Good Health and well-being</common:Name>
          <common:Name xml:lang="it">Obiettivo 3: Buona salute e benessere per le persone</common:Name>
        </structure:Category>
        <structure:Category id="GOAL4">
          <common:Annotations>
            <common:Annotation id="ORDER">
              <common:AnnotationType>ORDER</common:AnnotationType>
              <common:AnnotationText xml:lang="en">8</common:AnnotationText>
            </common:Annotation>
          </common:Annotations>
          <common:Name xml:lang="en">Goal 4: Quality education</common:Name>
          <common:Name xml:lang="it">Obiettivo 4: Educazione paritaria e di qualità</common:Name>
        </structure:Category>
        <structure:Category id="GOAL5">
          <common:Annotations>
            <common:Annotation id="ORDER">
              <common:AnnotationType>ORDER</common:AnnotationType>
              <common:AnnotationText xml:lang="en">9</common:AnnotationText>
            </common:Annotation>
          </common:Annotations>
          <common:Name xml:lang="en">Goal 5: Gender equality</common:Name>
          <common:Name xml:lang="it">Obiettivo 5: Parità di genere</common:Name>
        </structure:Category>
        <structure:Category id="GOAL6">
          <common:Annotations>
            <common:Annotation id="ORDER">
              <common:AnnotationType>ORDER</common:AnnotationType>
              <common:AnnotationText xml:lang="en">10</common:AnnotationText>
            </common:Annotation>
          </common:Annotations>
          <common:Name xml:lang="en">Goal 6: Clean water and sanitations</common:Name>
          <common:Name xml:lang="it">Obiettivo 6: Acqua pulita e servizi igienico-sanitari</common:Name>
        </structure:Category>
        <structure:Category id="GOAL7">
          <common:Annotations>
            <common:Annotation id="ORDER">
              <common:AnnotationType>ORDER</common:AnnotationType>
              <common:AnnotationText xml:lang="en">11</common:AnnotationText>
            </common:Annotation>
          </common:Annotations>
          <common:Name xml:lang="en">Goal 7: Affordable and clean energy</common:Name>
          <common:Name xml:lang="it">Obiettivo 7: Energia pulita e accessibile</common:Name>
        </structure:Category>
        <structure:Category id="GOAL8">
          <common:Annotations>
            <common:Annotation id="ORDER">
              <common:AnnotationType>ORDER</common:AnnotationType>
              <common:AnnotationText xml:lang="en">12</common:AnnotationText>
            </common:Annotation>
          </common:Annotations>
          <common:Name xml:lang="en">Goal 8: Decent work and economic growth</common:Name>
          <common:Name xml:lang="it">Obiettivo 8: Lavoro dignitoso e crescita economica</common:Name>
        </structure:Category>
        <structure:Category id="GOAL9">
          <common:Annotations>
            <common:Annotation id="ORDER">
              <common:AnnotationType>ORDER</common:AnnotationType>
              <common:AnnotationText xml:lang="en">13</common:AnnotationText>
            </common:Annotation>
          </common:Annotations>
          <common:Name xml:lang="en">Goal 9: Industry, innovation and infrastructure</common:Name>
          <common:Name xml:lang="it">Obiettivo 9: Industria,innovazione e infrastruttura</common:Name>
        </structure:Category>
        <structure:Category id="GOAL10">
          <common:Annotations>
            <common:Annotation id="ORDER">
              <common:AnnotationType>ORDER</common:AnnotationType>
              <common:AnnotationText xml:lang="en">14</common:AnnotationText>
            </common:Annotation>
          </common:Annotations>
          <common:Name xml:lang="en">Goal 10: Reduced inequalities</common:Name>
          <common:Name xml:lang="it">Obiettivo 10: Ridurre le disuguaglianze</common:Name>
        </structure:Category>
        <structure:Category id="GOAL11">
          <common:Annotations>
            <common:Annotation id="ORDER">
              <common:AnnotationType>ORDER</common:AnnotationType>
              <common:AnnotationText xml:lang="en">15</common:AnnotationText>
            </common:Annotation>
          </common:Annotations>
          <common:Name xml:lang="en">Goal 11: Sustainable cities and communities</common:Name>
          <common:Name xml:lang="it">Obiettivo 11: Città e comunità sostenibili</common:Name>
        </structure:Category>
        <structure:Category id="GOAL12">
          <common:Annotations>
            <common:Annotation id="ORDER">
              <common:AnnotationType>ORDER</common:AnnotationType>
              <common:AnnotationText xml:lang="en">16</common:AnnotationText>
            </common:Annotation>
          </common:Annotations>
          <common:Name xml:lang="en">Goal 12: Responsible consumption and production</common:Name>
          <common:Name xml:lang="it">Obiettivo 12: consumo e produzione responsabile</common:Name>
        </structure:Category>
        <structure:Category id="GOAL13">
          <common:Annotations>
            <common:Annotation id="ORDER">
              <common:AnnotationType>ORDER</common:AnnotationType>
              <common:AnnotationText xml:lang="en">17</common:AnnotationText>
            </common:Annotation>
          </common:Annotations>
          <common:Name xml:lang="en">Goal 13: Climate action</common:Name>
          <common:Name xml:lang="it">Obiettivo 13: I cambiamenti del clima</common:Name>
        </structure:Category>
        <structure:Category id="GOAL14">
          <common:Annotations>
            <common:Annotation id="ORDER">
              <common:AnnotationType>ORDER</common:AnnotationType>
              <common:AnnotationText xml:lang="en">18</common:AnnotationText>
            </common:Annotation>
          </common:Annotations>
          <common:Name xml:lang="en">Goal 14: Life below water</common:Name>
          <common:Name xml:lang="it">Obiettivo 14: Vita sott'acqua</common:Name>
        </structure:Category>
        <structure:Category id="GOAL15">
          <common:Annotations>
            <common:Annotation id="ORDER">
              <common:AnnotationType>ORDER</common:AnnotationType>
              <common:AnnotationText xml:lang="en">19</common:AnnotationText>
            </common:Annotation>
          </common:Annotations>
          <common:Name xml:lang="en">Goal 15: Life on land</common:Name>
          <common:Name xml:lang="it">Obiettivo 15: Vita sulla terra</common:Name>
        </structure:Category>
        <structure:Category id="GOAL16">
          <common:Annotations>
            <common:Annotation id="ORDER">
              <common:AnnotationType>ORDER</common:AnnotationType>
              <common:AnnotationText xml:lang="en">20</common:AnnotationText>
            </common:Annotation>
          </common:Annotations>
          <common:Name xml:lang="en">Goal 16: Peace, justice and strong institutions</common:Name>
          <common:Name xml:lang="it">Obiettivo 16: Pace, giustizia e istituzioni forti</common:Name>
        </structure:Category>
        <structure:Category id="GOAL17">
          <common:Annotations>
            <common:Annotation id="ORDER">
              <common:AnnotationType>ORDER</common:AnnotationType>
              <common:AnnotationText xml:lang="en">21</common:AnnotationText>
            </common:Annotation>
          </common:Annotations>
          <common:Name xml:lang="en">Goal 17: Partnerships</common:Name>
          <common:Name xml:lang="it">Obiettivo 17: Partnership per gli obiettivi</common:Name>
        </structure:Category>
      </structure:CategoryScheme>
    </structure:CategorySchemes>
  </message:Structures>
</message:Structure>