<?xml version="1.0"?>
<doc>
    <assembly>
        <name>News.API</name>
    </assembly>
    <members>
        <member name="T:News.API.Controllers.NewsController">
            <summary>
            News controller
            </summary>
        </member>
        <member name="M:News.API.Controllers.NewsController.NewsByIdAsync(System.Int32)">
            <summary>
            Get News by id
            </summary>
            <param name="id"></param>
            <returns></returns>
        </member>
        <member name="M:News.API.Controllers.NewsController.GetAllNews">
            <summary>
            Get all news.
            </summary>
            <returns></returns>
        </member>
        <member name="M:News.API.Controllers.NewsController.GetLatestNews(System.Int32,System.Nullable{System.Int32})">
            <summary>
            Get the latest (n) visible and valid news from node.
            </summary>
            <param name="n"></param>
            <param name="nodeId"></param>
            <returns></returns>
        </member>
        <member name="M:News.API.Controllers.NewsController.CreateNewsAsync(News.API.Dto.NewsDtoAllLang,System.String)">
            <summary>
            Create a News.
            Query Parameters : List of nodes separated by ','
            </summary>
            <param name="newsDtoAllLang"></param>
            <param name="nodeIds">List of nodes separated by ','</param>
            <returns></returns>
        </member>
        <member name="M:News.API.Controllers.NewsController.UpdateNewsAsync(News.API.Dto.NewsDtoAllLang,System.String)">
            <summary>
            Updates a News
            </summary>
            <param name="newsToUpdate"></param>
            <param name="nodeIds"></param>
            <returns></returns>
        </member>
        <member name="M:News.API.Controllers.NewsController.DeleteNewsAsync(System.Int32)">
            <summary>
            Delete News by Id
            </summary>
            <param name="id"></param>
            <returns></returns>
        </member>
        <member name="P:News.API.Dto.NewsDtoAllLang.Id">
            <summary>
            Id News
            </summary>
        </member>
        <member name="P:News.API.Dto.NewsDtoAllLang.Title">
            <summary>
            Title  multilanguagge
            </summary>
        </member>
        <member name="P:News.API.Dto.NewsDtoAllLang.SubTitle">
            <summary>
            Sub Title, multilanguagge
            </summary>
        </member>
        <member name="P:News.API.Dto.NewsDtoAllLang.NewsDate">
            <summary>
            Date of News
            </summary>
        </member>
        <member name="P:News.API.Dto.NewsDtoAllLang.Body">
            <summary>
            Body , multilanguagge
            </summary>
        </member>
        <member name="P:News.API.Dto.NewsDtoAllLang.NewsType">
            <summary>
            Type of news, no spaces, used for translation by client
            </summary>
        </member>
        <member name="P:News.API.Dto.NewsDtoAllLang.StartDate">
            <summary>
            Start date
            </summary>
        </member>
        <member name="P:News.API.Dto.NewsDtoAllLang.EndDate">
            <summary>
            End date
            </summary>
        </member>
        <member name="P:News.API.Dto.NewsDtoAllLang.Visible">
            <summary>
            Indicates whether news is visible
            </summary>
        </member>
        <member name="P:News.API.Dto.NewsDtoAllLang.Sticky">
            <summary>
            Indicates whether news is sticky
            </summary>
        </member>
        <member name="T:News.API.Infrastructure.EntityConfigurations.NewsEntitiesTypeConfiguration">
            <summary>
            
            </summary>
        </member>
        <member name="M:News.API.Infrastructure.EntityConfigurations.NewsEntitiesTypeConfiguration.Configure(Microsoft.EntityFrameworkCore.Metadata.Builders.EntityTypeBuilder{News.API.Model.NewsEntity})">
            <summary>
            
            </summary>
            <param name="builder"></param>
        </member>
        <member name="T:News.API.Infrastructure.EntityConfigurations.RelNewsNodeTypeConfiguration">
            <summary>
            
            </summary>
        </member>
        <member name="M:News.API.Infrastructure.EntityConfigurations.RelNewsNodeTypeConfiguration.Configure(Microsoft.EntityFrameworkCore.Metadata.Builders.EntityTypeBuilder{News.API.Model.RelNewsNode})">
            <summary>
            
            </summary>
            <param name="builder"></param>
        </member>
        <member name="T:News.API.Infrastructure.NewsDBContext">
            <summary>
            
            </summary>
        </member>
        <member name="M:News.API.Infrastructure.NewsDBContext.#ctor(Microsoft.EntityFrameworkCore.DbContextOptions{News.API.Infrastructure.NewsDBContext})">
            <summary>
            
            </summary>
            <param name="options"></param>
        </member>
        <member name="P:News.API.Infrastructure.NewsDBContext.NewsEntities">
            <summary>
            
            </summary>
        </member>
        <member name="P:News.API.Infrastructure.NewsDBContext.NewsNodes">
            <summary>
            
            </summary>
        </member>
        <member name="M:News.API.Infrastructure.NewsDBContext.OnModelCreating(Microsoft.EntityFrameworkCore.ModelBuilder)">
            <summary>
            
            </summary>
            <param name="modelBuilder"></param>
        </member>
        <member name="T:News.API.Model.NewsEntity">
            <summary>
            News entity
            </summary>
        </member>
        <member name="P:News.API.Model.NewsEntity.Id">
            <summary>
            Id News
            </summary>
        </member>
        <member name="P:News.API.Model.NewsEntity.Title">
            <summary>
            Title, json multilanguage
            </summary>
        </member>
        <member name="P:News.API.Model.NewsEntity.SubTitle">
            <summary>
            Sub Title, json multilanguagge
            </summary>
        </member>
        <member name="P:News.API.Model.NewsEntity.NewsDate">
            <summary>
            Date of News
            </summary>
        </member>
        <member name="P:News.API.Model.NewsEntity.Body">
            <summary>
            Body , json multilanguage
            </summary>
        </member>
        <member name="P:News.API.Model.NewsEntity.NewsType">
            <summary>
            Type of news, no spaces, used for translation by client
            </summary>
        </member>
        <member name="P:News.API.Model.NewsEntity.StartDate">
            <summary>
            Start date
            </summary>
        </member>
        <member name="P:News.API.Model.NewsEntity.EndDate">
            <summary>
            End date
            </summary>
        </member>
        <member name="P:News.API.Model.NewsEntity.Visible">
            <summary>
            Indicates whether news is visible
            </summary>
        </member>
        <member name="P:News.API.Model.NewsEntity.Sticky">
            <summary>
            Indicates whether news is sticky
            </summary>
        </member>
        <member name="T:News.API.Model.RelNewsNode">
            <summary>
            Relationship News - Node
            </summary>
        </member>
        <member name="P:News.API.Model.RelNewsNode.NewsEntityId">
            <summary>
            
            </summary>
        </member>
        <member name="P:News.API.Model.RelNewsNode.NodeId">
            <summary>
            
            </summary>
        </member>
        <member name="P:News.API.Model.RelNewsNode.News">
            <summary>
            
            </summary>
        </member>
        <member name="T:News.API.Program">
            <summary>
            Main Program
            </summary>
        </member>
        <member name="M:News.API.Program.Main(System.String[])">
            <summary>
            Main
            </summary>
            <param name="args"></param>
        </member>
        <member name="M:News.API.Program.CreateHostBuilder(System.String[])">
            <summary>
            
            </summary>
            <param name="args"></param>
            <returns></returns>
        </member>
        <member name="T:News.API.Startup">
            <summary>
            Startup
            </summary>
        </member>
        <member name="P:News.API.Startup.Configuration">
            <summary>
            Configuration
            </summary>
        </member>
        <member name="P:News.API.Startup.HostEnvironment">
            <summary>
            HostEnvironment
            </summary>
        </member>
        <member name="M:News.API.Startup.#ctor(Microsoft.Extensions.Configuration.IConfiguration,Microsoft.Extensions.Hosting.IHostEnvironment)">
            <summary>
            Constructor
            </summary>
            <param name="configuration"></param>
            <param name="hostEnvironment"></param>
        </member>
        <member name="M:News.API.Startup.ConfigureServices(Microsoft.Extensions.DependencyInjection.IServiceCollection)">
            <summary>
            Configure services
            </summary>
            <param name="services"></param>
        </member>
        <member name="M:News.API.Startup.Configure(Microsoft.AspNetCore.Builder.IApplicationBuilder,Microsoft.AspNetCore.Hosting.IWebHostEnvironment)">
            <summary>
            Configure application
            </summary>
            <param name="app"></param>
            <param name="env"></param>
        </member>
        <member name="T:News.API.ServiceCollectionExtensions">
            <summary>
            ServiceCollectionExtensions
            </summary>
        </member>
        <member name="M:News.API.ServiceCollectionExtensions.AddCustomOptions(Microsoft.Extensions.DependencyInjection.IServiceCollection,Microsoft.Extensions.Configuration.IConfiguration,Microsoft.Extensions.Hosting.IHostEnvironment)">
            <summary>
            Add custom options
            </summary>
            <param name="services"></param>
            <param name="configuration"></param>
            <param name="hostEnvironment"></param>
            <returns></returns>
        </member>
        <member name="M:News.API.ServiceCollectionExtensions.AddCustomDbContext(Microsoft.Extensions.DependencyInjection.IServiceCollection,Microsoft.Extensions.Configuration.IConfiguration,Microsoft.Extensions.Hosting.IHostEnvironment)">
            <summary>
            
            </summary>
            <param name="services"></param>
            <param name="configuration"></param>
            <param name="hostEnvironment"></param>
            <returns></returns>
        </member>
        <member name="M:News.API.ServiceCollectionExtensions.AddHttpServices(Microsoft.Extensions.DependencyInjection.IServiceCollection)">
            <summary>
            
            </summary>
            <param name="services"></param>
            <returns></returns>
        </member>
    </members>
</doc>
