<?xml version="1.0" encoding="UTF-8"?>
<r:rules xmlns:r="http://ec.europa.eu/eurostat/sri/authorisation/1.0" xmlns:xsi="http://www.w3.org/2001/XMLSchema-instance" xsi:schemaLocation="http://ec.europa.eu/eurostat/sri/authorisation/1.0 rules.xsd">
  <!--START Access for all-->
  <r:rest path="/api/DMApi/Ping" method="GET" allowAnonymous="true" priority="1">
    <r:or>
      <r:permission id="Any"/>
    </r:or>
  </r:rest>
  <r:rest path="/api/DMApi/Utils/uploadReferenceMetadataFileOnServer" method="POST" allowAnonymous="true" priority="2">
    <r:or>
      <r:permission id="Any"/>
    </r:or>
  </r:rest>
  <r:rest path="/api/DMApi/Utils/ReferenceMetadataFileOnServer" method="GET" allowAnonymous="true" priority="3">
    <r:or>
      <r:permission id="Any"/>
    </r:or>
  </r:rest>
  <r:rest path="/api/DMApi/Utils/IsAgencyAssignToAnyUser(/.*)?" method="GET" allowAnonymous="true" priority="4">
    <r:or>
      <r:permission id="Any"/>
    </r:or>
  </r:rest>
  <!--
  <r:rest path="/api/DMApi/RM(/.*)?" method="ANY" allowAnonymous="true">
    <r:andGroup>
      <r:permission id="any"/>
    </r:andGroup>
  </r:rest>
 -->
  <r:rest path="/api/DMApi/RM/GetMetadataSetList" method="GET" allowAnonymous="true">
    <r:andGroup>
      <r:permission id="Any"/>
    </r:andGroup>
  </r:rest>
  <r:rest path="/api/DMApi/RM/GetMetadataSet" method="GET" allowAnonymous="true">
    <r:andGroup>
      <r:permission id="Any"/>
    </r:andGroup>
  </r:rest>
  <r:rest path="/api/DMApi/RM(/.*)?" method="ANY" allowAnonymous="false">
    <r:andGroup>
      <r:permission id="Any"/>
    </r:andGroup>
  </r:rest>

  <r:rest path="/api/DMApi/User/LoginUser" method="POST" allowAnonymous="true" priority="10">
    <r:or>
      <r:permission id="Any"/>
    </r:or>
  </r:rest>
  <r:rest path="/api/DMApi/User/RecoveryPassword" method="POST" allowAnonymous="true">
    <r:or>
      <r:permission id="Any"/>
    </r:or>
  </r:rest>
  <r:rest path="/Utils/InizializeAuthDb" method="POST" allowAnonymous="true">
    <r:or>
      <r:permission id="Any"/>
    </r:or>
  </r:rest>
  <r:rest path="/api/DMApi/Utility/CheckEndPoint" method="ANY" allowAnonymous="true">
    <r:andGroup>
      <r:functionality id="Any"/>
    </r:andGroup>
  </r:rest>
  <!--END Access for all-->
  <!--START Access for all user logged-->
  <r:rest path="/api/DMApi/Utils/AuthDBConfigurated" method="ANY" allowAnonymous="false">
    <r:andGroup>
      <r:functionality id="Any"/>
    </r:andGroup>
  </r:rest>
  <r:rest path="/api/DMApi/Utils/CheckAuthDB" method="ANY" allowAnonymous="false">
    <r:andGroup>
      <r:functionality id="Any"/>
    </r:andGroup>
  </r:rest>
  <r:rest path="/api/DMApi/User/(/.*)?" method="ANY" allowAnonymous="false">
    <r:andGroup>
      <r:functionality id="Any"/>
    </r:andGroup>
  </r:rest>
  <r:rest path="/api/DMApi/Builder(/.*)?" method="ANY" allowAnonymous="false">
    <r:andGroup>
      <r:functionality id="Any"/>
    </r:andGroup>
  </r:rest>
  <r:rest path="/api/DMApi/Mapping(/.*)?" method="ANY" allowAnonymous="false">
    <r:andGroup>
      <r:functionality id="Any"/>
    </r:andGroup>
  </r:rest>
  <r:rest path="/api/DMApi/Loader(/.*)?" method="ANY" allowAnonymous="false">
    <r:andGroup>
      <r:functionality id="Any"/>
    </r:andGroup>
  </r:rest>
  <r:rest path="/api/DMApi/Utils(/.*)?" method="ANY" allowAnonymous="false">
    <r:andGroup>
      <r:functionality id="Any"/>
    </r:andGroup>
  </r:rest>
  <r:rest path="/api/DMApi/Utility(/.*)?" method="ANY" allowAnonymous="false">
    <r:andGroup>
      <r:functionality id="Any"/>
    </r:andGroup>
  </r:rest>
  <r:rest path="/api/DMApi/DFBuilder(/.*)?" method="ANY" allowAnonymous="false">
    <r:andGroup>
      <r:functionality id="Any"/>
    </r:andGroup>
  </r:rest>
  <r:rest path="/api/DMApi/User/(/.*)?" method="ANY" allowAnonymous="false">
    <r:andGroup>
      <r:functionality id="Any"/>
    </r:andGroup>
  </r:rest>
  <!--END Access for all user logged-->
  <!--START Access for all user admin-->
  <r:rest path="/api/DMApi/UserConfig/(/.*)?" method="ANY" allowAnonymous="false">
    <r:andGroup>
      <r:functionality id="Any"/>
    </r:andGroup>
  </r:rest>
  <!--END Access for all user admin-->
  
  <r:rest path="/api/DMApi/(TestXMLRole|TestXMLRole2)(/.*)?" method="GET" allowAnonymous="true">
    <r:and>
      <r:permission id="CanReadData"/>
      <r:permission id="CanWriteData"/>
      <r:functionality id="BuilderLightReadXml"/>
    </r:and>
  </r:rest>
  <r:rest path="/api/DMApi/(TestXMLRole3|TestXMLRole4)(/.*)?" method="GET" allowAnonymous="true" priority="5">
    <r:andGroup>
      <r:permission id="CanReadData"/>
      <r:permission id="CanWriteData"/>
      <r:functionality id="BuilderLightReadXml"/>
    </r:andGroup>
  </r:rest>
  
  
</r:rules>
