Id;Name;Description;ParentCode;Order;FullName;IsDefault
0040;Beni intermedi;;;;;
0050;Beni strumentali;;;;;
0060;Beni di consumo - durevoli;;;;;
0070;Beni di consumo - non durevoli;;;;;
0080;Beni di consumo;;;;;
0090;Energy;;;;;
0020;Totale industria escluse costruzioni (b-e);;;;;
0021;Totale industria escluse costruzioni (b-e) ed escluso il raggruppamento energia;;;;;
B;Estrazione di minerali da cave e miniere;;;;;
C;Attivit� manifatturiere;;;;;
CB;Industrie tessili, dell'abbigliamento, articoli in pelle e simili;;C;;;
CC;Industria dei prodotti in legno e carta, stampa;;C;;;
CE;Fabbricazione di prodotti chimici;;C;;;
CF;Fabbricazione di prodotti farmaceutici di base e di preparati farmaceutici;;C;;;
CH;Metallurgia  e fabbricazione di prodotti in metallo esclusi macchinari e attrezzature;;C;;;
CI;Fabbricazione di computer e prodotti di elettronica  e ottica| apparecchi elettromedicali, apparecchi di misurazione e di orologi;;C;;;
CJ;Fabbricazione di apparecchiature elettriche ed apparecchiature per uso domestico non elettriche;;C;;;
CK;Fabbricazione di macchinari ed apparecchiature nca;;C;;;
CL;Fabbricazione di mezzi di trasporto;;C;;;
D;Fornitura di energia elettrica, gas, vapore e aria condizionata;;;;;
F;Costruzioni;;;;;