<?xml version="1.0" encoding="utf-8"?>
<message:Structure xmlns:message="http://www.sdmx.org/resources/sdmxml/schemas/v2_1/message" xmlns:structure="http://www.sdmx.org/resources/sdmxml/schemas/v2_1/structure" xmlns:common="http://www.sdmx.org/resources/sdmxml/schemas/v2_1/common">
  <message:Header>
    <message:ID>IDREF27</message:ID>
    <message:Test>false</message:Test>
    <message:Prepared>2020-03-29T18:50:15.7794102+02:00</message:Prepared>
    <message:Sender id="Unknown" />
    <message:Receiver id="Unknown" />
  </message:Header>
  <message:Structures>
    <structure:Codelists>
      <structure:Codelist id="CL_UNIT" agencyID="IT1" version="1.0">
        <common:Name xml:lang="it">UnitÃ  di misura</common:Name>
        <common:Name xml:lang="en">Measure unit</common:Name>
        <structure:Code id="PPS">
          <common:Name xml:lang="it">standard di potere d'acquisto (SPA)</common:Name>
          <common:Name xml:lang="en">purchasing power standard (PPS)</common:Name>
        </structure:Code>
        <structure:Code id="T">
          <common:Name xml:lang="it">tonnellate</common:Name>
          <common:Name xml:lang="en">tonnes</common:Name>
        </structure:Code>
        <structure:Code id="TME">
          <common:Name xml:lang="it">tonnellate/milioni di euro</common:Name>
          <common:Name xml:lang="en">ton/million euro</common:Name>
        </structure:Code>
        <structure:Code id="TTFTE">
          <common:Name xml:lang="it">tonnellate/migliaia di ula</common:Name>
          <common:Name xml:lang="en">ton/thousand fte</common:Name>
        </structure:Code>
        <structure:Code id="TONKM">
          <common:Name xml:lang="it">tonnellate/Km</common:Name>
          <common:Name xml:lang="en">tonne/km</common:Name>
        </structure:Code>
        <structure:Code id="KME">
          <common:Name xml:lang="it">chilogrammi/milioni di euro</common:Name>
          <common:Name xml:lang="en">kg/million euro</common:Name>
        </structure:Code>
        <structure:Code id="KTFTE">
          <common:Name xml:lang="it">chilogrammi/migliaia di ula</common:Name>
          <common:Name xml:lang="en">kg/thousand fte</common:Name>
        </structure:Code>
        <structure:Code id="TPW">
          <common:Name xml:lang="it">tonnellate di peso del prodotto</common:Name>
          <common:Name xml:lang="en">Tonnes product weight</common:Name>
        </structure:Code>
        <structure:Code id="TLW">
          <common:Name xml:lang="it">tonnellate di peso vivo</common:Name>
          <common:Name xml:lang="en">Tonnes live weight</common:Name>
        </structure:Code>
        <structure:Code id="TOE">
          <common:Name xml:lang="it">tonnellate equivalenti di petrolio</common:Name>
          <common:Name xml:lang="en">Tonnes of oil equivalent (TOE)</common:Name>
        </structure:Code>
        <structure:Code id="GT">
          <common:Name xml:lang="it">stazza lorda</common:Name>
          <common:Name xml:lang="en">Gross tonnage (GT)</common:Name>
        </structure:Code>
        <structure:Code id="TKM">
          <common:Name xml:lang="it">tonnellate per chilometro</common:Name>
          <common:Name xml:lang="en">Tonnes per km (Tkm)</common:Name>
        </structure:Code>
        <structure:Code id="PKM">
          <common:Name xml:lang="it">passeggero/kilometro</common:Name>
          <common:Name xml:lang="en">Passenger/kilometres (transport of one passenger over one km)</common:Name>
        </structure:Code>
        <structure:Code id="M">
          <common:Name xml:lang="it">metri</common:Name>
          <common:Name xml:lang="en">metres</common:Name>
        </structure:Code>
        <structure:Code id="M2">
          <common:Name xml:lang="it">metri quadrati</common:Name>
          <common:Name xml:lang="en">square metres</common:Name>
        </structure:Code>
        <structure:Code id="M3">
          <common:Name xml:lang="it">metri cubi</common:Name>
          <common:Name xml:lang="en">cubic metres</common:Name>
        </structure:Code>
        <structure:Code id="KM">
          <common:Name xml:lang="it">chilometri</common:Name>
          <common:Name xml:lang="en">kilometre</common:Name>
        </structure:Code>
        <structure:Code id="KM2">
          <common:Name xml:lang="it">chilometri quadrati</common:Name>
          <common:Name xml:lang="en">square kilometre</common:Name>
        </structure:Code>
        <structure:Code id="HA">
          <common:Name xml:lang="it">ettari</common:Name>
          <common:Name xml:lang="en">hectares</common:Name>
        </structure:Code>
        <structure:Code id="GR">
          <common:Name xml:lang="it">grammi</common:Name>
          <common:Name xml:lang="en">grams</common:Name>
        </structure:Code>
        <structure:Code id="KG">
          <common:Name xml:lang="it">chilogrammi</common:Name>
          <common:Name xml:lang="en">kilograms</common:Name>
        </structure:Code>
        <structure:Code id="LT">
          <common:Name xml:lang="it">litri</common:Name>
          <common:Name xml:lang="en">litres</common:Name>
        </structure:Code>
        <structure:Code id="OZ">
          <common:Name xml:lang="it">once</common:Name>
          <common:Name xml:lang="en">ounce</common:Name>
        </structure:Code>
        <structure:Code id="KW">
          <common:Name xml:lang="it">kilowatt</common:Name>
          <common:Name xml:lang="en">kilowatt</common:Name>
        </structure:Code>
        <structure:Code id="MW">
          <common:Name xml:lang="it">megawatt</common:Name>
          <common:Name xml:lang="en">megawatt</common:Name>
        </structure:Code>
        <structure:Code id="GW">
          <common:Name xml:lang="it">gigawatt</common:Name>
          <common:Name xml:lang="en">gigawatt</common:Name>
        </structure:Code>
        <structure:Code id="KWH">
          <common:Name xml:lang="it">kilowatt/ora</common:Name>
          <common:Name xml:lang="en">kilowatt/hour</common:Name>
        </structure:Code>
        <structure:Code id="GWH">
          <common:Name xml:lang="it">gigawatt ora</common:Name>
          <common:Name xml:lang="en">gigawatt hour</common:Name>
        </structure:Code>
        <structure:Code id="TJ">
          <common:Name xml:lang="it">terajoule</common:Name>
          <common:Name xml:lang="en">terajoule</common:Name>
        </structure:Code>
        <structure:Code id="AWU">
          <common:Name xml:lang="it">unità di lavoro annuali (ULA)</common:Name>
          <common:Name xml:lang="en">Annual working unit</common:Name>
        </structure:Code>
        <structure:Code id="LSU">
          <common:Name xml:lang="it">unità di bovino adulto (UBA)</common:Name>
          <common:Name xml:lang="en">livestock unit</common:Name>
        </structure:Code>
        <structure:Code id="FTE">
          <common:Name xml:lang="it">equivalente a tempo pieno</common:Name>
          <common:Name xml:lang="en">Full time equivalent</common:Name>
        </structure:Code>
        <structure:Code id="Q">
          <common:Name xml:lang="it">quintali</common:Name>
          <common:Name xml:lang="en">quintals</common:Name>
        </structure:Code>
        <structure:Code id="QF">
          <common:Name xml:lang="it">quintali (unità foraggere per i gruppi erbosi, prati e pascoli)</common:Name>
          <common:Name xml:lang="en">quintals (fodder unit for the types of crop under the groups grass meadows, grasses and grazing)</common:Name>
        </structure:Code>
        <structure:Code id="DAYS">
          <common:Name xml:lang="it">giorni</common:Name>
          <common:Name xml:lang="en">days</common:Name>
        </structure:Code>
        <structure:Code id="HOURS">
          <common:Name xml:lang="it">ore</common:Name>
          <common:Name xml:lang="en">hours</common:Name>
        </structure:Code>
        <structure:Code id="KLITRE">
          <common:Name xml:lang="it">chilolitri</common:Name>
          <common:Name xml:lang="en">kilolitres</common:Name>
        </structure:Code>
        <structure:Code id="MAN-DY">
          <common:Name xml:lang="it">giorni uomo</common:Name>
          <common:Name xml:lang="en">man days</common:Name>
        </structure:Code>
        <structure:Code id="MAN-YR">
          <common:Name xml:lang="it">anni uomo</common:Name>
          <common:Name xml:lang="en">man years</common:Name>
        </structure:Code>
        <structure:Code id="MONTHS">
          <common:Name xml:lang="it">mesi</common:Name>
          <common:Name xml:lang="en">months</common:Name>
        </structure:Code>
        <structure:Code id="PERS">
          <common:Name xml:lang="it">persone</common:Name>
          <common:Name xml:lang="en">persons</common:Name>
        </structure:Code>
        <structure:Code id="POINTS">
          <common:Name xml:lang="it">punti</common:Name>
          <common:Name xml:lang="en">points</common:Name>
        </structure:Code>
        <structure:Code id="PURE_NUMB">
          <common:Name xml:lang="it">numero puro</common:Name>
          <common:Name xml:lang="en">dimensionless value</common:Name>
        </structure:Code>
        <structure:Code id="UNITS">
          <common:Name xml:lang="it">unità descritte nel titolo</common:Name>
          <common:Name xml:lang="en">unit described in title</common:Name>
        </structure:Code>
        <structure:Code id="EURO">
          <common:Name xml:lang="it">euro</common:Name>
          <common:Name xml:lang="en">euro</common:Name>
        </structure:Code>
        <structure:Code id="C_K">
          <common:Name xml:lang="it">numero dei carati (1 carato metrico = 2×10^-4Kg)</common:Name>
          <common:Name xml:lang="en">carats</common:Name>
        </structure:Code>
        <structure:Code id="GJ">
          <common:Name xml:lang="it">gigajoule (potere calorifico lordo)</common:Name>
          <common:Name xml:lang="en">gigajoule (gross calorific value)</common:Name>
        </structure:Code>
        <structure:Code id="EFFECT_TON">
          <common:Name xml:lang="it">tonnellata effettiva</common:Name>
          <common:Name xml:lang="en">effective ton</common:Name>
        </structure:Code>
        <structure:Code id="YEAR">
          <common:Name xml:lang="it">anni</common:Name>
          <common:Name xml:lang="en">year</common:Name>
        </structure:Code>
        <structure:Code id="IX">
          <common:Name xml:lang="en">Index</common:Name>
          <common:Name xml:lang="it">Indice</common:Name>
        </structure:Code>
      </structure:Codelist>
    </structure:Codelists>
  </message:Structures>
</message:Structure>