﻿ID;NAME
TN_11;‪تونس‬
TN_12;‪أريانة‬
TN_14;‪منوبة‬
TN_13;‪بن عروس‬
TN_21;‪نابل‬
TN_22;‪زغوان‬
TN_23;‪بنزرت‬
TN_31;‪باجة‬
TN_32;‪جندوبة‬
TN_33;‪الكاف‬
TN_34;‪سليانة‬
TN_41;‪القيروان‬
TN_42;‪القصرين‬
TN_43;‪سيدي بوزيد‬
TN_51;‪سوسة‬
TN_52;‪المنستير‬
TN_53;‪المهدية‬
TN_61;‪صفاقس‬
TN_71;‪قفصة‬
TN_72;‪توزر‬
TN_73;‪قبلي‬
TN_81;‪قابس‬
TN_82;‪مدنين‬
TN_83;‪تطاوين‬
