﻿<SettingRoot xmlns:xsi="http://www.w3.org/2001/XMLSchema-instance" xmlns:xsd="http://www.w3.org/2001/XMLSchema" Version="1.0">
    <CodeList>
        <SourceFile><![CDATA[C:\TRAINING_Excel2Csv_20220203\Codelist_ID+NAME_in_separate_columns\Culture - annual.xlsx]]></SourceFile>
        <DestinationFile><![CDATA[C:\TRAINING_Excel2Csv_20220203\Codelist_ID+NAME_in_separate_columns\CL_Gouvernorat[fr].csv]]></DestinationFile>
        <FirstColumn>B</FirstColumn>
        <FirstRow>19</FirstRow>
        <LastColumn>J</LastColumn>
        <LastRow>42</LastRow>
        <SheetNumber>0</SheetNumber>
        <OutputEncoding>Unicode (UTF-8)</OutputEncoding>
        <WriteHeader>True</WriteHeader>
        <FieldSeparator><![CDATA[;]]></FieldSeparator>
        <DimensionsAsCodeDescription>False</DimensionsAsCodeDescription>
        <Direction>1</Direction>
        <DimensionExpressionIndex>0</DimensionExpressionIndex>
        <DimensionExpressions />
        <Field>
            <Priority>1</Priority>
            <Type>Column</Type>
            <Label>B</Label>
            <Dimension>ID</Dimension>
            <Sample></Sample>
            <IsCodeList>False</IsCodeList>
            <IsTimeSeries>False</IsTimeSeries>
            <Hidden>False</Hidden>
        </Field>
        <Field>
            <Priority>2</Priority>
            <Type>Column</Type>
            <Label>C</Label>
            <Dimension></Dimension>
            <Sample></Sample>
            <IsCodeList>False</IsCodeList>
            <IsTimeSeries>False</IsTimeSeries>
            <Hidden>True</Hidden>
        </Field>
        <Field>
            <Priority>3</Priority>
            <Type>Column</Type>
            <Label>D</Label>
            <Dimension></Dimension>
            <Sample></Sample>
            <IsCodeList>False</IsCodeList>
            <IsTimeSeries>False</IsTimeSeries>
            <Hidden>True</Hidden>
        </Field>
        <Field>
            <Priority>4</Priority>
            <Type>Column</Type>
            <Label>E</Label>
            <Dimension></Dimension>
            <Sample></Sample>
            <IsCodeList>False</IsCodeList>
            <IsTimeSeries>False</IsTimeSeries>
            <Hidden>True</Hidden>
        </Field>
        <Field>
            <Priority>5</Priority>
            <Type>Column</Type>
            <Label>F</Label>
            <Dimension></Dimension>
            <Sample></Sample>
            <IsCodeList>False</IsCodeList>
            <IsTimeSeries>False</IsTimeSeries>
            <Hidden>True</Hidden>
        </Field>
        <Field>
            <Priority>6</Priority>
            <Type>Column</Type>
            <Label>G</Label>
            <Dimension></Dimension>
            <Sample></Sample>
            <IsCodeList>False</IsCodeList>
            <IsTimeSeries>False</IsTimeSeries>
            <Hidden>True</Hidden>
        </Field>
        <Field>
            <Priority>7</Priority>
            <Type>Column</Type>
            <Label>H</Label>
            <Dimension></Dimension>
            <Sample></Sample>
            <IsCodeList>False</IsCodeList>
            <IsTimeSeries>False</IsTimeSeries>
            <Hidden>True</Hidden>
        </Field>
        <Field>
            <Priority>8</Priority>
            <Type>Column</Type>
            <Label>I</Label>
            <Dimension></Dimension>
            <Sample></Sample>
            <IsCodeList>False</IsCodeList>
            <IsTimeSeries>False</IsTimeSeries>
            <Hidden>True</Hidden>
        </Field>
        <Field>
            <Priority>9</Priority>
            <Type>Column</Type>
            <Label>J</Label>
            <Dimension>NAME</Dimension>
            <Sample></Sample>
            <IsCodeList>False</IsCodeList>
            <IsTimeSeries>False</IsTimeSeries>
            <Hidden>False</Hidden>
        </Field>
        <Field>
            <Priority></Priority>
            <Type>Value</Type>
            <Label></Label>
            <Dimension></Dimension>
            <Sample></Sample>
            <IsCodeList>False</IsCodeList>
            <IsTimeSeries>False</IsTimeSeries>
            <Hidden>False</Hidden>
        </Field>
    </CodeList>
</SettingRoot>