﻿<?xml version="1.0" encoding="utf-8"?>
<message:StructureSpecificData xmlns:ss="http://www.sdmx.org/resources/sdmxml/schemas/v2_1/data/structurespecific" xmlns:footer="http://www.sdmx.org/resources/sdmxml/schemas/v2_1/message/footer" xmlns:ns1="urn:sdmx:org.sdmx.infomodel.datastructure.DataStructure=IT1:STS(1.0):ObsLevelDim:TIME_PERIOD" xmlns:message="http://www.sdmx.org/resources/sdmxml/schemas/v2_1/message" xmlns:common="http://www.sdmx.org/resources/sdmxml/schemas/v2_1/common" xmlns:xsi="http://www.w3.org/2001/XMLSchema-instance" xmlns:xml="http://www.w3.org/XML/1998/namespace">
	<message:Header>
		<message:ID>4e5acb0a1cd65c2f</message:ID>
		<message:Test>false</message:Test>
		<message:Prepared>2022-02-02T15:47:56</message:Prepared>
		<message:Sender id="IT1">
			<common:Name xml:lang="en">Istat</common:Name>
			<message:Contact>
				<common:Name xml:lang="en">Francesco</common:Name>
				<message:Department xml:lang="en">DCIT</message:Department>
				<message:Email>Rizzo</message:Email>
			</message:Contact>
		</message:Sender>
		<message:Receiver id="ESTAT">
			<common:Name xml:lang="en">Eurostat</common:Name>
			<message:Contact/>
		</message:Receiver>
		<message:Structure structureID="IT1_STS_1_0" namespace="urn:sdmx:org.sdmx.infomodel.datastructure.DataStructure=IT1:STS(1.0):ObsLevelDim:TIME_PERIOD" dimensionAtObservation="TIME_PERIOD">
			<common:Structure>
				<Ref agencyID="IT1" id="STS" version="1.0"/>
			</common:Structure>
		</message:Structure>
		<message:Extracted>2022-02-02T15:47:56</message:Extracted>
		<message:ReportingBegin>2022-02-02T15:47:56</message:ReportingBegin>
		<message:ReportingEnd>2022-02-02T15:47:56</message:ReportingEnd>
	</message:Header>
	<message:DataSet action="Information" ss:dataScope="DataStructure" xsi:type="ns1:DataSetType" ss:structureRef="IT1_STS_1_0">
		<Series FREQ="M" REF_AREA="IT" INDICATOR="IND_TURN" MARKET="E" ACTIVITY="0040" ADJUSTMENT="N">
			<Obs TIME_PERIOD="2018-03" OBS_VALUE="120,3"/>
			<Obs TIME_PERIOD="2018-04" OBS_VALUE="109,9"/>
			<Obs TIME_PERIOD="2018-05" OBS_VALUE="123,1"/>
			<Obs TIME_PERIOD="2018-06" OBS_VALUE="120,4"/>
			<Obs TIME_PERIOD="2018-07" OBS_VALUE="125,2"/>
			<Obs TIME_PERIOD="2018-08" OBS_VALUE="82,0" OBS_STATUS="P"/>
		</Series>
		<Series FREQ="M" REF_AREA="IT" INDICATOR="IND_TURN" MARKET="E" ACTIVITY="0040" ADJUSTMENT="W">
			<Obs TIME_PERIOD="2018-03" OBS_VALUE="120,5"/>
			<Obs TIME_PERIOD="2018-04" OBS_VALUE="114,1"/>
			<Obs TIME_PERIOD="2018-05" OBS_VALUE="121,1"/>
			<Obs TIME_PERIOD="2018-06" OBS_VALUE="119,7"/>
			<Obs TIME_PERIOD="2018-07" OBS_VALUE="126,4"/>
			<Obs TIME_PERIOD="2018-08" OBS_VALUE="80,7" OBS_STATUS="P"/>
		</Series>
		<Series FREQ="M" REF_AREA="IT" INDICATOR="IND_TURN" MARKET="E" ACTIVITY="0040" ADJUSTMENT="Y">
			<Obs TIME_PERIOD="2018-03" OBS_VALUE="109,7"/>
			<Obs TIME_PERIOD="2018-04" OBS_VALUE="112,2"/>
			<Obs TIME_PERIOD="2018-05" OBS_VALUE="111,7"/>
			<Obs TIME_PERIOD="2018-06" OBS_VALUE="112,1"/>
			<Obs TIME_PERIOD="2018-07" OBS_VALUE="112,5"/>
			<Obs TIME_PERIOD="2018-08" OBS_VALUE="113,6" OBS_STATUS="P"/>
		</Series>
		<Series FREQ="M" REF_AREA="IT" INDICATOR="IND_TURN" MARKET="E" ACTIVITY="0050" ADJUSTMENT="N">
			<Obs TIME_PERIOD="2018-03" OBS_VALUE="119,8"/>
			<Obs TIME_PERIOD="2018-04" OBS_VALUE="104,0"/>
			<Obs TIME_PERIOD="2018-05" OBS_VALUE="122,7"/>
			<Obs TIME_PERIOD="2018-06" OBS_VALUE="124,8"/>
			<Obs TIME_PERIOD="2018-07" OBS_VALUE="118,4"/>
			<Obs TIME_PERIOD="2018-08" OBS_VALUE="78,7" OBS_STATUS="P"/>
		</Series>
		<Series FREQ="M" REF_AREA="IT" INDICATOR="IND_TURN" MARKET="E" ACTIVITY="0050" ADJUSTMENT="W">
			<Obs TIME_PERIOD="2018-03" OBS_VALUE="120,2"/>
			<Obs TIME_PERIOD="2018-04" OBS_VALUE="108,1"/>
			<Obs TIME_PERIOD="2018-05" OBS_VALUE="120,9"/>
			<Obs TIME_PERIOD="2018-06" OBS_VALUE="124,3"/>
			<Obs TIME_PERIOD="2018-07" OBS_VALUE="119,7"/>
			<Obs TIME_PERIOD="2018-08" OBS_VALUE="77,6" OBS_STATUS="P"/>
		</Series>
		<Series FREQ="M" REF_AREA="IT" INDICATOR="IND_TURN" MARKET="E" ACTIVITY="0050" ADJUSTMENT="Y">
			<Obs TIME_PERIOD="2018-03" OBS_VALUE="108,0"/>
			<Obs TIME_PERIOD="2018-04" OBS_VALUE="111,6"/>
			<Obs TIME_PERIOD="2018-05" OBS_VALUE="113,8"/>
			<Obs TIME_PERIOD="2018-06" OBS_VALUE="111,1"/>
			<Obs TIME_PERIOD="2018-07" OBS_VALUE="109,9"/>
			<Obs TIME_PERIOD="2018-08" OBS_VALUE="117,3" OBS_STATUS="P"/>
		</Series>
		<Series FREQ="M" REF_AREA="IT" INDICATOR="IND_TURN" MARKET="E" ACTIVITY="0080" ADJUSTMENT="N">
			<Obs TIME_PERIOD="2018-03" OBS_VALUE="115,4"/>
			<Obs TIME_PERIOD="2018-04" OBS_VALUE="99,3"/>
			<Obs TIME_PERIOD="2018-05" OBS_VALUE="117,2"/>
			<Obs TIME_PERIOD="2018-06" OBS_VALUE="119,4"/>
			<Obs TIME_PERIOD="2018-07" OBS_VALUE="129,7"/>
			<Obs TIME_PERIOD="2018-08" OBS_VALUE="88,6" OBS_STATUS="P"/>
		</Series>
	</message:DataSet>
</message:StructureSpecificData>
