﻿FREQ;REF_AREA;INDICATOR;ACTIVITY;ADJUSTMENT;MARKET;TIME_PERIOD;OBS_STATUS;CONF_STATUS;OBS_VALUE
M;IT;IND_TURN;0040;N;E;2018-03;;;120,3
M;IT;IND_TURN;0040;N;E;2018-04;;;109,9
M;IT;IND_TURN;0040;N;E;2018-05;;;123,1
M;IT;IND_TURN;0040;N;E;2018-06;;;120,4
M;IT;IND_TURN;0040;N;E;2018-07;;;125,2
M;IT;IND_TURN;0040;N;E;2018-08;P;F;82,0
M;IT;IND_TURN;0040;W;E;2018-03;;;120,5
M;IT;IND_TURN;0040;W;E;2018-04;;;114,1
M;IT;IND_TURN;0040;W;E;2018-05;;;121,1
M;IT;IND_TURN;0040;W;E;2018-06;;;119,7
M;IT;IND_TURN;0040;W;E;2018-07;;;126,4
M;IT;IND_TURN;0040;W;E;2018-08;P;F;80,7
M;IT;IND_TURN;0040;Y;E;2018-03;;;109,7
M;IT;IND_TURN;0040;Y;E;2018-04;;;112,2
M;IT;IND_TURN;0040;Y;E;2018-05;;;111,7
M;IT;IND_TURN;0040;Y;E;2018-06;;;112,1
M;IT;IND_TURN;0040;Y;E;2018-07;;;112,5
M;IT;IND_TURN;0040;Y;E;2018-08;P;F;113,6
M;IT;IND_TURN;0050;N;E;2018-03;;;119,8
M;IT;IND_TURN;0050;N;E;2018-04;;;104,0
M;IT;IND_TURN;0050;N;E;2018-05;;;122,7
M;IT;IND_TURN;0050;N;E;2018-06;;;124,8
M;IT;IND_TURN;0050;N;E;2018-07;;;118,4
M;IT;IND_TURN;0050;N;E;2018-08;P;F;78,7
M;IT;IND_TURN;0050;W;E;2018-03;;;120,2
M;IT;IND_TURN;0050;W;E;2018-04;;;108,1
M;IT;IND_TURN;0050;W;E;2018-05;;;120,9
M;IT;IND_TURN;0050;W;E;2018-06;;;124,3
M;IT;IND_TURN;0050;W;E;2018-07;;;119,7
M;IT;IND_TURN;0050;W;E;2018-08;P;F;77,6
M;IT;IND_TURN;0050;Y;E;2018-03;;;108,0
M;IT;IND_TURN;0050;Y;E;2018-04;;;111,6
M;IT;IND_TURN;0050;Y;E;2018-05;;;113,8
M;IT;IND_TURN;0050;Y;E;2018-06;;;111,1
M;IT;IND_TURN;0050;Y;E;2018-07;;;109,9
M;IT;IND_TURN;0050;Y;E;2018-08;P;F;117,3
M;IT;IND_TURN;0080;N;E;2018-03;;;115,4
M;IT;IND_TURN;0080;N;E;2018-04;;;99,3
M;IT;IND_TURN;0080;N;E;2018-05;;;117,2
M;IT;IND_TURN;0080;N;E;2018-06;;;119,4
M;IT;IND_TURN;0080;N;E;2018-07;;;129,7
M;IT;IND_TURN;0080;N;E;2018-08;P;F;88,6
M;IT;IND_TURN;0080;W;E;2018-03;;;115,7
M;IT;IND_TURN;0080;W;E;2018-04;;;103,2
M;IT;IND_TURN;0080;W;E;2018-05;;;115,4
M;IT;IND_TURN;0080;W;E;2018-06;;;118,7
M;IT;IND_TURN;0080;W;E;2018-07;;;131,0
M;IT;IND_TURN;0080;W;E;2018-08;P;F;87,1
M;IT;IND_TURN;0080;Y;E;2018-03;;;110,6
M;IT;IND_TURN;0080;Y;E;2018-04;;;110,7
M;IT;IND_TURN;0080;Y;E;2018-05;;;111,5
M;IT;IND_TURN;0080;Y;E;2018-06;;;111,8
M;IT;IND_TURN;0080;Y;E;2018-07;;;110,7
M;IT;IND_TURN;0080;Y;E;2018-08;P;F;111,8
M;IT;IND_TURN;0090;N;E;2018-03;;;97,5
M;IT;IND_TURN;0090;N;E;2018-04;;;113,7
M;IT;IND_TURN;0090;N;E;2018-05;;;126,5
M;IT;IND_TURN;0090;N;E;2018-06;;;125,3
M;IT;IND_TURN;0090;N;E;2018-07;;;122,0
M;IT;IND_TURN;0090;N;E;2018-08;P;F;128,8
M;IT;IND_TURN;0090;W;E;2018-03;;;97,6
M;IT;IND_TURN;0090;W;E;2018-04;;;115,4
M;IT;IND_TURN;0090;W;E;2018-05;;;125,7
M;IT;IND_TURN;0090;W;E;2018-06;;;125,0
M;IT;IND_TURN;0090;W;E;2018-07;;;122,5
M;IT;IND_TURN;0090;W;E;2018-08;P;F;128,0
M;IT;IND_TURN;0090;Y;E;2018-03;;;97,2
M;IT;IND_TURN;0090;Y;E;2018-04;;;120,0
M;IT;IND_TURN;0090;Y;E;2018-05;;;124,6
M;IT;IND_TURN;0090;Y;E;2018-06;;;118,1
M;IT;IND_TURN;0090;Y;E;2018-07;;;117,4
M;IT;IND_TURN;0090;Y;E;2018-08;P;F;122,6
M;IT;IND_TURN;B;N;E;2018-03;;;47,1
M;IT;IND_TURN;B;N;E;2018-04;;;36,6
M;IT;IND_TURN;B;N;E;2018-05;;;40,3
M;IT;IND_TURN;B;N;E;2018-06;;;100,1
M;IT;IND_TURN;B;N;E;2018-07;;;55,3
M;IT;IND_TURN;B;N;E;2018-08;P;F;67,7
M;IT;IND_TURN;C;N;E;2018-03;;C;118,3
M;IT;IND_TURN;C;N;E;2018-04;;C;104,9
M;IT;IND_TURN;C;N;E;2018-05;;C;121,5
M;IT;IND_TURN;C;N;E;2018-06;;C;121,8
M;IT;IND_TURN;C;N;E;2018-07;;C;124,2
M;IT;IND_TURN;C;N;E;2018-08;P;C;84,0
