﻿<SettingRoot xmlns:xsi="http://www.w3.org/2001/XMLSchema-instance" xmlns:xsd="http://www.w3.org/2001/XMLSchema" Version="1.0">
    <Settings>
        <SourceFile><![CDATA[C:\TRAINING_Excel2Csv_20220203\Time-in_columns_with_attributes\Industrial turnover index (base 2015=100) - monthly data.xlsx]]></SourceFile>
        <DestinationFile><![CDATA[C:\TRAINING_Excel2Csv_20220203\Time-in_columns_with_attributes\IND_TURN_E_SHEET1.csv]]></DestinationFile>
        <DataStartColumn>C</DataStartColumn>
        <DataStartRow>6</DataStartRow>
        <FirstColumn>A</FirstColumn>
        <FirstRow>1</FirstRow>
        <HeaderHeight>5</HeaderHeight>
        <SideWidth>2</SideWidth>
        <LastColumn>T</LastColumn>
        <LastRow>19</LastRow>
        <SheetNumber>0</SheetNumber>
        <OutputEncoding>Unicode (UTF-8)</OutputEncoding>
        <WriteHeader>True</WriteHeader>
        <AllowNonNumericValues>False</AllowNonNumericValues>
        <MaxDecimals>1</MaxDecimals>
        <DecimalSeparator><![CDATA[]]></DecimalSeparator>
        <FieldSeparator><![CDATA[;]]></FieldSeparator>
        <DimensionsAsCodeDescription>True</DimensionsAsCodeDescription>
        <DimensionExpressionIndex>0</DimensionExpressionIndex>
        <DimensionExpressions />
        <Field>
            <Priority>3</Priority>
            <Type>Row</Type>
            <Label>1</Label>
            <Dimension>FREQ</Dimension>
            <Value></Value>
            <Sample>[M] Monthly</Sample>
            <IsTimeSeries>False</IsTimeSeries>
            <Hidden>False</Hidden>
            <Attribute>0</Attribute>
        </Field>
        <Field>
            <Priority>4</Priority>
            <Type>Row</Type>
            <Label>2</Label>
            <Dimension>REF_AREA</Dimension>
            <Value></Value>
            <Sample>[IT] Italy</Sample>
            <IsTimeSeries>False</IsTimeSeries>
            <Hidden>False</Hidden>
            <Attribute>0</Attribute>
        </Field>
        <Field>
            <Priority>5</Priority>
            <Type>Row</Type>
            <Label>3</Label>
            <Dimension>INDICATOR</Dimension>
            <Value></Value>
            <Sample>[IND_TURN] Industrial turnover index (base 2015=100)</Sample>
            <IsTimeSeries>False</IsTimeSeries>
            <Hidden>False</Hidden>
            <Attribute>0</Attribute>
        </Field>
        <Field>
            <Priority>1</Priority>
            <Type>Column</Type>
            <Label>A</Label>
            <Dimension>ACTIVITY</Dimension>
            <Value></Value>
            <Sample>[0040] Intermediate goods</Sample>
            <IsTimeSeries>False</IsTimeSeries>
            <Hidden>False</Hidden>
            <Attribute>0</Attribute>
        </Field>
        <Field>
            <Priority>2</Priority>
            <Type>Column</Type>
            <Label>B</Label>
            <Dimension>ADJUSTMENT</Dimension>
            <Value></Value>
            <Sample>[N] Neither seasonally or working day adjusted</Sample>
            <IsTimeSeries>False</IsTimeSeries>
            <Hidden>False</Hidden>
            <Attribute>0</Attribute>
        </Field>
        <Field>
            <Priority>6</Priority>
            <Type>Row</Type>
            <Label>4</Label>
            <Dimension>MARKET</Dimension>
            <Value></Value>
            <Sample>[E] Non-domestic</Sample>
            <IsTimeSeries>False</IsTimeSeries>
            <Hidden>False</Hidden>
            <Attribute>0</Attribute>
        </Field>
        <Field>
            <Priority>7</Priority>
            <Type>Row</Type>
            <Label>5</Label>
            <Dimension>TIME_PERIOD</Dimension>
            <Value></Value>
            <Sample>2018-03</Sample>
            <IsTimeSeries>False</IsTimeSeries>
            <Hidden>False</Hidden>
            <Attribute>0</Attribute>
        </Field>
        <Field>
            <Priority></Priority>
            <Type>Attribute</Type>
            <Label></Label>
            <Dimension>OBS_STATUS</Dimension>
            <Value></Value>
            <Sample></Sample>
            <IsTimeSeries>False</IsTimeSeries>
            <Hidden>False</Hidden>
            <Attribute>1</Attribute>
        </Field>
        <Field>
            <Priority></Priority>
            <Type>Attribute</Type>
            <Label></Label>
            <Dimension>CONF_STATUS</Dimension>
            <Value></Value>
            <Sample></Sample>
            <IsTimeSeries>False</IsTimeSeries>
            <Hidden>False</Hidden>
            <Attribute>2</Attribute>
        </Field>
        <Field>
            <Priority>8</Priority>
            <Type>Value</Type>
            <Label></Label>
            <Dimension>OBS_VALUE</Dimension>
            <Value></Value>
            <Sample></Sample>
            <IsTimeSeries>False</IsTimeSeries>
            <Hidden>False</Hidden>
            <Attribute>0</Attribute>
        </Field>
    </Settings>
</SettingRoot>