{
    "user": {
    "typeOptions": [
      {
        "id": "citizen",
        "label": {
          "it": "Cittadino",
          "en": "Citizen"
        }
      },
      {
        "id": "authority",
        "label": {
          "it": "Ente",
          "en": "Public Authority"
        }
      }
    ]
  },
    "mapConfig": {
      "geometryBorderColor": "rgba(128, 128, 128, 0.5)",
      "defaultExtent": null
    },
    "mapDefaultSettings": {
      "baseLayer": null,
      "classificationMethod": "quantile",
      "paletteStartColor": "#EFF3FF",
      "paletteEndColor": "#2171B5",
      "paletteCardinality": 7,
      "opacity": 0.75,
      "isLegendCollapsed": false
    },
    "chartConfig": {
      "defaultChartColor": [
        "rgba(30, 136, 229, 0.5)",
        "rgba(194, 24, 91, 0.5)",
        "rgba(253, 216, 53, 0.5)",
        "rgba(14, 157, 89, 0.5)",
        "rgba(240, 98, 146, 0.5)",
        "rgba(255, 112, 67, 0.5)",
        "rgba(139, 195, 74, 0.5)",
        "rgba(0, 188, 212, 0.5)",
        "rgba(234, 63, 77, 0.5)",
        "rgba(170, 71, 188, 0.5)",
        "rgba(38, 166, 154, 0.5)",
        "rgba(255, 152, 0, 0.5)"
      ]
    },
    "chartDefaultSettings": {
      "stacked": false,
      "legendPosition": "top",
      "showAxesLabel": true,
      "dataLabelType": "none"
    },
    "exportSettings": {
      "logoURL": null,
      "DefaultMapSheetOrientation": "vertical",
      "DefaultGraphSheetOrientation": "vertical"
    },
    "pwaManifestPath": "./config/pwa/manifest.json"
  }