﻿<SettingRoot xmlns:xsi="http://www.w3.org/2001/XMLSchema-instance" xmlns:xsd="http://www.w3.org/2001/XMLSchema" Version="1.0">
    <Settings>
        <SourceFile><![CDATA[C:\TRAINING_Excel2Csv_20220203\Population\Resident population on 1st January.xlsx]]></SourceFile>
        <DestinationFile><![CDATA[C:\TRAINING_Excel2Csv_20220203\Population\Resident population on 1st January.csv]]></DestinationFile>
        <DataStartColumn>C</DataStartColumn>
        <DataStartRow>9</DataStartRow>
        <FirstColumn>A</FirstColumn>
        <FirstRow>2</FirstRow>
        <HeaderHeight>6</HeaderHeight>
        <SideWidth>2</SideWidth>
        <LastColumn>Q</LastColumn>
        <LastRow>26</LastRow>
        <SheetNumber>0</SheetNumber>
        <OutputEncoding>Unicode (UTF-8)</OutputEncoding>
        <WriteHeader>True</WriteHeader>
        <AllowNonNumericValues>False</AllowNonNumericValues>
        <MaxDecimals>0</MaxDecimals>
        <DecimalSeparator><![CDATA[]]></DecimalSeparator>
        <FieldSeparator><![CDATA[;]]></FieldSeparator>
        <DimensionsAsCodeDescription>True</DimensionsAsCodeDescription>
        <DimensionExpressionIndex>0</DimensionExpressionIndex>
        <DimensionExpressions />
        <Field>
            <Priority>3</Priority>
            <Type>Row</Type>
            <Label>2</Label>
            <Dimension>FREQ</Dimension>
            <Value></Value>
            <Sample>[A] Annual</Sample>
            <IsTimeSeries>False</IsTimeSeries>
            <Hidden>False</Hidden>
            <Attribute>0</Attribute>
        </Field>
        <Field>
            <Priority>1</Priority>
            <Type>Column</Type>
            <Label>A</Label>
            <Dimension>REF_AREA</Dimension>
            <Value></Value>
            <Sample>[ITF1] Abruzzo</Sample>
            <IsTimeSeries>False</IsTimeSeries>
            <Hidden>False</Hidden>
            <Attribute>0</Attribute>
        </Field>
        <Field>
            <Priority>4</Priority>
            <Type>Row</Type>
            <Label>3</Label>
            <Dimension>INDICATOR</Dimension>
            <Value></Value>
            <Sample>[POP] Resident population</Sample>
            <IsTimeSeries>False</IsTimeSeries>
            <Hidden>False</Hidden>
            <Attribute>0</Attribute>
        </Field>
        <Field>
            <Priority>5</Priority>
            <Type>Row</Type>
            <Label>4</Label>
            <Dimension>AGE</Dimension>
            <Value></Value>
            <Sample>[TOTAL] Total</Sample>
            <IsTimeSeries>False</IsTimeSeries>
            <Hidden>False</Hidden>
            <Attribute>0</Attribute>
        </Field>
        <Field>
            <Priority>7</Priority>
            <Type>Row</Type>
            <Label>6</Label>
            <Dimension>CIVIL_STATUS</Dimension>
            <Value></Value>
            <Sample>[99] Total</Sample>
            <IsTimeSeries>False</IsTimeSeries>
            <Hidden>False</Hidden>
            <Attribute>0</Attribute>
        </Field>
        <Field>
            <Priority>8</Priority>
            <Type>Row</Type>
            <Label>7</Label>
            <Dimension>SEX</Dimension>
            <Value></Value>
            <Sample>[T] Total</Sample>
            <IsTimeSeries>False</IsTimeSeries>
            <Hidden>False</Hidden>
            <Attribute>0</Attribute>
        </Field>
        <Field>
            <Priority>6</Priority>
            <Type>Row</Type>
            <Label>5</Label>
            <Dimension>UNIT_MEASURE</Dimension>
            <Value></Value>
            <Sample>[NUM_PERS] Number of persons</Sample>
            <IsTimeSeries>False</IsTimeSeries>
            <Hidden>False</Hidden>
            <Attribute>0</Attribute>
        </Field>
        <Field>
            <Priority>2</Priority>
            <Type>Column</Type>
            <Label>B</Label>
            <Dimension>TIME_PERIOD</Dimension>
            <Value></Value>
            <Sample>2012</Sample>
            <IsTimeSeries>False</IsTimeSeries>
            <Hidden>False</Hidden>
            <Attribute>0</Attribute>
        </Field>
        <Field>
            <Priority>9</Priority>
            <Type>Value</Type>
            <Label></Label>
            <Dimension>OBS_VALUE</Dimension>
            <Value></Value>
            <Sample></Sample>
            <IsTimeSeries>False</IsTimeSeries>
            <Hidden>False</Hidden>
            <Attribute>0</Attribute>
        </Field>
    </Settings>
</SettingRoot>