﻿FREQ;REF_AREA;INDICATOR;AGE;CIVIL_STATUS;SEX;UNIT_MEASURE;TIME_PERIOD;OBS_VALUE
A;ITF1;POP;TOTAL;99;T;NUM_PERS;2012;519491
A;ITF1;POP;TOTAL;99;M;NUM_PERS;2012;105299
A;ITF1;POP;TOTAL;99;F;NUM_PERS;2012;16239
A;ITF1;POP;TOTAL;1;T;NUM_PERS;2012;329273
A;ITF1;POP;TOTAL;1;M;NUM_PERS;2012;633941
A;ITF1;POP;TOTAL;1;F;NUM_PERS;2012;672475
A;ITF1;POP;TOTAL;2;T;NUM_PERS;2012;12045
A;ITF1;POP;TOTAL;2;M;NUM_PERS;2012;21121
A;ITF1;POP;TOTAL;2;F;NUM_PERS;2012;239130
A;ITF1;POP;TOTAL;3;T;NUM_PERS;2012;661513
A;ITF1;POP;TOTAL;3;M;NUM_PERS;2012;89060
A;ITF1;POP;TOTAL;3;F;NUM_PERS;2012;16292
A;ITF1;POP;TOTAL;4;T;NUM_PERS;2012;20113
A;ITF1;POP;TOTAL;4;M;NUM_PERS;2012;8068
A;ITF1;POP;TOTAL;4;F;NUM_PERS;2012;2329369
A;ITF1;POP;TOTAL;99;T;NUM_PERS;2013;523578
A;ITF1;POP;TOTAL;99;M;NUM_PERS;2013;105280
A;ITF1;POP;TOTAL;99;F;NUM_PERS;2013;1312507
A;ITF1;POP;TOTAL;1;T;NUM_PERS;2013;329879
A;ITF1;POP;TOTAL;1;M;NUM_PERS;2013;637389
A;ITF1;POP;TOTAL;1;F;NUM_PERS;2013;675118
A;ITF1;POP;TOTAL;2;T;NUM_PERS;2013;12582
A;ITF1;POP;TOTAL;2;M;NUM_PERS;2013;282679
A;ITF1;POP;TOTAL;2;F;NUM_PERS;2013;240899
A;ITF1;POP;TOTAL;3;T;NUM_PERS;2013;662528
A;ITF1;POP;TOTAL;3;M;NUM_PERS;2013;88988
A;ITF1;POP;TOTAL;3;F;NUM_PERS;2013;332649
A;ITF1;POP;TOTAL;4;T;NUM_PERS;2013;337145
A;ITF1;POP;TOTAL;4;M;NUM_PERS;2013;8539
A;ITF1;POP;TOTAL;4;F;NUM_PERS;2013;1306416
A;ITF1;POP;TOTAL;99;T;NUM_PERS;2014;533875
A;ITF1;POP;TOTAL;99;M;NUM_PERS;2014;105766
A;ITF1;POP;TOTAL;99;F;NUM_PERS;2014;16294
A;ITF1;POP;TOTAL;1;T;NUM_PERS;2014;334863
A;ITF1;POP;TOTAL;1;M;NUM_PERS;2014;648710
A;ITF1;POP;TOTAL;1;F;NUM_PERS;2014;685229
A;ITF1;POP;TOTAL;2;T;NUM_PERS;2014;13274
A;ITF1;POP;TOTAL;2;M;NUM_PERS;2014;22804
A;ITF1;POP;TOTAL;2;F;NUM_PERS;2014;245338
A;ITF1;POP;TOTAL;3;T;NUM_PERS;2014;672008
A;ITF1;POP;TOTAL;3;M;NUM_PERS;2014;89472
A;ITF1;POP;TOTAL;3;F;NUM_PERS;2014;16273
A;ITF1;POP;TOTAL;4;T;NUM_PERS;2014;22290
A;ITF1;POP;TOTAL;4;M;NUM_PERS;2014;9016
A;ITF1;POP;TOTAL;4;F;NUM_PERS;2014;288537
A;ITF2;POP;TOTAL;99;T;NUM_PERS;2012;152547
A;ITF2;POP;TOTAL;99;M;NUM_PERS;2012;26645
A;ITF2;POP;TOTAL;99;F;NUM_PERS;2012;4533
A;ITF2;POP;TOTAL;1;T;NUM_PERS;2012;57433
A;ITF2;POP;TOTAL;1;M;NUM_PERS;2012;22112
A;ITF2;POP;TOTAL;1;F;NUM_PERS;2012;160598
A;ITF2;POP;TOTAL;2;T;NUM_PERS;2012;124939
A;ITF2;POP;TOTAL;2;M;NUM_PERS;2012;67506
A;ITF2;POP;TOTAL;2;F;NUM_PERS;2012;280361
A;ITF2;POP;TOTAL;3;T;NUM_PERS;2012;158243
A;ITF2;POP;TOTAL;3;M;NUM_PERS;2012;79145
A;ITF2;POP;TOTAL;3;F;NUM_PERS;2012;79098
A;ITF2;POP;TOTAL;4;T;NUM_PERS;2012;57350
A;ITF2;POP;TOTAL;4;M;NUM_PERS;2012;22035
A;ITF2;POP;TOTAL;4;F;NUM_PERS;2012;1955
A;ITF2;POP;TOTAL;99;T;NUM_PERS;2013;152865
A;ITF2;POP;TOTAL;99;M;NUM_PERS;2013;26557
A;ITF2;POP;TOTAL;99;F;NUM_PERS;2013;4522
A;ITF2;POP;TOTAL;1;T;NUM_PERS;2013;1579
A;ITF2;POP;TOTAL;1;M;NUM_PERS;2013;313341
A;ITF2;POP;TOTAL;1;F;NUM_PERS;2013;160476
A;ITF2;POP;TOTAL;2;T;NUM_PERS;2013;125001
A;ITF2;POP;TOTAL;2;M;NUM_PERS;2013;67651
A;ITF2;POP;TOTAL;2;F;NUM_PERS;2013;313145
A;ITF2;POP;TOTAL;3;T;NUM_PERS;2013;158208
A;ITF2;POP;TOTAL;3;M;NUM_PERS;2013;79194
A;ITF2;POP;TOTAL;3;F;NUM_PERS;2013;79014
A;ITF2;POP;TOTAL;4;T;NUM_PERS;2013;3575
A;ITF2;POP;TOTAL;4;M;NUM_PERS;2013;1498
A;ITF2;POP;TOTAL;4;F;NUM_PERS;2013;2077
A;ITF2;POP;TOTAL;99;T;NUM_PERS;2014;153763
A;ITF2;POP;TOTAL;99;M;NUM_PERS;2014;26504
A;ITF2;POP;TOTAL;99;F;NUM_PERS;2014;4480
A;ITF2;POP;TOTAL;1;T;NUM_PERS;2014;57392
A;ITF2;POP;TOTAL;1;M;NUM_PERS;2014;22024
A;ITF2;POP;TOTAL;1;F;NUM_PERS;2014;160962
A;ITF2;POP;TOTAL;2;T;NUM_PERS;2014;125354
A;ITF2;POP;TOTAL;2;M;NUM_PERS;2014;67962
A;ITF2;POP;TOTAL;2;F;NUM_PERS;2014;3746
A;ITF2;POP;TOTAL;3;T;NUM_PERS;2014;159121
A;ITF2;POP;TOTAL;3;M;NUM_PERS;2014;79742
A;ITF2;POP;TOTAL;3;F;NUM_PERS;2014;79379
A;ITF2;POP;TOTAL;4;T;NUM_PERS;2014;57091
A;ITF2;POP;TOTAL;4;M;NUM_PERS;2014;22018
A;ITF2;POP;TOTAL;4;F;NUM_PERS;2014;2167
A;ITF3;POP;TOTAL;99;T;NUM_PERS;2012;57980
A;ITF3;POP;TOTAL;99;M;NUM_PERS;2012;1434687
A;ITF3;POP;TOTAL;99;F;NUM_PERS;2012;3318
A;ITF3;POP;TOTAL;1;T;NUM_PERS;2012;66078
A;ITF3;POP;TOTAL;1;M;NUM_PERS;2012;2794720
A;ITF3;POP;TOTAL;1;F;NUM_PERS;2012;2969704
A;ITF3;POP;TOTAL;2;T;NUM_PERS;2012;1401806
A;ITF3;POP;TOTAL;2;M;NUM_PERS;2012;1306547
A;ITF3;POP;TOTAL;2;F;NUM_PERS;2012;1185305
A;ITF3;POP;TOTAL;3;T;NUM_PERS;2012;2836849
A;ITF3;POP;TOTAL;3;M;NUM_PERS;2012;1402433
A;ITF3;POP;TOTAL;3;F;NUM_PERS;2012;1434416
A;ITF3;POP;TOTAL;4;T;NUM_PERS;2012;311665
A;ITF3;POP;TOTAL;4;M;NUM_PERS;2012;19662
A;ITF3;POP;TOTAL;4;F;NUM_PERS;2012;38318
A;ITF3;POP;TOTAL;99;T;NUM_PERS;2013;60164
A;ITF3;POP;TOTAL;99;M;NUM_PERS;2013;379643
A;ITF3;POP;TOTAL;99;F;NUM_PERS;2013;5764424
A;ITF3;POP;TOTAL;1;T;NUM_PERS;2013;66525
A;ITF3;POP;TOTAL;1;M;NUM_PERS;2013;2796949
A;ITF3;POP;TOTAL;1;F;NUM_PERS;2013;2972801
A;ITF3;POP;TOTAL;2;T;NUM_PERS;2013;2493450
A;ITF3;POP;TOTAL;2;M;NUM_PERS;2013;1308206
A;ITF3;POP;TOTAL;2;F;NUM_PERS;2013;1185244
A;ITF3;POP;TOTAL;3;T;NUM_PERS;2013;2836493
A;ITF3;POP;TOTAL;3;M;NUM_PERS;2013;385580
A;ITF3;POP;TOTAL;3;F;NUM_PERS;2013;5769750
A;ITF3;POP;TOTAL;4;T;NUM_PERS;2013;313118
A;ITF3;POP;TOTAL;4;M;NUM_PERS;2013;20412
A;ITF3;POP;TOTAL;4;F;NUM_PERS;2013;39752
A;ITF3;POP;TOTAL;99;T;NUM_PERS;2014;63216
A;ITF3;POP;TOTAL;99;M;NUM_PERS;2014;1455162
A;ITF3;POP;TOTAL;99;F;NUM_PERS;2014;2527666
A;ITF3;POP;TOTAL;1;T;NUM_PERS;2014;67579
A;ITF3;POP;TOTAL;1;M;NUM_PERS;2014;2850178
A;ITF3;POP;TOTAL;1;F;NUM_PERS;2014;3019787
A;ITF3;POP;TOTAL;2;T;NUM_PERS;2014;1427018
A;ITF3;POP;TOTAL;2;M;NUM_PERS;2014;1328264
A;ITF3;POP;TOTAL;2;F;NUM_PERS;2014;1199402
A;ITF3;POP;TOTAL;3;T;NUM_PERS;2014;2893503
A;ITF3;POP;TOTAL;3;M;NUM_PERS;2014;1432713
A;ITF3;POP;TOTAL;3;F;NUM_PERS;2014;1460790
A;ITF3;POP;TOTAL;4;T;NUM_PERS;2014;318001
A;ITF3;POP;TOTAL;4;M;NUM_PERS;2014;21622
A;ITF3;POP;TOTAL;4;F;NUM_PERS;2014;41594
A;ITF4;POP;TOTAL;99;T;NUM_PERS;2012;1670876
A;ITF4;POP;TOTAL;99;M;NUM_PERS;2012;269894
A;ITF4;POP;TOTAL;99;F;NUM_PERS;2012;46946
A;ITF4;POP;TOTAL;1;T;NUM_PERS;2012;1026388
A;ITF4;POP;TOTAL;1;M;NUM_PERS;2012;1962375
A;ITF4;POP;TOTAL;1;F;NUM_PERS;2012;2087697
A;ITF4;POP;TOTAL;2;T;NUM_PERS;2012;26756
A;ITF4;POP;TOTAL;2;M;NUM_PERS;2012;44932
A;ITF4;POP;TOTAL;2;F;NUM_PERS;2012;798212
A;ITF4;POP;TOTAL;3;T;NUM_PERS;2012;2066169
A;ITF4;POP;TOTAL;3;M;NUM_PERS;2012;222948
A;ITF4;POP;TOTAL;3;F;NUM_PERS;2012;47176
A;ITF4;POP;TOTAL;4;T;NUM_PERS;2012;43133
A;ITF4;POP;TOTAL;4;M;NUM_PERS;2012;16377
A;ITF4;POP;TOTAL;4;F;NUM_PERS;2012;2491852
A;ITF4;POP;TOTAL;99;T;NUM_PERS;2013;1674959
A;ITF4;POP;TOTAL;99;M;NUM_PERS;2013;270245
A;ITF4;POP;TOTAL;99;F;NUM_PERS;2013;4050803
A;ITF4;POP;TOTAL;1;T;NUM_PERS;2013;1023830
A;ITF4;POP;TOTAL;1;M;NUM_PERS;2013;1963041
A;ITF4;POP;TOTAL;1;F;NUM_PERS;2013;2087762
A;ITF4;POP;TOTAL;2;T;NUM_PERS;2013;27805
A;ITF4;POP;TOTAL;2;M;NUM_PERS;2013;874908
A;ITF4;POP;TOTAL;2;F;NUM_PERS;2013;800051
A;ITF4;POP;TOTAL;3;T;NUM_PERS;2013;2060667
A;ITF4;POP;TOTAL;3;M;NUM_PERS;2013;223069
A;ITF4;POP;TOTAL;3;F;NUM_PERS;2013;1036837
A;ITF4;POP;TOTAL;4;T;NUM_PERS;2013;1045516
A;ITF4;POP;TOTAL;4;M;NUM_PERS;2013;17127
A;ITF4;POP;TOTAL;4;F;NUM_PERS;2013;4050072
A;ITF4;POP;TOTAL;99;T;NUM_PERS;2014;1691192
A;ITF4;POP;TOTAL;99;M;NUM_PERS;2014;273101
A;ITF4;POP;TOTAL;99;F;NUM_PERS;2014;47772
A;ITF4;POP;TOTAL;1;T;NUM_PERS;2014;1033386
A;ITF4;POP;TOTAL;1;M;NUM_PERS;2014;1983757
A;ITF4;POP;TOTAL;1;F;NUM_PERS;2014;2106509
A;ITF4;POP;TOTAL;2;T;NUM_PERS;2014;29166
A;ITF4;POP;TOTAL;2;M;NUM_PERS;2014;50506
A;ITF4;POP;TOTAL;2;F;NUM_PERS;2014;806498
A;ITF4;POP;TOTAL;3;T;NUM_PERS;2014;2078902
A;ITF4;POP;TOTAL;3;M;NUM_PERS;2014;225329
A;ITF4;POP;TOTAL;3;F;NUM_PERS;2014;48423
A;ITF4;POP;TOTAL;4;T;NUM_PERS;2014;47071
A;ITF4;POP;TOTAL;4;M;NUM_PERS;2014;17905
A;ITF4;POP;TOTAL;4;F;NUM_PERS;2014;884694
A;ITF5;POP;TOTAL;99;T;NUM_PERS;2012;282546
A;ITF5;POP;TOTAL;99;M;NUM_PERS;2012;45313
A;ITF5;POP;TOTAL;99;F;NUM_PERS;2012;7787
A;ITF5;POP;TOTAL;1;T;NUM_PERS;2012;109289
A;ITF5;POP;TOTAL;1;M;NUM_PERS;2012;37526
A;ITF5;POP;TOTAL;1;F;NUM_PERS;2012;295016
A;ITF5;POP;TOTAL;2;T;NUM_PERS;2012;236745
A;ITF5;POP;TOTAL;2;M;NUM_PERS;2012;127456
A;ITF5;POP;TOTAL;2;F;NUM_PERS;2012;872664
A;ITF5;POP;TOTAL;3;T;NUM_PERS;2012;290639
A;ITF5;POP;TOTAL;3;M;NUM_PERS;2012;145304
A;ITF5;POP;TOTAL;3;F;NUM_PERS;2012;145335
A;ITF5;POP;TOTAL;4;T;NUM_PERS;2012;108799
A;ITF5;POP;TOTAL;4;M;NUM_PERS;2012;37648
A;ITF5;POP;TOTAL;4;F;NUM_PERS;2012;2866
A;ITF5;POP;TOTAL;99;T;NUM_PERS;2013;282106
A;ITF5;POP;TOTAL;99;M;NUM_PERS;2013;45416
A;ITF5;POP;TOTAL;99;F;NUM_PERS;2013;7768
A;ITF5;POP;TOTAL;1;T;NUM_PERS;2013;2679
A;ITF5;POP;TOTAL;1;M;NUM_PERS;2013;576194
A;ITF5;POP;TOTAL;1;F;NUM_PERS;2013;294088
A;ITF5;POP;TOTAL;2;T;NUM_PERS;2013;235911
A;ITF5;POP;TOTAL;2;M;NUM_PERS;2013;127112
A;ITF5;POP;TOTAL;2;F;NUM_PERS;2013;577562
A;ITF5;POP;TOTAL;3;T;NUM_PERS;2013;289451
A;ITF5;POP;TOTAL;3;M;NUM_PERS;2013;144724
A;ITF5;POP;TOTAL;3;F;NUM_PERS;2013;144727
A;ITF5;POP;TOTAL;4;T;NUM_PERS;2013;5416
A;ITF5;POP;TOTAL;4;M;NUM_PERS;2013;2502
A;ITF5;POP;TOTAL;4;F;NUM_PERS;2013;2914
A;ITF5;POP;TOTAL;99;T;NUM_PERS;2014;283265
A;ITF5;POP;TOTAL;99;M;NUM_PERS;2014;45434
A;ITF5;POP;TOTAL;99;F;NUM_PERS;2014;7723
A;ITF5;POP;TOTAL;1;T;NUM_PERS;2014;109267
A;ITF5;POP;TOTAL;1;M;NUM_PERS;2014;37711
A;ITF5;POP;TOTAL;1;F;NUM_PERS;2014;295126
A;ITF5;POP;TOTAL;2;T;NUM_PERS;2014;236544
A;ITF5;POP;TOTAL;2;M;NUM_PERS;2014;127277
A;ITF5;POP;TOTAL;2;F;NUM_PERS;2014;5757
A;ITF5;POP;TOTAL;3;T;NUM_PERS;2014;290656
A;ITF5;POP;TOTAL;3;M;NUM_PERS;2014;145586
A;ITF5;POP;TOTAL;3;F;NUM_PERS;2014;145070
A;ITF5;POP;TOTAL;4;T;NUM_PERS;2014;108483
A;ITF5;POP;TOTAL;4;M;NUM_PERS;2014;37725
A;ITF5;POP;TOTAL;4;F;NUM_PERS;2014;3078
A;ITF6;POP;TOTAL;99;T;NUM_PERS;2012;19594
A;ITF6;POP;TOTAL;99;M;NUM_PERS;2012;485401
A;ITF6;POP;TOTAL;99;F;NUM_PERS;2012;4865
A;ITF6;POP;TOTAL;1;T;NUM_PERS;2012;23328
A;ITF6;POP;TOTAL;1;M;NUM_PERS;2012;953767
A;ITF6;POP;TOTAL;1;F;NUM_PERS;2012;1004651
A;ITF6;POP;TOTAL;2;T;NUM_PERS;2012;482186
A;ITF6;POP;TOTAL;2;M;NUM_PERS;2012;440793
A;ITF6;POP;TOTAL;2;F;NUM_PERS;2012;386277
A;ITF6;POP;TOTAL;3;T;NUM_PERS;2012;968227
A;ITF6;POP;TOTAL;3;M;NUM_PERS;2012;482244
A;ITF6;POP;TOTAL;3;F;NUM_PERS;2012;485983
A;ITF6;POP;TOTAL;4;T;NUM_PERS;2012;120199
A;ITF6;POP;TOTAL;4;M;NUM_PERS;2012;7402
A;ITF6;POP;TOTAL;4;F;NUM_PERS;2012;12192
A;ITF6;POP;TOTAL;99;T;NUM_PERS;2013;20513
A;ITF6;POP;TOTAL;99;M;NUM_PERS;2013;144041
A;ITF6;POP;TOTAL;99;F;NUM_PERS;2013;1958418
A;ITF6;POP;TOTAL;1;T;NUM_PERS;2013;23382
A;ITF6;POP;TOTAL;1;M;NUM_PERS;2013;954259
A;ITF6;POP;TOTAL;1;F;NUM_PERS;2013;1003979
A;ITF6;POP;TOTAL;2;T;NUM_PERS;2013;826097
A;ITF6;POP;TOTAL;2;M;NUM_PERS;2013;440937
A;ITF6;POP;TOTAL;2;F;NUM_PERS;2013;385160
A;ITF6;POP;TOTAL;3;T;NUM_PERS;2013;967587
A;ITF6;POP;TOTAL;3;M;NUM_PERS;2013;145179
A;ITF6;POP;TOTAL;3;F;NUM_PERS;2013;1958238
A;ITF6;POP;TOTAL;4;T;NUM_PERS;2013;120659
A;ITF6;POP;TOTAL;4;M;NUM_PERS;2013;7754
A;ITF6;POP;TOTAL;4;F;NUM_PERS;2013;12759
A;ITF6;POP;TOTAL;99;T;NUM_PERS;2014;21298
A;ITF6;POP;TOTAL;99;M;NUM_PERS;2014;490936
A;ITF6;POP;TOTAL;99;F;NUM_PERS;2014;832819
A;ITF6;POP;TOTAL;1;T;NUM_PERS;2014;23507
A;ITF6;POP;TOTAL;1;M;NUM_PERS;2014;966217
A;ITF6;POP;TOTAL;1;F;NUM_PERS;2014;1014316
A;ITF6;POP;TOTAL;2;T;NUM_PERS;2014;487684
A;ITF6;POP;TOTAL;2;M;NUM_PERS;2014;445352
A;ITF6;POP;TOTAL;2;F;NUM_PERS;2014;387467
A;ITF6;POP;TOTAL;3;T;NUM_PERS;2014;981237
A;ITF6;POP;TOTAL;3;M;NUM_PERS;2014;489272
A;ITF6;POP;TOTAL;3;F;NUM_PERS;2014;491965
A;ITF6;POP;TOTAL;4;T;NUM_PERS;2014;121672
A;ITF6;POP;TOTAL;4;M;NUM_PERS;2014;8086
A;ITF6;POP;TOTAL;4;F;NUM_PERS;2014;13212
