﻿<SettingRoot xmlns:xsi="http://www.w3.org/2001/XMLSchema-instance" xmlns:xsd="http://www.w3.org/2001/XMLSchema" Version="1.0">
    <Settings>
        <SourceFile><![CDATA[C:\TRAINING_Excel2Csv_20220203\Transformation\Consumer prices index (base 2015=100) - monthly data.xlsx]]></SourceFile>
        <DestinationFile><![CDATA[C:\TRAINING_Excel2Csv_20220203\Transformation\CPI.csv]]></DestinationFile>
        <DataStartColumn>D</DataStartColumn>
        <DataStartRow>7</DataStartRow>
        <FirstColumn>A</FirstColumn>
        <FirstRow>1</FirstRow>
        <HeaderHeight>5</HeaderHeight>
        <SideWidth>3</SideWidth>
        <LastColumn>K</LastColumn>
        <LastRow>64</LastRow>
        <SheetNumber>0</SheetNumber>
        <OutputEncoding>Unicode (UTF-8)</OutputEncoding>
        <WriteHeader>True</WriteHeader>
        <AllowNonNumericValues>False</AllowNonNumericValues>
        <MaxDecimals>1</MaxDecimals>
        <DecimalSeparator><![CDATA[]]></DecimalSeparator>
        <FieldSeparator><![CDATA[;]]></FieldSeparator>
        <DimensionsAsCodeDescription>True</DimensionsAsCodeDescription>
        <DimensionExpressionIndex>0</DimensionExpressionIndex>
        <DimensionExpressions />
        <Field>
            <Priority>1</Priority>
            <Type>Column</Type>
            <Label>A</Label>
            <Dimension>REF_AREA</Dimension>
            <Value></Value>
            <Sample>[IT] Italy</Sample>
            <IsTimeSeries>False</IsTimeSeries>
            <Hidden>False</Hidden>
            <Attribute>0</Attribute>
        </Field>
        <Field>
            <Priority>2</Priority>
            <Type>Column</Type>
            <Label>B</Label>
            <Dimension>COICOP</Dimension>
            <Value></Value>
            <Sample>01</Sample>
            <IsTimeSeries>False</IsTimeSeries>
            <Hidden>False</Hidden>
            <Attribute>0</Attribute>
        </Field>
        <Field>
            <Priority>3</Priority>
            <Type>Column</Type>
            <Label>C</Label>
            <Dimension>descr_coicop</Dimension>
            <Value></Value>
            <Sample>Food and non-alcoholic beverages</Sample>
            <IsTimeSeries>False</IsTimeSeries>
            <Hidden>True</Hidden>
            <Attribute>0</Attribute>
        </Field>
        <Field>
            <Priority>4</Priority>
            <Type>Row</Type>
            <Label>1</Label>
            <Dimension>FREQ</Dimension>
            <Value></Value>
            <Sample>[M] Monthly</Sample>
            <IsTimeSeries>False</IsTimeSeries>
            <Hidden>False</Hidden>
            <Attribute>0</Attribute>
        </Field>
        <Field>
            <Priority>5</Priority>
            <Type>Row</Type>
            <Label>2</Label>
            <Dimension>BASE_PER</Dimension>
            <Value></Value>
            <Sample>[2015] Year 2015</Sample>
            <IsTimeSeries>False</IsTimeSeries>
            <Hidden>False</Hidden>
            <Attribute>0</Attribute>
        </Field>
        <Field>
            <Priority>6</Priority>
            <Type>Row</Type>
            <Label>3</Label>
            <Dimension>UNIT_MEASURE</Dimension>
            <Value></Value>
            <Sample>[IX] Index</Sample>
            <IsTimeSeries>False</IsTimeSeries>
            <Hidden>False</Hidden>
            <Attribute>0</Attribute>
        </Field>
        <Field>
            <Priority>7</Priority>
            <Type>Row</Type>
            <Label>4</Label>
            <Dimension>INDICATOR</Dimension>
            <Value></Value>
            <Sample>[CPI_NIC] Consumer prices index for the whole nation</Sample>
            <IsTimeSeries>False</IsTimeSeries>
            <Hidden>False</Hidden>
            <Attribute>0</Attribute>
        </Field>
        <Field>
            <Priority>8</Priority>
            <Type>Row</Type>
            <Label>5</Label>
            <Dimension>TIME_PERIOD</Dimension>
            <Value></Value>
            <Sample>2021-04</Sample>
            <IsTimeSeries>True</IsTimeSeries>
            <Hidden>False</Hidden>
            <Attribute>0</Attribute>
            <TimeMapping>
                <TimeIsDateTime>False</TimeIsDateTime>
                <TimeCastType>0</TimeCastType>
                <Period Frequency="Monthly">
                    <Enabled>True</Enabled>
                    <Year>
                        <Expression>2021-04</Expression>
                        <Start>0</Start>
                        <End>3</End>
                    </Year>
                    <HasPeriodMapping>False</HasPeriodMapping>
                    <Period>
                        <Expression>2021-04</Expression>
                        <Start>5</Start>
                        <End>6</End>
                    </Period>
                    <Mapping>
                        <Element><![CDATA[jan]]></Element>
                        <Element><![CDATA[feb]]></Element>
                        <Element><![CDATA[mar]]></Element>
                        <Element><![CDATA[apr]]></Element>
                        <Element><![CDATA[may]]></Element>
                        <Element><![CDATA[jun]]></Element>
                        <Element><![CDATA[jul]]></Element>
                        <Element><![CDATA[aug]]></Element>
                        <Element><![CDATA[sep]]></Element>
                        <Element><![CDATA[oct]]></Element>
                        <Element><![CDATA[nov]]></Element>
                        <Element><![CDATA[dec]]></Element>
                    </Mapping>
                </Period>
                <Period Frequency="Quarterly">
                    <Enabled>False</Enabled>
                    <Year>
                        <Expression>2021-04</Expression>
                        <Start>0</Start>
                        <End>0</End>
                    </Year>
                    <HasPeriodMapping>False</HasPeriodMapping>
                    <Period>
                        <Expression>2021-04</Expression>
                        <Start>0</Start>
                        <End>0</End>
                    </Period>
                    <Mapping>
                        <Element><![CDATA[]]></Element>
                        <Element><![CDATA[]]></Element>
                        <Element><![CDATA[]]></Element>
                        <Element><![CDATA[]]></Element>
                    </Mapping>
                </Period>
                <Period Frequency="HalfYearly">
                    <Enabled>False</Enabled>
                    <Year>
                        <Expression>2021-04</Expression>
                        <Start>0</Start>
                        <End>0</End>
                    </Year>
                    <HasPeriodMapping>False</HasPeriodMapping>
                    <Period>
                        <Expression>2021-04</Expression>
                        <Start>0</Start>
                        <End>0</End>
                    </Period>
                    <Mapping>
                        <Element><![CDATA[]]></Element>
                        <Element><![CDATA[]]></Element>
                    </Mapping>
                </Period>
                <Period Frequency="Yearly">
                    <Enabled>False</Enabled>
                    <Year>
                        <Expression>2021-04</Expression>
                        <Start>0</Start>
                        <End>0</End>
                    </Year>
                    <HasPeriodMapping>False</HasPeriodMapping>
                    <Period>
                        <Expression></Expression>
                        <Start>0</Start>
                        <End>0</End>
                    </Period>
                </Period>
            </TimeMapping>
        </Field>
        <Field>
            <Priority>9</Priority>
            <Type>Value</Type>
            <Label></Label>
            <Dimension>OBS_VALUE</Dimension>
            <Value></Value>
            <Sample></Sample>
            <IsTimeSeries>False</IsTimeSeries>
            <Hidden>False</Hidden>
            <Attribute>0</Attribute>
        </Field>
    </Settings>
</SettingRoot>