FREQ;MARKET;REF_AREA;ADJUSTMENT;INDICATOR;ACTIVITY;BASE_PER;TIME_PERIOD;SOURCE;UNIT_MEASURE;OBS_VALUE;
Q;D;IT;N;TURN;0040;2015;2018-Q4;ISTAT;IX;90.3;
Q;D;IT;N;TURN;0050;2015;2018-Q4;ISTAT;IX;129.1;
Q;D;IT;N;TURN;0080;2015;2018-Q4;ISTAT;IX;100.4;
Q;D;IT;N;TURN;0090;2015;2018-Q4;ISTAT;IX;104.1;
Q;D;IT;N;TURN;B;2015;2018-Q4;ISTAT;IX;102.9;
Q;D;IT;N;TURN;C;2015;2018-Q4;ISTAT;IX;104.1;
Q;D;IT;W;TURN;0040;2015;2018-Q4;ISTAT;IX;94;
Q;D;IT;W;TURN;0050;2015;2018-Q4;ISTAT;IX;133.3;
Q;D;IT;W;TURN;0080;2015;2018-Q4;ISTAT;IX;103.8;
Q;D;IT;W;TURN;0090;2015;2018-Q4;ISTAT;IX;106.1;
Q;D;IT;Y;TURN;0040;2015;2018-Q4;ISTAT;IX;106.4;
Q;D;IT;Y;TURN;0050;2015;2018-Q4;ISTAT;IX;101.4;
Q;D;IT;Y;TURN;0080;2015;2018-Q4;ISTAT;IX;103.8;
Q;D;IT;Y;TURN;0090;2015;2018-Q4;ISTAT;IX;101.6;
Q;E;IT;N;TURN;0040;2015;2018-Q4;ISTAT;IX;90.5;
Q;E;IT;N;TURN;0050;2015;2018-Q4;ISTAT;IX;120.2;
Q;E;IT;N;TURN;0080;2015;2018-Q4;ISTAT;IX;100.5;
Q;E;IT;N;TURN;0090;2015;2018-Q4;ISTAT;IX;110.4;
Q;E;IT;N;TURN;B;2015;2018-Q4;ISTAT;IX;30.6;
Q;E;IT;N;TURN;C;2015;2018-Q4;ISTAT;IX;104.8;
Q;E;IT;W;TURN;0040;2015;2018-Q4;ISTAT;IX;94.2;
Q;E;IT;W;TURN;0050;2015;2018-Q4;ISTAT;IX;125.2;
Q;E;IT;W;TURN;0080;2015;2018-Q4;ISTAT;IX;104.6;
Q;E;IT;W;TURN;0090;2015;2018-Q4;ISTAT;IX;112.1;
Q;E;IT;Y;TURN;0040;2015;2018-Q4;ISTAT;IX;108.8;
Q;E;IT;Y;TURN;0050;2015;2018-Q4;ISTAT;IX;105.5;
Q;E;IT;Y;TURN;0080;2015;2018-Q4;ISTAT;IX;108;
Q;E;IT;Y;TURN;0090;2015;2018-Q4;ISTAT;IX;106.4;
Q;T;IT;N;TURN;0040;2015;2018-Q4;ISTAT;IX;90.4;
Q;T;IT;N;TURN;0050;2015;2018-Q4;ISTAT;IX;125.3;
Q;T;IT;N;TURN;0080;2015;2018-Q4;ISTAT;IX;100.4;
Q;T;IT;N;TURN;0090;2015;2018-Q4;ISTAT;IX;104.9;
Q;T;IT;N;TURN;B;2015;2018-Q4;ISTAT;IX;96.1;
Q;T;IT;N;TURN;C;2015;2018-Q4;ISTAT;IX;104.3;
Q;T;IT;W;TURN;0040;2015;2018-Q4;ISTAT;IX;94.1;
Q;T;IT;W;TURN;0050;2015;2018-Q4;ISTAT;IX;129.9;
Q;T;IT;W;TURN;0080;2015;2018-Q4;ISTAT;IX;104.1;
Q;T;IT;W;TURN;0090;2015;2018-Q4;ISTAT;IX;106.9;
Q;T;IT;W;TURN;B;2015;2018-Q4;ISTAT;IX;100.4;
Q;T;IT;W;TURN;C;2015;2018-Q4;ISTAT;IX;107.9;
Q;T;IT;Y;TURN;0040;2015;2018-Q4;ISTAT;IX;107.1;
Q;T;IT;Y;TURN;0050;2015;2018-Q4;ISTAT;IX;103.1;
Q;T;IT;Y;TURN;0080;2015;2018-Q4;ISTAT;IX;105.2;
Q;T;IT;Y;TURN;0090;2015;2018-Q4;ISTAT;IX;102.2;
