﻿<message:QueryMessage xmlns="http://www.SDMX.org/resources/SDMXML/schemas/v2_0/query"
                      xmlns:message="http://www.SDMX.org/resources/SDMXML/schemas/v2_0/message"
                      xsi:schemaLocation="http://www.SDMX.org/resources/SDMXML/schemas/v2_0/query http://www.sdmx.org/docs/2_0/SDMXQuery.xsd 
   http://www.SDMX.org/resources/SDMXML/schemas/v2_0/message http://www.sdmx.org/docs/2_0/SDMXMessage.xsd"
                      xmlns:xsi="http://www.w3.org/2001/XMLSchema-instance">
  <Header xmlns="http://www.SDMX.org/resources/SDMXML/schemas/v2_0/message">
    <ID>none</ID>
    <Test>false</Test>
    <Prepared>2015-07-20T12:48:49</Prepared>
    <Sender id="YourID">
      <Name xml:lang="en">Your English Name</Name>
    </Sender>
    <Receiver id="@DSD_AGENCY">
      <Name xml:lang="en">DSD_NAME_EN</Name>
      <Name xml:lang="fr">DSD_NAME_IT</Name>
    </Receiver>
  </Header>
  <message:Query>
    <KeyFamilyWhere>
      <Or>
        <KeyFamily>@DSD_ID</KeyFamily>
      </Or>
    </KeyFamilyWhere>
  </message:Query>
</message:QueryMessage>