{
  "DataflowDataCacheGenerator": {
    "IsEnable": false,
    "StartTime": "18:30:00",
    "Days": [ 0, 1, 2, 3, 4, 5, 6 ],
    "EnableMultiGenerator": true,
    "DataflowsRefresh": [
	  {
		"Id": "Agency+Id+Version",
		"Dimensions": [ "DimensionId" ],
		"NodeCode": "NodeId",
		"GruopByNumber": {
			"GroupSize": 20
		}
	  },
      {
		"Id": "Agency+Id+Version",
		"Dimensions": [ "DimensionId" ],
		"NodeCode": "NodeId",
		"GruopByNumber": {
			"GroupSize": 20
		}
	  }
    ]
  }
}