﻿{
  "Serilog": {
    "Using": [
      "Serilog.Sinks.Async",
      "Serilog.Sinks.File",
      "Serilog.Expressions"
    ],
    "MinimumLevel": {
      "Default": "Debug",
      "Override": {
        "Microsoft": "Warning",
        "System": "Warning",
        "Microsoft.EntityFrameworkCore.Database": "Warning",
        "Microsoft.AspNetCore": "Warning"
      }
    },
    "WriteTo": [
      {
        "Name": "File",
        "Args": {
          "restrictedToMinimumLevel": "Warning",
          "path": "C:\\logs\\DataBrowserHub\\DataBrowser.Warning.log",
          "formatter": "Serilog.Formatting.Compact.CompactJsonFormatter, Serilog.Formatting.Compact",
          "outputTemplate": "[{Timestamp:HH:mm:ss.fff} {Application} {Level:u3}][{RequestId}]: {Message:lj}  {SourceContext} {NewLine}{Exception}",
          "fileSizeLimitBytes": 4000000,
          "buffered": false,
          "rollingInterval": "Day",
          "shared": false,
          "retainedFileCountLimit": 31,
          "rollOnFileSizeLimit": true
        }
      },
      {
        "Name": "Logger",
        "Args": {
          "configureLogger": {
            "Filter": [
              {
                "Name": "ByIncludingOnly",
                "Args": {
                  "expression": "RequestId is not null and Length(RequestId) > 0"
                }
              }
            ],
            "WriteTo": [
              {
                "Name": "File",
                "Args": {
                  "path": "C:\\logs\\DataBrowserHub\\DataBrowser.log",
                  "formatter": "Serilog.Formatting.Compact.CompactJsonFormatter, Serilog.Formatting.Compact",
                  "outputTemplate": "[{Timestamp:HH:mm:ss.fff} {Application} {Level:u3}][{RequestId}]: {Message:lj}  {SourceContext} {NewLine}{Exception}",
                  "fileSizeLimitBytes": 4000000,
                  "buffered": false,
                  "rollingInterval": "Day",
                  "shared": false,
                  "retainedFileCountLimit": 31,
                  "rollOnFileSizeLimit": true
                }
              }
            ]
          }
        }
      },
      {
        "Name": "Logger",
        "Args": {
          "configureLogger": {
            "Filter": [
              {
                "Name": "ByIncludingOnly",
                "Args": {
                  "expression": "RequestId is null or Length(RequestId) <= 0"
                }
              }
            ],
            "WriteTo": [
              {
                "Name": "File",
                "Args": {
                  "path": "C:\\logs\\DataBrowserHub\\DataBrowser.Worker.log",
                  "formatter": "Serilog.Formatting.Compact.CompactJsonFormatter, Serilog.Formatting.Compact",
                  "outputTemplate": "[{Timestamp:HH:mm:ss.fff} {Application} {Level:u3}][{RequestId}]: {Message:lj}  {SourceContext} {NewLine}{Exception}",
                  "fileSizeLimitBytes": 4000000,
                  "buffered": false,
                  "rollingInterval": "Day",
                  "shared": false,
                  "retainedFileCountLimit": 31,
                  "rollOnFileSizeLimit": true
                }
              }
            ]
          }
        }
      }
    ],
    "Enrich": [ "FromLogContext", "WithMachineName" ],
    "Destructure": [
      {
        "Name": "ToMaximumDepth",
        "Args": { "maximumDestructuringDepth": 4 }
      },
      {
        "Name": "ToMaximumStringLength",
        "Args": { "maximumStringLength": 100 }
      },
      {
        "Name": "ToMaximumCollectionCount",
        "Args": { "maximumCollectionCount": 10 }
      }
    ]
    //"Properties": {
    //  "Application": "Sample"
    //}
  }
}