<?xml version="1.0" encoding="utf-8"?>
<ArrayOfMappingRule xmlns:xsi="http://www.w3.org/2001/XMLSchema-instance" xmlns:xsd="http://www.w3.org/2001/XMLSchema">
  <MappingRule>
    <ColName>FREQ</ColName>
    <OriginalColName />
    <Selected>true</Selected>
    <IsFixedValue>false</IsFixedValue>
    <Position>0</Position>
  </MappingRule>
  <MappingRule>
    <ColName>REF_AREA</ColName>
    <OriginalColName />
    <Selected>true</Selected>
    <IsFixedValue>false</IsFixedValue>
    <Position>1</Position>
  </MappingRule>
  <MappingRule>
    <ColName>BASE_PER</ColName>
    <OriginalColName />
    <Selected>true</Selected>
    <IsFixedValue>false</IsFixedValue>
    <Position>2</Position>
  </MappingRule>
  <MappingRule>
    <ColName>INDICATOR</ColName>
    <OriginalColName />
    <Selected>true</Selected>
    <IsFixedValue>false</IsFixedValue>
    <Position>3</Position>
  </MappingRule>
  <MappingRule>
    <ColName>MARKET</ColName>
    <OriginalColName />
    <Selected>true</Selected>
    <IsFixedValue>false</IsFixedValue>
    <Position>4</Position>
  </MappingRule>
  <MappingRule>
    <ColName>ATECO</ColName>
    <OriginalColName />
    <Selected>false</Selected>
    <IsFixedValue>false</IsFixedValue>
    <Position>5</Position>
  </MappingRule>
  <MappingRule>
    <ColName>ADJ</ColName>
    <OriginalColName />
    <Selected>false</Selected>
    <IsFixedValue>false</IsFixedValue>
    <Position>6</Position>
  </MappingRule>
  <MappingRule>
    <ColName>SOURCE</ColName>
    <OriginalColName />
    <Selected>true</Selected>
    <IsFixedValue>false</IsFixedValue>
    <Position>7</Position>
  </MappingRule>
  <MappingRule>
    <ColName>TIME_PERIOD</ColName>
    <OriginalColName />
    <Selected>true</Selected>
    <IsFixedValue>false</IsFixedValue>
    <Position>8</Position>
  </MappingRule>
  <MappingRule>
    <ColName>VALUE</ColName>
    <OriginalColName />
    <Selected>false</Selected>
    <IsFixedValue>false</IsFixedValue>
    <Position>9</Position>
  </MappingRule>
  <MappingRule>
    <ColName>ACTIVITY</ColName>
    <ExpressionField>Replace([ATECO],'MIG.','')</ExpressionField>
    <ExpressionFieldComposed />
    <CalculatedFieldDependencies />
    <TableName>TMP_76B02DB6</TableName>
    <Selected>true</Selected>
    <IsFixedValue>false</IsFixedValue>
    <Position>10</Position>
  </MappingRule>
  <MappingRule>
    <ColName>ADJUSTMENT</ColName>
    <ExpressionField>CASE [ADJ] 
WHEN 'Neither seasonally or working day adjusted' THEN 'N' 
WHEN 'Working day adjusted, not seasonally adjusted' THEN 'W' 
WHEN 'Working day and seasonally adjusted' THEN 'Y' 
ELSE '' END 
</ExpressionField>
    <ExpressionFieldComposed />
    <CalculatedFieldDependencies />
    <TableName>TMP_76B02DB6</TableName>
    <Selected>true</Selected>
    <IsFixedValue>false</IsFixedValue>
    <Position>11</Position>
  </MappingRule>
  <MappingRule>
    <ColName>OBS_VALUE</ColName>
    <ExpressionField>Replace([VALUE],'(P)','')</ExpressionField>
    <ExpressionFieldComposed />
    <CalculatedFieldDependencies />
    <TableName>TMP_76B02DB6</TableName>
    <Selected>true</Selected>
    <IsFixedValue>false</IsFixedValue>
    <Position>12</Position>
  </MappingRule>
  <MappingRule>
    <ColName>OBS_STATUS</ColName>
    <ExpressionField>IIF([TIME_PERIOD] = (SELECT MAX([TIME_PERIOD]) FROM [CSVINPUTTABLE]),'P','')</ExpressionField>
    <ExpressionFieldComposed />
    <CalculatedFieldDependencies />
    <TableName>TMP_76B02DB6</TableName>
    <Selected>true</Selected>
    <IsFixedValue>false</IsFixedValue>
    <Position>13</Position>
  </MappingRule>
  <MappingRule>
    <ColName>UNIT_MEASURE</ColName>
    <ExpressionField>'IX'</ExpressionField>
    <ExpressionFieldComposed />
    <CalculatedFieldDependencies />
    <TableName>TMP_76B02DB6</TableName>
    <Selected>true</Selected>
    <IsFixedValue>false</IsFixedValue>
    <Position>14</Position>
  </MappingRule>
</ArrayOfMappingRule>