FREQ;REF_AREA;BASE_PER;INDICATOR;MARKET;SOURCE;TIME_PERIOD;ACTIVITY;ADJUSTMENT;OBS_VALUE;OBS_STATUS;UNIT_MEASURE
M;IT;2015;TURN;D;ISTAT;2018-03;0040;N;117.9;;IX
M;IT;2015;TURN;D;ISTAT;2018-03;0050;N;120.1;;IX
M;IT;2015;TURN;D;ISTAT;2018-03;0080;N;113.9;;IX
M;IT;2015;TURN;D;ISTAT;2018-03;0090;N;102.1;;IX
M;IT;2015;TURN;D;ISTAT;2018-03;B;N;84.2;;IX
M;IT;2015;TURN;D;ISTAT;2018-03;C;N;116.2;;IX
M;IT;2015;TURN;D;ISTAT;2018-03;0040;W;118.2;;IX
M;IT;2015;TURN;D;ISTAT;2018-03;0050;W;120.5;;IX
M;IT;2015;TURN;D;ISTAT;2018-03;0080;W;114.2;;IX
M;IT;2015;TURN;D;ISTAT;2018-03;0090;W;102.2;;IX
M;IT;2015;TURN;D;ISTAT;2018-03;0040;Y;107.5;;IX
M;IT;2015;TURN;D;ISTAT;2018-03;0050;Y;109.9;;IX
M;IT;2015;TURN;D;ISTAT;2018-03;0080;Y;105.4;;IX
M;IT;2015;TURN;D;ISTAT;2018-03;0090;Y;102.0;;IX
M;IT;2015;TURN;D;ISTAT;2018-04;0040;N;105.0;;IX
M;IT;2015;TURN;D;ISTAT;2018-04;0050;N;97.0;;IX
M;IT;2015;TURN;D;ISTAT;2018-04;0080;N;94.9;;IX
M;IT;2015;TURN;D;ISTAT;2018-04;0090;N;101.0;;IX
M;IT;2015;TURN;D;ISTAT;2018-04;B;N;90.1;;IX
M;IT;2015;TURN;D;ISTAT;2018-04;C;N;99.8;;IX
M;IT;2015;TURN;D;ISTAT;2018-04;0040;W;109.1;;IX
M;IT;2015;TURN;D;ISTAT;2018-04;0050;W;100.0;;IX
M;IT;2015;TURN;D;ISTAT;2018-04;0080;W;98.0;;IX
M;IT;2015;TURN;D;ISTAT;2018-04;0090;W;102.8;;IX
M;IT;2015;TURN;D;ISTAT;2018-04;0040;Y;109.5;;IX
M;IT;2015;TURN;D;ISTAT;2018-04;0050;Y;108.5;;IX
M;IT;2015;TURN;D;ISTAT;2018-04;0080;Y;103.3;;IX
M;IT;2015;TURN;D;ISTAT;2018-04;0090;Y;103.1;;IX
M;IT;2015;TURN;D;ISTAT;2018-05;0040;N;123.4;;IX
M;IT;2015;TURN;D;ISTAT;2018-05;0050;N;117.7;;IX
M;IT;2015;TURN;D;ISTAT;2018-05;0080;N;108.9;;IX
M;IT;2015;TURN;D;ISTAT;2018-05;0090;N;108.2;;IX
M;IT;2015;TURN;D;ISTAT;2018-05;B;N;75.7;;IX
M;IT;2015;TURN;D;ISTAT;2018-05;C;N;116.8;;IX
M;IT;2015;TURN;D;ISTAT;2018-05;0040;W;121.5;;IX
M;IT;2015;TURN;D;ISTAT;2018-05;0050;W;116.4;;IX
M;IT;2015;TURN;D;ISTAT;2018-05;0080;W;107.4;;IX
M;IT;2015;TURN;D;ISTAT;2018-05;0090;W;107.4;;IX
M;IT;2015;TURN;D;ISTAT;2018-05;0040;Y;110.2;;IX
M;IT;2015;TURN;D;ISTAT;2018-05;0050;Y;108.7;;IX
M;IT;2015;TURN;D;ISTAT;2018-05;0080;Y;105.7;;IX
M;IT;2015;TURN;D;ISTAT;2018-05;0090;Y;109.0;;IX
M;IT;2015;TURN;D;ISTAT;2018-06;0040;N;118.6;;IX
M;IT;2015;TURN;D;ISTAT;2018-06;0050;N;130.9;;IX
M;IT;2015;TURN;D;ISTAT;2018-06;0080;N;108.0;;IX
M;IT;2015;TURN;D;ISTAT;2018-06;0090;N;110.5;;IX
M;IT;2015;TURN;D;ISTAT;2018-06;B;N;92.2;;IX
M;IT;2015;TURN;D;ISTAT;2018-06;C;N;118.1;;IX
M;IT;2015;TURN;D;ISTAT;2018-06;0040;W;118.0;;IX
M;IT;2015;TURN;D;ISTAT;2018-06;0050;W;130.5;;IX
M;IT;2015;TURN;D;ISTAT;2018-06;0080;W;107.5;;IX
M;IT;2015;TURN;D;ISTAT;2018-06;0090;W;110.2;;IX
M;IT;2015;TURN;D;ISTAT;2018-06;0040;Y;110.4;;IX
M;IT;2015;TURN;D;ISTAT;2018-06;0050;Y;110.7;;IX
M;IT;2015;TURN;D;ISTAT;2018-06;0080;Y;104.7;;IX
M;IT;2015;TURN;D;ISTAT;2018-06;0090;Y;106.6;;IX
M;IT;2015;TURN;D;ISTAT;2018-07;0040;N;123.1;;IX
M;IT;2015;TURN;D;ISTAT;2018-07;0050;N;111.7;;IX
M;IT;2015;TURN;D;ISTAT;2018-07;0080;N;113.7;;IX
M;IT;2015;TURN;D;ISTAT;2018-07;0090;N;110.2;;IX
M;IT;2015;TURN;D;ISTAT;2018-07;B;N;96.5;;IX
M;IT;2015;TURN;D;ISTAT;2018-07;C;N;116.6;;IX
M;IT;2015;TURN;D;ISTAT;2018-07;0040;W;124.3;;IX
M;IT;2015;TURN;D;ISTAT;2018-07;0050;W;112.7;;IX
M;IT;2015;TURN;D;ISTAT;2018-07;0080;W;114.6;;IX
M;IT;2015;TURN;D;ISTAT;2018-07;0090;W;110.7;;IX
M;IT;2015;TURN;D;ISTAT;2018-07;0040;Y;109.3;;IX
M;IT;2015;TURN;D;ISTAT;2018-07;0050;Y;108.0;;IX
M;IT;2015;TURN;D;ISTAT;2018-07;0080;Y;104.2;;IX
M;IT;2015;TURN;D;ISTAT;2018-07;0090;Y;104.1;;IX
M;IT;2015;TURN;D;ISTAT;2018-08;0040;N;66.0;;IX
M;IT;2015;TURN;D;ISTAT;2018-08;0050;N;62.9;;IX
M;IT;2015;TURN;D;ISTAT;2018-08;0080;N;87.1;;IX
M;IT;2015;TURN;D;ISTAT;2018-08;0090;N;105.1;;IX
M;IT;2015;TURN;D;ISTAT;2018-08;B;N;76.9;;IX
M;IT;2015;TURN;D;ISTAT;2018-08;C;N;75.2;;IX
M;IT;2015;TURN;D;ISTAT;2018-08;0040;W;65.0;;IX
M;IT;2015;TURN;D;ISTAT;2018-08;0050;W;62.2;;IX
M;IT;2015;TURN;D;ISTAT;2018-08;0080;W;85.9;;IX
M;IT;2015;TURN;D;ISTAT;2018-08;0090;W;104.3;;IX
M;IT;2015;TURN;D;ISTAT;2018-08;0040;Y;110.1;;IX
M;IT;2015;TURN;D;ISTAT;2018-08;0050;Y;106.5;;IX
M;IT;2015;TURN;D;ISTAT;2018-08;0080;Y;105.0;;IX
M;IT;2015;TURN;D;ISTAT;2018-08;0090;Y;105.9;;IX
M;IT;2015;TURN;D;ISTAT;2018-09;0040;N;112.6;;IX
M;IT;2015;TURN;D;ISTAT;2018-09;0050;N;111.8;;IX
M;IT;2015;TURN;D;ISTAT;2018-09;0080;N;106.4;;IX
M;IT;2015;TURN;D;ISTAT;2018-09;0090;N;107.9;;IX
M;IT;2015;TURN;D;ISTAT;2018-09;B;N;84.7;;IX
M;IT;2015;TURN;D;ISTAT;2018-09;C;N;110.5;;IX
M;IT;2015;TURN;D;ISTAT;2018-09;0040;W;119.0;;IX
M;IT;2015;TURN;D;ISTAT;2018-09;0050;W;116.8;;IX
M;IT;2015;TURN;D;ISTAT;2018-09;0080;W;111.4;;IX
M;IT;2015;TURN;D;ISTAT;2018-09;0090;W;110.8;;IX
M;IT;2015;TURN;D;ISTAT;2018-09;0040;Y;109.7;;IX
M;IT;2015;TURN;D;ISTAT;2018-09;0050;Y;108.8;;IX
M;IT;2015;TURN;D;ISTAT;2018-09;0080;Y;104.8;;IX
M;IT;2015;TURN;D;ISTAT;2018-09;0090;Y;107.5;;IX
M;IT;2015;TURN;D;ISTAT;2018-01;0040;N;121.8;;IX
M;IT;2015;TURN;D;ISTAT;2018-01;0050;N;108.5;;IX
M;IT;2015;TURN;D;ISTAT;2018-01;0080;N;113.9;;IX
M;IT;2015;TURN;D;ISTAT;2018-01;0090;N;117.2;;IX
M;IT;2015;TURN;D;ISTAT;2018-01;B;N;101.8;;IX
M;IT;2015;TURN;D;ISTAT;2018-01;C;N;116.0;;IX
M;IT;2015;TURN;D;ISTAT;2018-01;0040;W;118.7;;IX
M;IT;2015;TURN;D;ISTAT;2018-01;0050;W;106.5;;IX
M;IT;2015;TURN;D;ISTAT;2018-01;0080;W;111.4;;IX
M;IT;2015;TURN;D;ISTAT;2018-01;0090;W;115.7;;IX
M;IT;2015;TURN;D;ISTAT;2018-01;0040;Y;109.2;;IX
M;IT;2015;TURN;D;ISTAT;2018-01;0050;Y;103.0;;IX
M;IT;2015;TURN;D;ISTAT;2018-01;0080;Y;106.4;;IX
M;IT;2015;TURN;D;ISTAT;2018-01;0090;Y;110.2;;IX
M;IT;2015;TURN;D;ISTAT;2018-01;0040;N;112.6;;IX
M;IT;2015;TURN;D;ISTAT;2018-01;0050;N;112.8;;IX
M;IT;2015;TURN;D;ISTAT;2018-01;0080;N;110.8;;IX
M;IT;2015;TURN;D;ISTAT;2018-01;0090;N;114.4;;IX
M;IT;2015;TURN;D;ISTAT;2018-01;B;N;103.4;;IX
M;IT;2015;TURN;D;ISTAT;2018-01;C;N;112.4;;IX
M;IT;2015;TURN;D;ISTAT;2018-01;0040;W;112.0;;IX
M;IT;2015;TURN;D;ISTAT;2018-01;0050;W;112.5;;IX
M;IT;2015;TURN;D;ISTAT;2018-01;0080;W;110.3;;IX
M;IT;2015;TURN;D;ISTAT;2018-01;0090;W;114.1;;IX
M;IT;2015;TURN;D;ISTAT;2018-01;0040;Y;108.0;;IX
M;IT;2015;TURN;D;ISTAT;2018-01;0050;Y;103.9;;IX
M;IT;2015;TURN;D;ISTAT;2018-01;0080;Y;105.4;;IX
M;IT;2015;TURN;D;ISTAT;2018-01;0090;Y;115.4;;IX
M;IT;2015;TURN;D;ISTAT;2018-01;0040;N;90.3;;IX
M;IT;2015;TURN;D;ISTAT;2018-01;0050;N;129.1;;IX
M;IT;2015;TURN;D;ISTAT;2018-01;0080;N;100.4;;IX
M;IT;2015;TURN;D;ISTAT;2018-01;0090;N;104.1;;IX
M;IT;2015;TURN;D;ISTAT;2018-01;B;N;102.9;;IX
M;IT;2015;TURN;D;ISTAT;2018-01;C;N;104.1;;IX
M;IT;2015;TURN;D;ISTAT;2018-01;0040;W;94.0;;IX
M;IT;2015;TURN;D;ISTAT;2018-01;0050;W;133.3;;IX
M;IT;2015;TURN;D;ISTAT;2018-01;0080;W;103.8;;IX
M;IT;2015;TURN;D;ISTAT;2018-01;0090;W;106.1;;IX
M;IT;2015;TURN;D;ISTAT;2018-01;0040;Y;106.4;;IX
M;IT;2015;TURN;D;ISTAT;2018-01;0050;Y;101.4;;IX
M;IT;2015;TURN;D;ISTAT;2018-01;0080;Y;103.8;;IX
M;IT;2015;TURN;D;ISTAT;2018-01;0090;Y;101.6;;IX
M;IT;2015;TURN;D;ISTAT;2019-01;0040;N;105.6;;IX
M;IT;2015;TURN;D;ISTAT;2019-01;0050;N;75.4;;IX
M;IT;2015;TURN;D;ISTAT;2019-01;0080;N;99.7;;IX
M;IT;2015;TURN;D;ISTAT;2019-01;0090;N;100.8;;IX
M;IT;2015;TURN;D;ISTAT;2019-01;B;N;99.9;;IX
M;IT;2015;TURN;D;ISTAT;2019-01;C;N;95.9;;IX
M;IT;2015;TURN;D;ISTAT;2019-01;0040;W;101.4;;IX
M;IT;2015;TURN;D;ISTAT;2019-01;0050;W;73.2;;IX
M;IT;2015;TURN;D;ISTAT;2019-01;0080;W;96.3;;IX
M;IT;2015;TURN;D;ISTAT;2019-01;0090;W;98.8;;IX
M;IT;2015;TURN;D;ISTAT;2019-01;0040;Y;109.4;;IX
M;IT;2015;TURN;D;ISTAT;2019-01;0050;Y;101.4;;IX
M;IT;2015;TURN;D;ISTAT;2019-01;0080;Y;106.9;;IX
M;IT;2015;TURN;D;ISTAT;2019-01;0090;Y;107.3;;IX
M;IT;2015;TURN;D;ISTAT;2019-02;0040;N;107.4;;IX
M;IT;2015;TURN;D;ISTAT;2019-02;0050;N;93.8;;IX
M;IT;2015;TURN;D;ISTAT;2019-02;0080;N;100.2;;IX
M;IT;2015;TURN;D;ISTAT;2019-02;0090;N;99.7;;IX
M;IT;2015;TURN;D;ISTAT;2019-02;B;N;84.7;;IX
M;IT;2015;TURN;D;ISTAT;2019-02;C;N;101.4;;IX
M;IT;2015;TURN;D;ISTAT;2019-02;0040;W;107.9;;IX
M;IT;2015;TURN;D;ISTAT;2019-02;0050;W;94.3;;IX
M;IT;2015;TURN;D;ISTAT;2019-02;0080;W;101.3;;IX
M;IT;2015;TURN;D;ISTAT;2019-02;0090;W;99.9;;IX
M;IT;2015;TURN;D;ISTAT;2019-02;0040;Y;108.8;;IX
M;IT;2015;TURN;D;ISTAT;2019-02;0050;Y;105.7;;IX
M;IT;2015;TURN;D;ISTAT;2019-02;0080;Y;106.3;;IX
M;IT;2015;TURN;D;ISTAT;2019-02;0090;Y;108.1;;IX
M;IT;2015;TURN;D;ISTAT;2019-03;0040;N;116.6;;IX
M;IT;2015;TURN;D;ISTAT;2019-03;0050;N;111.1;;IX
M;IT;2015;TURN;D;ISTAT;2019-03;0080;N;111.6;;IX
M;IT;2015;TURN;D;ISTAT;2019-03;0090;N;102.8;;IX
M;IT;2015;TURN;D;ISTAT;2019-03;B;N;83.1;;IX
M;IT;2015;TURN;D;ISTAT;2019-03;C;N;112.9;;IX
M;IT;2015;TURN;D;ISTAT;2019-03;0040;W;121.1;;IX
M;IT;2015;TURN;D;ISTAT;2019-03;0050;W;114.5;;IX
M;IT;2015;TURN;D;ISTAT;2019-03;0080;W;115.3;;IX
M;IT;2015;TURN;D;ISTAT;2019-03;0090;W;104.7;;IX
M;IT;2015;TURN;D;ISTAT;2019-03;0040;Y;109.9;;IX
M;IT;2015;TURN;D;ISTAT;2019-03;0050;Y;104.3;;IX
M;IT;2015;TURN;D;ISTAT;2019-03;0080;Y;106.5;;IX
M;IT;2015;TURN;D;ISTAT;2019-03;0090;Y;104.5;;IX
M;IT;2015;TURN;D;ISTAT;2019-04;0040;N;106.2;P;IX
M;IT;2015;TURN;D;ISTAT;2019-04;0050;N;95.9;P;IX
M;IT;2015;TURN;D;ISTAT;2019-04;0080;N;104.3;P;IX
M;IT;2015;TURN;D;ISTAT;2019-04;0090;N;106.5;P;IX
M;IT;2015;TURN;D;ISTAT;2019-04;B;N;83.6;P;IX
M;IT;2015;TURN;D;ISTAT;2019-04;C;N;103.4;P;IX
M;IT;2015;TURN;D;ISTAT;2019-04;0040;W;106.5;P;IX
M;IT;2015;TURN;D;ISTAT;2019-04;0050;W;96.2;P;IX
M;IT;2015;TURN;D;ISTAT;2019-04;0080;W;104.4;P;IX
M;IT;2015;TURN;D;ISTAT;2019-04;0090;W;106.6;P;IX
M;IT;2015;TURN;D;ISTAT;2019-04;0040;Y;107.2;P;IX
M;IT;2015;TURN;D;ISTAT;2019-04;0050;Y;104.3;P;IX
M;IT;2015;TURN;D;ISTAT;2019-04;0080;Y;109;P;IX
M;IT;2015;TURN;D;ISTAT;2019-04;0090;Y;106.8;P;IX
