﻿<?xml version="1.0" encoding="utf-8" ?>
<log4net>
    <appender name="RollingFileAppender" type="log4net.Appender.RollingFileAppender">
      <file value="c:\logs\MetadataApiWs.log" />
      <appendToFile value="true" />
      <rollingStyle value="Size" />
      <maxSizeRollBackups value="10" />
      <maximumFileSize value="1MB" />
      <staticLogFileName value="true" />
      <layout type="log4net.Layout.PatternLayout">
        <conversionPattern value="%date [%thread] %level %logger - %message%newline" />
      </layout>
    </appender>
    <root>
      <level value="ERROR" />
      <!--<appender-ref ref="FileAppender"/>
      <appender-ref ref="ConsoleAppender"/>-->
      <appender-ref ref="RollingFileAppender"/>
    </root>
</log4net>
