﻿<SettingRoot xmlns:xsi="http://www.w3.org/2001/XMLSchema-instance" xmlns:xsd="http://www.w3.org/2001/XMLSchema" Version="1.0">
    <Settings>
        <SourceFile><![CDATA[C:\TRAINING_Excel2Csv_20220203\Time_fixed\Consumer prices index (base 2015=100) - monthly data.xlsx]]></SourceFile>
        <DestinationFile><![CDATA[C:\TRAINING_Excel2Csv_20220203\Time_fixed\CPI_Fixed_Period.csv]]></DestinationFile>
        <DataStartColumn>B</DataStartColumn>
        <DataStartRow>8</DataStartRow>
        <FirstColumn>A</FirstColumn>
        <FirstRow>1</FirstRow>
        <HeaderHeight>6</HeaderHeight>
        <SideWidth>1</SideWidth>
        <LastColumn>AC</LastColumn>
        <LastRow>115</LastRow>
        <SheetNumber>0</SheetNumber>
        <OutputEncoding>Unicode (UTF-8)</OutputEncoding>
        <WriteHeader>True</WriteHeader>
        <AllowNonNumericValues>True</AllowNonNumericValues>
        <MaxDecimals>1</MaxDecimals>
        <DecimalSeparator><![CDATA[]]></DecimalSeparator>
        <FieldSeparator><![CDATA[;]]></FieldSeparator>
        <DimensionsAsCodeDescription>True</DimensionsAsCodeDescription>
        <DimensionExpressionIndex>0</DimensionExpressionIndex>
        <DimensionExpressions />
        <Field>
            <Priority>2</Priority>
            <Type>Row</Type>
            <Label>1</Label>
            <Dimension>FREQ</Dimension>
            <Value></Value>
            <Sample></Sample>
            <IsTimeSeries>False</IsTimeSeries>
            <Hidden>False</Hidden>
            <Attribute>0</Attribute>
        </Field>
        <Field>
            <Priority>1</Priority>
            <Type>Column</Type>
            <Label>A</Label>
            <Dimension>REF_AREA</Dimension>
            <Value></Value>
            <Sample>[IT] Italy</Sample>
            <IsTimeSeries>False</IsTimeSeries>
            <Hidden>False</Hidden>
            <Attribute>0</Attribute>
        </Field>
        <Field>
            <Priority>6</Priority>
            <Type>Row</Type>
            <Label>5</Label>
            <Dimension>INDICATOR</Dimension>
            <Value></Value>
            <Sample>[CPI_NIC] Consumer prices index for the whole nation (base 2015=100)</Sample>
            <IsTimeSeries>False</IsTimeSeries>
            <Hidden>False</Hidden>
            <Attribute>0</Attribute>
        </Field>
        <Field>
            <Priority>7</Priority>
            <Type>Row</Type>
            <Label>6</Label>
            <Dimension>COICOP</Dimension>
            <Value></Value>
            <Sample>[00] All items</Sample>
            <IsTimeSeries>False</IsTimeSeries>
            <Hidden>False</Hidden>
            <Attribute>0</Attribute>
        </Field>
        <Field>
            <Priority>4</Priority>
            <Type>Row</Type>
            <Label>3</Label>
            <Dimension>BASE_PER</Dimension>
            <Value></Value>
            <Sample></Sample>
            <IsTimeSeries>False</IsTimeSeries>
            <Hidden>False</Hidden>
            <Attribute>0</Attribute>
        </Field>
        <Field>
            <Priority>5</Priority>
            <Type>Row</Type>
            <Label>4</Label>
            <Dimension>UNIT_MEASURE</Dimension>
            <Value></Value>
            <Sample></Sample>
            <IsTimeSeries>False</IsTimeSeries>
            <Hidden>False</Hidden>
            <Attribute>0</Attribute>
        </Field>
        <Field>
            <Priority>3</Priority>
            <Type>Row</Type>
            <Label>2</Label>
            <Dimension>TIME_PERIOD</Dimension>
            <Value></Value>
            <Sample></Sample>
            <IsTimeSeries>False</IsTimeSeries>
            <Hidden>False</Hidden>
            <Attribute>0</Attribute>
        </Field>
        <Field>
            <Priority>8</Priority>
            <Type>Value</Type>
            <Label></Label>
            <Dimension>OBS_VALUE</Dimension>
            <Value></Value>
            <Sample></Sample>
            <IsTimeSeries>False</IsTimeSeries>
            <Hidden>False</Hidden>
            <Attribute>0</Attribute>
        </Field>
    </Settings>
</SettingRoot>