{
  "Agencies": [
    {
      "Id": "IT1",
      "Name": {
        "en": "Istat",
        "it": "Istat"
      }
    },
    {
      "Id": "ESTAT",
      "Name": {
        "en": "Eurostat",
        "it": "Eurostat"
      }
    },
    {
      "Id": "OECD",
      "Name": {
        "en": "Organisation for Economic Co-operation and Development",
        "it": "Organizzazione per la cooperazione e lo sviluppo economico (OCSE)"
      }
    },
    {
      "Id": "ECB",
      "Name": {
        "en": "European Central Bank",
        "it": "Banca Centrale Europea (BCE)"
      }
    },
    {
      "Id": "WB",
      "Name": {
        "en": "World Bank",
        "it": "Banca Mondiale"
      }
    },
    {
      "Id": "BIS",
      "Name": {
        "en": "Bank for International Settlements",
        "it": "Banca dei Regolamenti Internazionali"
      }
    },
    {
      "Id": "IMF",
      "Name": {
        "en": "International Monetary Fund",
        "it": "Fondo Monetario Internazionale"
      }
    },
    {
      "Id": "UNSD",
      "Name": {
        "en": "United Nation Statistical Division",
        "it": "Divisione Statistica delle Nazioni Unite"
      }
    },
    {
      "Id": "IAEG-SDGs",
      "Name": {
        "en": "Inter-Agency and Expert Group on SDGs",
        "it": "IAEG-SDGs"
      }
    },
    {
      "Id": "FAO",
      "Name": {
        "en": "Food and Agriculture Organisation",
        "it": "Organizzazione per l'alimentazione e l'agricoltura"
      }
    },
    {
      "Id": "ILO",
      "Name": {
        "en": "International Labour Organization",
        "it": "Organizzazione Internazionale del Lavoro"
      }
    },
    {
      "Id": "UNICEF",
      "Name": {
        "en": "United Nations Children's Fund",
        "it": "Fondo delle Nazioni Unite per l'infanzia"
      }
    },
    {
      "Id": "TN1",
      "Name": {
        "en": "INS Tunisia",
        "it": "Istituto Statistico Tunisia"
      }
    },
    {
      "Id": "BE2",
      "Name": {
        "en": "National Bank of Belgium",
        "it": "Banca Nazionale del Belgio"
      }
    }
  ],
  "ExcludeCodelists": [
    "CL_UPDATE_STATUS",
    "SDMX_M_PERIODS",
    "SDMX_Q_PERIODS",
    "SDMX_S_PERIODS",
    "SDMX_H_PERIODS"
  ],
  "ExcludeConceptSchemes": [
    "COMPONENT_ROLES"
  ],
  "Annotations": {
    "HaveMetadata": {
      "Id": "HAVE_METADATA",
      "Type": "HAVE_METADATA"
    },
    "DDBDataflow": {
      "Id": "DDBDataflow",
      "Type": "DDBDataflow"
    },
    "Metadataset": {
      "Id": "AssociatedMetadataSet",
      "Type": "AssociatedMetadataSet"
    },
    "AssociatedCube": {
      "Id": "AssociatedCube",
      "Type": "AssociatedCube"
    },
    "CustomDSD": {
      "Id": "CustomDSD",
      "Type": "CustomDSD"
    },
    "Changed": {
      "Id": "CHANGED",
      "Type": "CHANGED"
    },
   "LayoutRow": {
      "Id": "LAYOUT_ROW",
      "Type": "LAYOUT_ROW"
    },
    "LayoutColumn": {
      "Id": "LAYOUT_COLUMN",
      "Type": "LAYOUT_COLUMN"
    },
    "LayoutRowSection": {
      "Id": "LAYOUT_ROW_SECTION",
      "Type": "LAYOUT_ROW_SECTION"
    },
    "LayoutFilter": {
      "Id": "LAYOUT_FILTER",
      "Type": "LAYOUT_FILTER"
    },
    "NotDisplayed": {
      "Id": "NOT_DISPLAYED",
      "Type": "NOT_DISPLAYED"
    },
    "FullName": {
      "Id": "FULL_NAME",
      "Type": "FULL_NAME"
    },
    "Default": {
      "Id": "DEFAULT",
      "Type": "DEFAULT",
      "TimePeriodStart": "TIME_PERIOD_START",
      "TimePeriodEnd": "TIME_PERIOD_END",
      "LastNObservation": "LASTNOBSERVATION",
      "LastNPeriod": "LASTNPERIOD"
    },
    "ConceptSchemesOrder": {
      "Id": "ORDER",
      "Type": "ORDER"
    },
    "CategorySchemesOrder": {
      "Id": "ORDER",
      "Type": "ORDER"
    },
    "CodelistsOrder": {
      "Id": "ORDER",
      "Type": "ORDER"
    },
    "CategorisationsOrder": {
      "Id": "ORDER",
      "Type": "ORDER"
    },
    "AttachedFilePath": {
      "Id": "ATTACHED_FILE_PATH",
      "Type": "ATTACHED_FILE_PATH"
    },
    "RestrictedForPublication": {
      "Id": "RESTRICTED_FOR_PUBLICATION",
      "Type": "RESTRICTED_FOR_PUBLICATION"
    },
    "DCAT_IsMultilingual": {
      "Id": "SDMX21_IsMultilingual",
      "Type": "SDMX21_IsMultilingual"
    },
    "CustomIsPresentational": {
      "Id": "CUSTOM_IS_PRESENTATIONAL",
      "Type": "CUSTOM_IS_PRESENTATIONAL"
    },
    "LayoutDataflowKeywords": {
      "Id": "LAYOUT_DATAFLOW_KEYWORDS",
      "Type": "LAYOUT_DATAFLOW_KEYWORDS"
    },
    "LayoutCriteriaSelection": {
      "Id": "LAYOUT_CRITERIA_SELECTION",
      "Type": "LAYOUT_CRITERIA_SELECTION"
    },
    "LayoutAttachedDataFiles": {
      "Id": "LAYOUT_ATTACHED_DATA_FILES",
      "Type": "LAYOUT_ATTACHED_DATA_FILES"
    },
    "LayoutDefaultPresentation": {
      "Id": "LAYOUT_DEFAULT_PRESENTATION",
      "Type": "LAYOUT_DEFAULT_PRESENTATION"
    },
    "LayoutDecimalSeparator": {
      "Id": "LAYOUT_DECIMAL_SEPARATOR",
      "Type": "LAYOUT_DECIMAL_SEPARATOR"
    },
    "LayoutNumberOfDecimals": {
      "Id": "LAYOUT_NUMBER_OF_DECIMALS",
      "Type": "LAYOUT_NUMBER_OF_DECIMALS"
    },
    "LayoutReferenceMetadata": {
      "Id": "LAYOUT_REFERENCE_METADATA",
      "Type": "LAYOUT_REFERENCE_METADATA"
    },
    "LayoutEmptyCellPlaceholder": {
      "Id": "LAYOUT_EMPTY_CELL_PLACEHOLDER",
      "Type": "LAYOUT_EMPTY_CELL_PLACEHOLDER"
    },
    "LayoutDataflowNotes": {
      "Id": "LAYOUT_DATAFLOW_NOTES",
      "Type": "LAYOUT_DATAFLOW_NOTES"
    },
    "LayoutMaxTableCells": {
      "Id": "LAYOUT_MAX_TABLE_CELLS",
      "Type": "LAYOUT_MAX_TABLE_CELLS"
    },
    "LayoutTerritorialDimensionIds": {
      "Id": "LAYOUT_TERRITORIAL_DIMENSION_IDS",
      "Type": "LAYOUT_TERRITORIAL_DIMENSION_IDS"
    },
    "LayoutDataflowSource": {
      "Id": "LAYOUT_DATAFLOW_SOURCE",
      "Type": "LAYOUT_DATAFLOW_SOURCE"
    },
    "LastUpdate": {
      "Id": "LAST_UPDATE",
      "Type": "LAST_UPDATE"
    },
    "LinkedDataflowNode": {
      "Id": "LINEDDATAFLOWNODE",
      "Type": "LINKEDDATAFLOWNODE"
    },
    "DataflowCatalogType": {
      "Id": "DataflowCatalogType",
      "Type": "DataflowCatalogType"
    },
    "LayoutChartPrimaryDim": {
      "Id": "LAYOUTCHARTPRIMARYDIM",
      "Type": "LAYOUTCHARTPRIMARYDIM"
    },
    "LayoutChartSecondaryDim": {
      "Id": "LAYOUTCHARTSECONDARYDIM",
      "Type": "LAYOUTCHARTSECONDARYDIM"
    },
    "LayoutChartFilter": {
      "Id": "LAYOUTCHARTFILTER",
      "Type": "LAYOUTCHARTFILTER"
    },
    "LayoutDataflowHidden": {
      "Id": "DATAFLOW_HIDDEN",
      "Type": "DATAFLOW_HIDDEN"
    },
    "TemporalDimOrder": {
      "Id": "TEMPORAL_DIM_ORDER",
      "Type": "TEMPORAL_DIM_ORDER"
    },
    "DisabledViewers": {
      "Id": "DISABLED_VIEWERS",
      "Type": "DISABLED_VIEWERS"
    },
    "TableLockedDims": {
      "Id": "TABLE_LOCKED_DIMS",
      "Type": "TABLE_LOCKED_DIMS"
    },
    "GraphLockedDims": {
      "Id": "GRAPH_LOCKED_DIMS",
      "Type": "GRAPH_LOCKED_DIMS"
    },
    "HCLReference": {
      "Id": "@SDMX",
      "Type": "HIER_CONTEXT"
    }
	}
}