[
  {
    "id": "Open Street Map",
    "name": {
      "en": "Classic",
      "it": "Classica"
    },
    "type": "xyz",
    "url": "https://{a-c}.tile.openstreetmap.org/{z}/{x}/{y}.png",
    "credits": "© <a rel=\"noopener noreferrer\" target=\"_blank\" href=\"https://www.openstreetmap.org/copyright\" title=\"OpenStreetMap\">OpenStreetMap</a>",
    "divider": true
  },
  {
    "id": "World Imagery",
    "name": {
      "en": "Satellite",
      "it": "Satellitare"
    },
    "url": "https://services.arcgisonline.com/arcgis/rest/services/World_Imagery/MapServer/WMTS",
    "type": "tiled",
    "properties": {
      "LAYER_IDENTIFIER": "World_Imagery"
    },
    "credits": "© <a rel=\"noopener noreferrer\" target=\"_blank\" href=\"https://www.arcgis.com/home/item.html?id=10df2279f9684e4a9f6a7f08febac2a9\" title=\"Esri, Maxar, Earthstar Geographics, USDA FSA, USGS, Aerogrid, IGN, IGP, and the GIS User Community\">Esri, Maxar, Earthstar Geographics, USDA FSA, USGS, Aerogrid, IGN, IGP, and the GIS User Community</a>"
  },
  {
    "id": "CartoDB",
    "name": {
      "en": "Light gray",
      "it": "Grigio chiaro"
    },
    "type": "xyz",
    "url": "http://{a-d}.basemaps.cartocdn.com/light_nolabels/{z}/{x}/{y}.png",
    "srid": "EPSG:3857",
    "credits": "© <a rel=\"noopener noreferrer\" target=\"_blank\" href=\"https://carto.com/\" title=\"CartoDB\">CartoDB</a>"
  },
  {
    "id": "World Light Gray Base",
    "name": {
      "en": "Light gray 2",
      "it": "Grigio chiaro 2"
    },
    "url": "https://services.arcgisonline.com/arcgis/rest/services/Canvas/World_Light_Gray_Base/MapServer/WMTS",
    "type": "tiled",
    "properties": {
      "LAYER_IDENTIFIER": "Canvas_World_Light_Gray_Base"
    },
    "credits": "© <a rel=\"noopener noreferrer\" target=\"_blank\" href=\"https://www.arcgis.com/home/item.html?id=ed712cb1db3e4bae9e85329040fb9a49\" title=\"Esri, HERE, Garmin, OpenStreetMap contributors, and the GIS User Community\">Esri, HERE, Garmin, OpenStreetMap contributors, and the GIS User Community</a>"
  },
  {
    "id": "World Dark Gray Base",
    "name": {
      "en": "Dark gray",
      "it": "Grigio scuro"
    },
    "url": "https://services.arcgisonline.com/arcgis/rest/services/Canvas/World_Dark_Gray_Base/MapServer/WMTS",
    "type": "tiled",
    "properties": {
      "LAYER_IDENTIFIER": "Canvas_World_Dark_Gray_Base"
    },
    "credits": "© <a rel=\"noopener noreferrer\" target=\"_blank\" href=\"https://www.arcgis.com/home/item.html?id=a284a9b99b3446a3910d4144a50990f6\" title=\"Esri, HERE, Garmin, OpenStreetMap contributors, and the GIS User Community\">Esri, HERE, Garmin, OpenStreetMap contributors, and the GIS User Community</a>",
    "divider": true
  },
  {
    "id": "World Navigation Map (Local Language)",
    "name": {
      "en": "Navigation",
      "it": "Navigatore"
    },
    "url": "https://www.arcgis.com/sharing/rest/content/items/72be31d1fa6a42fc895d9a3c0fd8aeef/resources/styles/root.json?f=pjson",
    "type": "tiled_vector",
    "credits": "© <a rel=\"noopener noreferrer\" target=\"_blank\" href=\"https://www.arcgis.com/home/item.html?id=72be31d1fa6a42fc895d9a3c0fd8aeef\" title=\"Esri, HERE, Garmin, FAO, NOAA, USGS, OpenStreetMap contributors, and the GIS User Community\">Esri, HERE, Garmin, FAO, NOAA, USGS, OpenStreetMap contributors, and the GIS User Community</a>"
  },
  {
    "id": "World Street Map (Local Language)",
    "name": {
      "en": "Navigation 2",
      "it": "Navigatore 2"
    },
    "url": "https://www.arcgis.com/sharing/rest/content/items/7549fb39378a485ca0c9d18a2d968c15/resources/styles/root.json?f=pjson",
    "type": "tiled_vector",
    "credits": "© <a rel=\"noopener noreferrer\" target=\"_blank\" href=\"https://www.arcgis.com/home/item.html?id=7549fb39378a485ca0c9d18a2d968c15\" title=\"Esri, HERE, Garmin, FAO, NOAA, USGS, OpenStreetMap contributors, and the GIS User Community\">Esri, HERE, Garmin, FAO, NOAA, USGS, OpenStreetMap contributors, and the GIS User Community</a>"
  },
  {
    "id": "World Street Map (Night - Local Language)",
    "name": {
      "en": "Night navigation",
      "it": "Navigatore notturno"
    },
    "url": "https://www.arcgis.com/sharing/rest/content/items/f3a55a52222341a7aafc793174351bb8/resources/styles/root.json?f=pjson",
    "type": "tiled_vector",
    "credits": "© <a rel=\"noopener noreferrer\" target=\"_blank\" href=\"https://www.arcgis.com/home/item.html?id=f3a55a52222341a7aafc793174351bb8\" title=\"Esri, HERE, Garmin, FAO, NOAA, USGS, OpenStreetMap contributors, and the GIS User Community\">Esri, HERE, Garmin, FAO, NOAA, USGS, OpenStreetMap contributors, and the GIS User Community</a>",
    "divider": true
  },
  {
    "id": "World Topographic Map (Local Language)",
    "name": {
      "en": "Topographic",
      "it": "Topografica"
    },
    "url": "https://www.arcgis.com/sharing/rest/content/items/0f52cd2d17ea4773944a1d0e0fb99ea4/resources/styles/root.json?f=pjson",
    "type": "tiled_vector",
    "credits": "© <a rel=\"noopener noreferrer\" target=\"_blank\" href=\"https://www.arcgis.com/home/item.html?id=0f52cd2d17ea4773944a1d0e0fb99ea4\" title=\"Esri, HERE, Garmin, FAO, NOAA, USGS, OpenStreetMap contributors, and the GIS User Community\">Esri, HERE, Garmin, FAO, NOAA, USGS, OpenStreetMap contributors, and the GIS User Community</a>"
  },
  {
    "id": "World Topo Map",
    "name": {
      "en": "Topographic 2",
      "it": "Topografica 2"
    },
    "url": "https://services.arcgisonline.com/arcgis/rest/services/World_Topo_Map/MapServer/WMTS",
    "type": "tiled",
    "properties": {
      "LAYER_IDENTIFIER": "World_Topo_Map"
    },
    "credits": "© <a rel=\"noopener noreferrer\" target=\"_blank\" href=\"https://www.arcgis.com/home/item.html?id=30e5fe3149c34df1ba922e6f5bbf808f\" title=\"Esri, HERE, Garmin, Intermap, INCREMENT P, GEBCO, USGS, FAO, NPS, NRCAN, GeoBase, IGN, Kadaster NL, Ordnance Survey, Esri Japan, METI, Esri China (Hong Kong), OpenStreetMap contributors, GIS User Community\">Esri, HERE, Garmin, Intermap, INCREMENT P, GEBCO, USGS, FAO, NPS, NRCAN, GeoBase, IGN, Kadaster NL, Ordnance Survey, Esri Japan, METI, Esri China (Hong Kong), OpenStreetMap contributors, GIS User Community</a>",
    "divider": true
  },
  {
    "id": "World Ocean Base",
    "name": {
      "en": "Ocean",
      "it": "Oceani"
    },
    "url": "https://services.arcgisonline.com/arcgis/rest/services/Ocean/World_Ocean_Base/MapServer/WMTS",
    "type": "tiled",
    "properties": {
      "LAYER_IDENTIFIER": "Ocean_World_Ocean_Base"
    },
    "credits": "© <a rel=\"noopener noreferrer\" target=\"_blank\" href=\"https://www.arcgis.com/home/item.html?id=1e126e7520f9466c9ca28b8f28b5e500\" title=\"Esri, GEBCO, NOAA, Garmin, HERE, and other contributors\">Esri, GEBCO, NOAA, Garmin, HERE, and other contributors</a>"
  },
  {
    "id": "NatGeo World Map",
    "name": {
      "en": "Nature",
      "it": "Natura"
    },
    "url": "https://services.arcgisonline.com/arcgis/rest/services/NatGeo_World_Map/MapServer/WMTS",
    "type": "tiled",
    "properties": {
      "LAYER_IDENTIFIER": "NatGeo_World_Map"
    },
    "credits": "© <a rel=\"noopener noreferrer\" target=\"_blank\" href=\"https://www.arcgis.com/home/item.html?id=b9b1b422198944fbbd5250b3241691b6\" title=\"Content may not reflect National Geographic's current map policy. National Geographic, Esri, Garmin, HERE, UNEP-WCMC, USGS, NASA, ESA, METI, NRCAN, GEBCO, NOAA, INCREMENT P\">Content may not reflect National Geographic's current map policy. National Geographic, Esri, Garmin, HERE, UNEP-WCMC, USGS, NASA, ESA, METI, NRCAN, GEBCO, NOAA, INCREMENT P</a>"
  },
  {
    "id": "World physical map",
    "name": {
      "en": "Physical",
      "it": "Fisica"
    },
    "url": "https://services.arcgisonline.com/arcgis/rest/services/World_Physical_Map/MapServer/WMTS",
    "type": "tiled",
    "properties": {
      "LAYER_IDENTIFIER": "World_Physical_Map"
    },
    "credits": "© <a rel=\"noopener noreferrer\" target=\"_blank\" href=\"https://www.arcgis.com/home/item.html?id=5605d19e7fca443492f7cd1b90675a57\" title=\"U.S. National Park Service\">U.S. National Park Service</a>"
  },
  {
    "id": "World shaded relief",
    "name": {
      "en": "Relief",
      "it": "Rilievi"
    },
    "url": "https://services.arcgisonline.com/arcgis/rest/services/World_Shaded_Relief/MapServer/WMTS",
    "type": "tiled",
    "properties": {
      "LAYER_IDENTIFIER": "World_Shaded_Relief"
    },
    "credits": "© <a rel=\"noopener noreferrer\" target=\"_blank\" href=\"https://www.arcgis.com/home/item.html?id=9c5370d0b54f4de1b48a3792d7377ff2\" title=\"2009 Esri\">2009 Esri</a>",
    "divider": true
  },
  {
    "id": "DeLorme World Basemap",
    "name": {
      "en": "Printed",
      "it": "Cartacea"
    },
    "url": "https://server.arcgisonline.com/arcgis/rest/services/Specialty/DeLorme_World_Base_Map/MapServer/WMTS",
    "type": "tiled",
    "properties": {
      "LAYER_IDENTIFIER": "Specialty_DeLorme_World_Base_Map"
    },
    "credits": "© <a rel=\"noopener noreferrer\" target=\"_blank\" href=\"https://www.arcgis.com/home/item.html?id=2bc6e99fcb9640f0aa14aebcbcbaccd9\" title=\"2019 Garmin Ltd. or its Affiliates\">2019 Garmin Ltd. or its Affiliates</a>"
  },
  {
    "id": "World navigation charts",
    "name": {
      "en": "Printed 2",
      "it": "Cartacea 2"
    },
    "url": "https://services.arcgisonline.com/arcgis/rest/services/Specialty/World_Navigation_Charts/MapServer/WMTS",
    "type": "tiled",
    "properties": {
      "LAYER_IDENTIFIER": "Specialty_World_Navigation_Charts"
    },
    "credits": "© <a rel=\"noopener noreferrer\" target=\"_blank\" href=\"https://www.arcgis.com/home/item.html?id=83e5d4e5401143a18b50b853fc63b350\" title=\"2009 East View Cartographic\">2009 East View Cartographic</a>",
    "divider": true
  },
  {
    "id": "Nova",
    "name": {
      "en": "Night",
      "it": "Notturna"
    },
    "url": "https://www.arcgis.com/sharing/rest/content/items/75f4dfdff19e445395653121a95a85db/resources/styles/root.json?f=pjson",
    "type": "tiled_vector",
    "credits": "© <a rel=\"noopener noreferrer\" target=\"_blank\" href=\"https://www.arcgis.com/home/item.html?id=75f4dfdff19e445395653121a95a85db\" title=\"Esri, HERE, Garmin, FAO, NOAA, USGS, OpenStreetMap contributors, and the GIS User Community\">Esri, HERE, Garmin, FAO, NOAA, USGS, OpenStreetMap contributors, and the GIS User Community</a>"
  },
  {
    "id": "Mid-Century",
    "name": {
      "en": "Medieval",
      "it": "Medievale"
    },
    "url": "https://www.arcgis.com/sharing/rest/content/items/7675d44bb1e4428aa2c30a9b68f97822/resources/styles/root.json?f=pjson",
    "type": "tiled_vector",
    "credits": "© <a rel=\"noopener noreferrer\" target=\"_blank\" href=\"https://www.arcgis.com/home/item.html?id=7675d44bb1e4428aa2c30a9b68f97822\" title=\"Esri, HERE, Garmin, FAO, NOAA, USGS, OpenStreetMap contributors, and the GIS User Community\">Esri, HERE, Garmin, FAO, NOAA, USGS, OpenStreetMap contributors, and the GIS User Community</a>"
  },
  {
    "id": "Colored Pencil",
    "name": {
      "en": "Drawing style",
      "it": "Stile disegno"
    },
    "url": "https://www.arcgis.com/sharing/rest/content/items/4cf7e1fb9f254dcda9c8fbadb15cf0f8/resources/styles/root.json?f=pjson",
    "type": "tiled_vector",
    "credits": "© <a rel=\"noopener noreferrer\" target=\"_blank\" href=\"https://www.arcgis.com/home/item.html?id=4cf7e1fb9f254dcda9c8fbadb15cf0f8\" title=\"Esri, HERE, Garmin, FAO, NOAA, USGS, OpenStreetMap contributors, and the GIS User Community\">Esri, HERE, Garmin, FAO, NOAA, USGS, OpenStreetMap contributors, and the GIS User Community</a>"
  },
  {
    "id": "Newspaper",
    "name": {
      "en": "Newspaper style",
      "it": "Stile giornalistico"
    },
    "url": "https://www.arcgis.com/sharing/rest/content/items/dfb04de5f3144a80bc3f9f336228d24a/resources/styles/root.json?f=pjson",
    "type": "tiled_vector",
    "credits": "© <a rel=\"noopener noreferrer\" target=\"_blank\" href=\"https://www.arcgis.com/home/item.html?id=dfb04de5f3144a80bc3f9f336228d24a\" title=\"Esri, HERE, Garmin, FAO, NOAA, USGS, OpenStreetMap contributors, and the GIS User Community\">Esri, HERE, Garmin, FAO, NOAA, USGS, OpenStreetMap contributors, and the GIS User Community</a>"
  },
  {
    "id": "Charted Territory",
    "name": {
      "en": "Political map",
      "it": "Carta politica"
    },
    "url": "https://www.arcgis.com/sharing/rest/content/items/1c365daf37a744fbad748b67aa69dac8/resources/styles/root.json?f=pjson",
    "type": "tiled_vector",
    "credits": "© <a rel=\"noopener noreferrer\" target=\"_blank\" href=\"https://www.arcgis.com/home/item.html?id=1c365daf37a744fbad748b67aa69dac8\" title=\"Esri, HERE, Garmin, FAO, NOAA, USGS, OpenStreetMap contributors, and the GIS User Community\">Esri, HERE, Garmin, FAO, NOAA, USGS, OpenStreetMap contributors, and the GIS User Community</a>"
  },
  {
    "id": "Modern Antique",
    "name": {
      "en": "Antique",
      "it": "Antico"
    },
    "url": "https://www.arcgis.com/sharing/rest/content/items/effe3475f05a4d608e66fd6eeb2113c0/resources/styles/root.json?f=pjson",
    "type": "tiled_vector",
    "credits": "© <a rel=\"noopener noreferrer\" target=\"_blank\" href=\"https://www.arcgis.com/home/item.html?id=effe3475f05a4d608e66fd6eeb2113c0\" title=\"Esri, HERE, Garmin, FAO, NOAA, USGS, OpenStreetMap contributors, and the GIS User Community\">Esri, HERE, Garmin, FAO, NOAA, USGS, OpenStreetMap contributors, and the GIS User Community</a>",
    "divider": true
  },
  {
    "id": "Griglia2015",
    "name": {
      "en": "1KM grid of census population",
      "it": "Griglia 1KM della popolazione censuaria"
    },
    "url": "https://gisportal.istat.it/server/rest/services/griglia/Griglia2015/MapServer/WMTS",
    "type": "tiled",
    "properties": {
      "LAYER_IDENTIFIER": "griglia_Griglia2015"
    },
    "credits": "© <a rel=\"noopener noreferrer\" target=\"_blank\" href=\"https://gisportal.istat.it/server/rest/services/griglia/Griglia2015/MapServer\", title=\"ISTAT\">ISTAT</a>",
    "divider": true
  },
  {
    "id": "Italy Regions",
    "name": {
      "en": "Italy regions",
      "it": "Regioni italiane"
    },
    "url": "./config/wkts/regioni_ita.json",
    "type": "wkt",
    "srid": "EPSG:4326"
  },
  {
    "id": "World Countries",
    "name": {
      "en": "World Countries",
      "it": "Paesi"
    },
    "url": "./config/wkts/world_countries.json",
    "type": "wkt",
    "srid": "EPSG:4326"
  }
]
