﻿ACTIVITY;ADJUSTMENT;FREQ;REF_AREA;INDICATOR;MARKET;TIME_PERIOD;OBS_VALUE
0040;N;M;IT;IND_TURN;D;2018-03;117,9
0040;N;M;IT;IND_TURN;D;2018-04;105,0
0040;N;M;IT;IND_TURN;D;2018-05;123,4
0040;N;M;IT;IND_TURN;D;2018-06;118,6
0040;N;M;IT;IND_TURN;D;2018-07;123,1
0040;N;M;IT;IND_TURN;D;2018-08;66,0
0040;W;M;IT;IND_TURN;D;2018-03;118,2
0040;W;M;IT;IND_TURN;D;2018-04;109,1
0040;W;M;IT;IND_TURN;D;2018-05;121,5
0040;W;M;IT;IND_TURN;D;2018-06;118,0
0040;W;M;IT;IND_TURN;D;2018-07;124,3
0040;W;M;IT;IND_TURN;D;2018-08;65,0
0040;Y;M;IT;IND_TURN;D;2018-03;107,5
0040;Y;M;IT;IND_TURN;D;2018-04;109,5
0040;Y;M;IT;IND_TURN;D;2018-05;110,2
0040;Y;M;IT;IND_TURN;D;2018-06;110,4
0040;Y;M;IT;IND_TURN;D;2018-07;109,3
0040;Y;M;IT;IND_TURN;D;2018-08;110,1
0050;N;M;IT;IND_TURN;D;2018-03;120,1
0050;N;M;IT;IND_TURN;D;2018-04;97,0
0050;N;M;IT;IND_TURN;D;2018-05;117,7
0050;N;M;IT;IND_TURN;D;2018-06;130,9
0050;N;M;IT;IND_TURN;D;2018-07;111,7
0050;N;M;IT;IND_TURN;D;2018-08;62,9
0050;W;M;IT;IND_TURN;D;2018-03;120,5
0050;W;M;IT;IND_TURN;D;2018-04;100,0
0050;W;M;IT;IND_TURN;D;2018-05;116,4
0050;W;M;IT;IND_TURN;D;2018-06;130,5
0050;W;M;IT;IND_TURN;D;2018-07;112,7
0050;W;M;IT;IND_TURN;D;2018-08;62,2
0050;Y;M;IT;IND_TURN;D;2018-03;109,9
0050;Y;M;IT;IND_TURN;D;2018-04;108,5
0050;Y;M;IT;IND_TURN;D;2018-05;108,7
0050;Y;M;IT;IND_TURN;D;2018-06;110,7
0050;Y;M;IT;IND_TURN;D;2018-07;108,0
0050;Y;M;IT;IND_TURN;D;2018-08;106,5
0080;N;M;IT;IND_TURN;D;2018-03;113,9
0080;N;M;IT;IND_TURN;D;2018-04;94,9
0080;N;M;IT;IND_TURN;D;2018-05;108,9
0080;N;M;IT;IND_TURN;D;2018-06;108,0
0080;N;M;IT;IND_TURN;D;2018-07;113,7
0080;N;M;IT;IND_TURN;D;2018-08;87,1
0080;W;M;IT;IND_TURN;D;2018-03;114,2
0080;W;M;IT;IND_TURN;D;2018-04;98,0
0080;W;M;IT;IND_TURN;D;2018-05;107,4
0080;W;M;IT;IND_TURN;D;2018-06;107,5
0080;W;M;IT;IND_TURN;D;2018-07;114,6
0080;W;M;IT;IND_TURN;D;2018-08;85,9
0080;Y;M;IT;IND_TURN;D;2018-03;105,4
0080;Y;M;IT;IND_TURN;D;2018-04;103,3
0080;Y;M;IT;IND_TURN;D;2018-05;105,7
0080;Y;M;IT;IND_TURN;D;2018-06;104,7
0080;Y;M;IT;IND_TURN;D;2018-07;104,2
0080;Y;M;IT;IND_TURN;D;2018-08;105,0
0090;N;M;IT;IND_TURN;D;2018-03;102,1
0090;N;M;IT;IND_TURN;D;2018-04;101,0
0090;N;M;IT;IND_TURN;D;2018-05;108,2
0090;N;M;IT;IND_TURN;D;2018-06;110,5
0090;N;M;IT;IND_TURN;D;2018-07;110,2
0090;N;M;IT;IND_TURN;D;2018-08;105,1
0090;W;M;IT;IND_TURN;D;2018-03;102,2
0090;W;M;IT;IND_TURN;D;2018-04;102,8
0090;W;M;IT;IND_TURN;D;2018-05;107,4
0090;W;M;IT;IND_TURN;D;2018-06;110,2
0090;W;M;IT;IND_TURN;D;2018-07;110,7
0090;W;M;IT;IND_TURN;D;2018-08;104,3
0090;Y;M;IT;IND_TURN;D;2018-03;102,0
0090;Y;M;IT;IND_TURN;D;2018-04;103,1
0090;Y;M;IT;IND_TURN;D;2018-05;109,0
0090;Y;M;IT;IND_TURN;D;2018-06;106,6
0090;Y;M;IT;IND_TURN;D;2018-07;104,1
0090;Y;M;IT;IND_TURN;D;2018-08;105,9
B;N;M;IT;IND_TURN;D;2018-03;84,2
B;N;M;IT;IND_TURN;D;2018-04;90,1
B;N;M;IT;IND_TURN;D;2018-05;75,7
B;N;M;IT;IND_TURN;D;2018-06;92,2
B;N;M;IT;IND_TURN;D;2018-07;96,5
B;N;M;IT;IND_TURN;D;2018-08;76,9
C;N;M;IT;IND_TURN;D;2018-03;116,2
C;N;M;IT;IND_TURN;D;2018-04;99,8
C;N;M;IT;IND_TURN;D;2018-05;116,8
C;N;M;IT;IND_TURN;D;2018-06;118,1
C;N;M;IT;IND_TURN;D;2018-07;116,6
C;N;M;IT;IND_TURN;D;2018-08;75,2
